itp_id,espece,famille,nom_latin,type_planche,semaine_semis,semaine_plantation,semaine_implantation_debut,semaine_implantation_fin,semaine_recolte,semaine_recolte_fin,duree_recolte,duree_pepiniere,duree_culture,nb_rangs,espacement_cm,esp_rangs_cm,dose_semis,implantation,forcage,zone_climat,contexte_climatique,statut_validation,actif,source_reference,source_url,source_record_id,source_version,source_licence,derniere_revision,commentaire_agronome,notes
Acérola (cerise des Antilles) — equatorial,Acérola (cerise des Antilles),Malpighiaceae,Malpighia emarginata,,,15,,,24,,16,,365,,300,,,,,equatorial,,a_revoir,true,,,,,,,,"Plaine littorale de Guyane, chaleur et humidité constantes. Plantation de boutures en début des pluies (avril, ~sem. 15). Plusieurs flushs de fructification par an ; pic principal après les fortes pluies (juin-sept.), dé"
Ail-automne,Ail,Alliaceae,Allium sativum,Plein champ,,46,,,26,,4,,224,2,12,30,,,,,,a_revoir,true,Le Jardinier-Maraîcher (J.-M. Fortier),,,,,2026-05-15T14:20:20.025Z,"Plantation des caieux à l'automne, vernalisation hivernale, récolte juin-juillet (S25-S28). \n Corrigé 2026-05-14 (audit Marc) : récolte était S2 (janvier), aberrant. Source ITAB : ail planté oct → récolte juin/juillet.","Adapté climat France \n Source: ITAB, Standard Climat France (Valable 2026)"
Ail-printemps,Ail,Alliaceae,Allium sativum,Plein champ,,14,,,30,,4,,112,2,12,30,,,,,,a_revoir,true,Le Jardinier-Maraîcher (J.-M. Fortier),,,,,2026-05-15T14:20:20.025Z,"Plantation printanière des caieux, récolte mi-juillet à fin août (S28-S32).","Adapté climat France \n Source: ITAB, Standard Climat France (Valable 2026)"
INRAE-MESCLUN-0008,Ail,Alliaceae,Allium sativum,Sous abri,,44,44,48,27,31,5,,245,,,,,Plantation,false,oceanique,Nord-Ouest,source_documentee,true,INRAE — Pépinière-Mesclun v1.1 · DOI 10.57745/IQVM2I · cycle : FRAB Bretagne,https://entrepot.recherche.data.gouv.fr/dataset.xhtml?persistentId=doi:10.57745/IQVM2I,inrae-mesclun-v1.1-cycles-0008,1.1,Licence Ouverte / Open Licence Etalab 2.0,2026-07-29T00:00:00.000Z,[2026-07-29] Fenêtres importées sans réduction depuis Pépinière-Mesclun v1.1. Culture source : Ail conservation — Ail d’automne sec.,
INRAE-MESCLUN-0009,Ail,Alliaceae,Allium sativum,Plein champ,,40,40,42,27,31,5,,280,,,,,Plantation,false,oceanique,Nord-Ouest,source_documentee,true,INRAE — Pépinière-Mesclun v1.1 · DOI 10.57745/IQVM2I · cycle : FRAB Bretagne,https://entrepot.recherche.data.gouv.fr/dataset.xhtml?persistentId=doi:10.57745/IQVM2I,inrae-mesclun-v1.1-cycles-0009,1.1,Licence Ouverte / Open Licence Etalab 2.0,2026-07-29T00:00:00.000Z,[2026-07-29] Fenêtres importées sans réduction depuis Pépinière-Mesclun v1.1. Culture source : Ail conservation — Ail d’automne sec.,
INRAE-MESCLUN-0010,Ail,Alliaceae,Allium sativum,Plein champ,,44,44,48,29,33,5,,259,,,,,Plantation,false,oceanique,Nord-Ouest,source_documentee,true,INRAE — Pépinière-Mesclun v1.1 · DOI 10.57745/IQVM2I · cycle : FRAB Bretagne,https://entrepot.recherche.data.gouv.fr/dataset.xhtml?persistentId=doi:10.57745/IQVM2I,inrae-mesclun-v1.1-cycles-0010,1.1,Licence Ouverte / Open Licence Etalab 2.0,2026-07-29T00:00:00.000Z,[2026-07-29] Fenêtres importées sans réduction depuis Pépinière-Mesclun v1.1. Culture source : Ail conservation — Ail d’automne sec.,
INRAE-MESCLUN-0011,Ail,Alliaceae,Allium sativum,Sous abri,,3,3,7,29,33,5,,182,,,,,Plantation,false,oceanique,Nord-Ouest,source_documentee,true,INRAE — Pépinière-Mesclun v1.1 · DOI 10.57745/IQVM2I · cycle : FRAB Bretagne,https://entrepot.recherche.data.gouv.fr/dataset.xhtml?persistentId=doi:10.57745/IQVM2I,inrae-mesclun-v1.1-cycles-0011,1.1,Licence Ouverte / Open Licence Etalab 2.0,2026-07-29T00:00:00.000Z,[2026-07-29] Fenêtres importées sans réduction depuis Pépinière-Mesclun v1.1. Culture source : Ail conservation — Ail de printemps sec.,
INRAE-MESCLUN-0012,Ail,Alliaceae,Allium sativum,Plein champ,,3,3,7,31,35,5,,196,,,,,Plantation,false,oceanique,Nord-Ouest,source_documentee,true,INRAE — Pépinière-Mesclun v1.1 · DOI 10.57745/IQVM2I · cycle : FRAB Bretagne,https://entrepot.recherche.data.gouv.fr/dataset.xhtml?persistentId=doi:10.57745/IQVM2I,inrae-mesclun-v1.1-cycles-0012,1.1,Licence Ouverte / Open Licence Etalab 2.0,2026-07-29T00:00:00.000Z,[2026-07-29] Fenêtres importées sans réduction depuis Pépinière-Mesclun v1.1. Culture source : Ail conservation — Ail de printemps sec.,
INRAE-MESCLUN-0013,Ail,Alliaceae,Allium sativum,Sous abri,,44,44,48,11,18,8,,147,,,,,Plantation,false,oceanique,Nord-Ouest,source_documentee,true,INRAE — Pépinière-Mesclun v1.1 · DOI 10.57745/IQVM2I · cycle : FRAB Bretagne,https://entrepot.recherche.data.gouv.fr/dataset.xhtml?persistentId=doi:10.57745/IQVM2I,inrae-mesclun-v1.1-cycles-0013,1.1,Licence Ouverte / Open Licence Etalab 2.0,2026-07-29T00:00:00.000Z,[2026-07-29] Fenêtres importées sans réduction depuis Pépinière-Mesclun v1.1. Culture source : Ail frais — Ail d’automne vert.,
INRAE-MESCLUN-0014,Ail,Alliaceae,Allium sativum,Plein champ,,44,44,48,16,22,7,,175,,,,,Plantation,false,oceanique,Nord-Ouest,source_documentee,true,INRAE — Pépinière-Mesclun v1.1 · DOI 10.57745/IQVM2I · cycle : FRAB Bretagne,https://entrepot.recherche.data.gouv.fr/dataset.xhtml?persistentId=doi:10.57745/IQVM2I,inrae-mesclun-v1.1-cycles-0014,1.1,Licence Ouverte / Open Licence Etalab 2.0,2026-07-29T00:00:00.000Z,[2026-07-29] Fenêtres importées sans réduction depuis Pépinière-Mesclun v1.1. Culture source : Ail frais — Ail d’automne vert.,
INRAE-MESCLUN-0015,Ail,Alliaceae,Allium sativum,Sous abri,,3,3,7,18,22,5,,105,,,,,Plantation,false,oceanique,Nord-Ouest,source_documentee,true,INRAE — Pépinière-Mesclun v1.1 · DOI 10.57745/IQVM2I · cycle : FRAB Bretagne,https://entrepot.recherche.data.gouv.fr/dataset.xhtml?persistentId=doi:10.57745/IQVM2I,inrae-mesclun-v1.1-cycles-0015,1.1,Licence Ouverte / Open Licence Etalab 2.0,2026-07-29T00:00:00.000Z,[2026-07-29] Fenêtres importées sans réduction depuis Pépinière-Mesclun v1.1. Culture source : Ail frais — Ail de printemps vert.,
INRAE-MESCLUN-0016,Ail,Alliaceae,Allium sativum,Plein champ,,3,3,7,20,24,5,,119,,,,,Plantation,false,oceanique,Nord-Ouest,source_documentee,true,INRAE — Pépinière-Mesclun v1.1 · DOI 10.57745/IQVM2I · cycle : FRAB Bretagne,https://entrepot.recherche.data.gouv.fr/dataset.xhtml?persistentId=doi:10.57745/IQVM2I,inrae-mesclun-v1.1-cycles-0016,1.1,Licence Ouverte / Open Licence Etalab 2.0,2026-07-29T00:00:00.000Z,[2026-07-29] Fenêtres importées sans réduction depuis Pépinière-Mesclun v1.1. Culture source : Ail frais — Ail de printemps vert.,
Ananas — antilles,Ananas,Bromeliaceae,Ananas comosus,,,24,,,26,,8,,600,,40,,,,,tropical_antilles,,a_revoir,true,,,,,,,,"Plantation des rejets en début d'hivernage (juin, sem. 24) pour profiter des pluies d'installation ; enracinement facile sans arrosage lourd. Floraison naturelle pendant le carême frais (déc.-janv.), récolte l'année suiv"
Ananas — austral,Ananas,Bromeliaceae,Ananas comosus,,,42,,,49,,6,,510,,35,,,,,tropical_austral,,a_revoir,true,,,,,,,,"Plantation des rejets en début de saison chaude et humide (octobre, S42) pour un enracinement avant les pluies d'été. Récolte principale de l'ananas Victoria groupée en été austral (novembre-janvier, pic S49) 15 à 18 moi"
Ananas — equatorial,Ananas,Bromeliaceae,Ananas comosus,,,16,,,32,,6,,500,,35,,,,,equatorial,,a_revoir,true,,,,,,,,"Guyane, plaine littorale (0-50 m), sols ferralitiques acides bien drainés, pluvio 2500-3500 mm/an. Plantation des rejets en début de grande saison des pluies (avril, ~sem. 16) pour un bon enracinement. La floraison natur"
Aneth,Aneth,Apiaceae,Anethum graveolens,Plein champ,15,,,,27,,4,,84,3,18,27,,,,,,a_revoir,true,ITAB Guides Légumes Bio (T1+T2) ; semencemag.fr (SNHF) ; Semailles densités semis,,,,,2026-05-15T14:00:05.379Z,"Aromatique semis direct ou godet. Sol drainé, exposition ensoleillée. Récolte échelonnée des feuilles fraîches.","Adapté climat France \n Source: ITAB, Standard Climat France (Valable 2026)"
Arbre à pain — antilles,Arbre à pain,Moraceae,Artocarpus altilis,,,25,,,28,,16,,1460,,1100,,,,,tropical_antilles,,a_revoir,true,,,,,,,,"Grand arbre à réserver aux grandes parcelles. Récolte principale en hivernage (juillet-octobre, S28-42) + fructification secondaire en carême. Strictement tropical, gélif. Plantation début hivernage."
Arbre à pain — austral,Arbre à pain,Moraceae,Artocarpus altilis,,,46,,,48,,20,,1460,,900,,,,,tropical_austral,,a_revoir,true,,,,,,,,"Saison principale en plein été austral (nov.-avril) avec une seconde production plus faible. Espèce pilier des jardins polynésiens et wallisiens ; plantation par drageons au début des pluies, sols profonds et humides."
Arbre à pain — equatorial,Arbre à pain,Moraceae,Artocarpus altilis,,,15,,,6,,16,,1460,,1000,,,,,equatorial,,a_revoir,true,,,,,,,,"Multiplication par rejets racinaires (cultivars sans graines). Grand arbre : prévoir 10 m. Récolte principale en début d'année (fév-mai), seconde vague plus faible en cours d'année. Fruit consommé cuit (féculent). Très p"
INRAE-MESCLUN-0017,Artichaut,Asteraceae,Cynara scolymus,Plein champ,,9,9,22,,,,,,,,,,Plantation,false,oceanique,Nord-Ouest,source_documentee,true,INRAE — Pépinière-Mesclun v1.1 · DOI 10.57745/IQVM2I · cycle : FRAB Bretagne (Fiche),https://entrepot.recherche.data.gouv.fr/dataset.xhtml?persistentId=doi:10.57745/IQVM2I,inrae-mesclun-v1.1-cycles-0017,1.1,Licence Ouverte / Open Licence Etalab 2.0,2026-07-29T00:00:00.000Z,[2026-07-29] Fenêtres importées sans réduction depuis Pépinière-Mesclun v1.1. Culture source : Artichaut.,"Implantation : Traditionnel, drageons \n Récolte : Première récolte en année 1 de semaine 31 à 44; en année 2 de semaine 22 à 35; en année 3 de semaine 22 à 27"
INRAE-MESCLUN-0018,Artichaut,Asteraceae,Cynara scolymus,Plein champ,,22,22,31,,,,,,,,,,Plantation,false,oceanique,Nord-Ouest,source_documentee,true,INRAE — Pépinière-Mesclun v1.1 · DOI 10.57745/IQVM2I · cycle : FRAB Bretagne (Fiche),https://entrepot.recherche.data.gouv.fr/dataset.xhtml?persistentId=doi:10.57745/IQVM2I,inrae-mesclun-v1.1-cycles-0018,1.1,Licence Ouverte / Open Licence Etalab 2.0,2026-07-29T00:00:00.000Z,[2026-07-29] Fenêtres importées sans réduction depuis Pépinière-Mesclun v1.1. Culture source : Artichaut.,"Implantation : Plantation tardive, drageons \n Récolte : Pas de récolte en année 1; récolte de semaine 16 à 27 en année 2; de semaine 22 à 31 en année 3"
INRAE-MESCLUN-0019,Asperge,Asparagaceae,Asparagus officinalis,Plein champ,,9,9,14,,,,,,,,,,Plantation,false,oceanique,Nord-Ouest,source_documentee,true,INRAE — Pépinière-Mesclun v1.1 · DOI 10.57745/IQVM2I · cycle : FRAB Bretagne (Fiche),https://entrepot.recherche.data.gouv.fr/dataset.xhtml?persistentId=doi:10.57745/IQVM2I,inrae-mesclun-v1.1-cycles-0019,1.1,Licence Ouverte / Open Licence Etalab 2.0,2026-07-29T00:00:00.000Z,[2026-07-29] Fenêtres importées sans réduction depuis Pépinière-Mesclun v1.1. Culture source : Asperge.,"Récolte : Pas de récolte en année 1 et 2; première récolte en année 3 de semaine 14 à 22; en année 4 et plus, récolte de semaine 14 à 24.. On peut aller jusqu'à 10-20 ans."
Aubergine — antilles,Aubergine,Solanaceae,Solanum melongena,,6,,,,20,,12,,100,,60,,,,,tropical_antilles,,a_revoir,true,,,,,,,,"Semis en pépinière en carême, repiquage à l'entrée des pluies pour une production étalée sur l'hivernage. Culture gourmande en azote et en eau ; forte pression des ravageurs (doryphore tropical, acariens, mouches) à surv"
Aubergine-plein-champ,Aubergine,Solanaceae,Solanum melongena,,6,21,,,32,,12,91,77,1,63,94,,,,,,a_revoir,true,ITAB Guides Légumes Bio (T1+T2) ; semencemag.fr (SNHF) ; Semailles densités semis,,,,,2026-05-15T14:20:20.025Z, \n [2026-05-14] Aubergine : espacement arrondi 63 → 60 cm.,"Adapté climat France \n Source: ITAB, Standard Climat France (Valable 2026)"
Aubergine-serre,Aubergine,Solanaceae,Solanum melongena,Sous abri,5,14,,,24,,18,60,130,1,63,94,,,,,,a_revoir,true,ITAB Guides Légumes Bio (T1+T2) ; semencemag.fr (SNHF) ; Semailles densités semis,,,,,2026-05-15T14:20:20.025Z, \n [2026-05-14] Aubergine : espacement arrondi 63 → 60 cm.,"Adapté climat France \n Source: ITAB, Standard Climat France (Valable 2026)"
INRAE-MESCLUN-0020,Aubergine,Solanaceae,Solanum melongena,Sous abri,,16,16,18,27,42,16,,126,,,,,Plantation,false,oceanique,Nord-Ouest,source_documentee,true,INRAE — Pépinière-Mesclun v1.1 · DOI 10.57745/IQVM2I · cycle : FRAB Bretagne,https://entrepot.recherche.data.gouv.fr/dataset.xhtml?persistentId=doi:10.57745/IQVM2I,inrae-mesclun-v1.1-cycles-0020,1.1,Licence Ouverte / Open Licence Etalab 2.0,2026-07-29T00:00:00.000Z,[2026-07-29] Fenêtres importées sans réduction depuis Pépinière-Mesclun v1.1. Culture source : Aubergine — Aubergine.,
INRAE-MESCLUN-0021,Aubergine,Solanaceae,Solanum melongena,Sous abri,,18,18,20,29,44,16,,126,,,,,Plantation,false,oceanique,Nord-Ouest,source_documentee,true,INRAE — Pépinière-Mesclun v1.1 · DOI 10.57745/IQVM2I · cycle : FRAB Bretagne,https://entrepot.recherche.data.gouv.fr/dataset.xhtml?persistentId=doi:10.57745/IQVM2I,inrae-mesclun-v1.1-cycles-0021,1.1,Licence Ouverte / Open Licence Etalab 2.0,2026-07-29T00:00:00.000Z,[2026-07-29] Fenêtres importées sans réduction depuis Pépinière-Mesclun v1.1. Culture source : Aubergine — Aubergine.,
INRAE-MESCLUN-0022,Aubergine,Solanaceae,Solanum melongena,Sous abri,,11,11,14,22,42,21,,133,,,,,Plantation,true,oceanique,Nord-Ouest,source_documentee,true,INRAE — Pépinière-Mesclun v1.1 · DOI 10.57745/IQVM2I · cycle : FRAB Bretagne,https://entrepot.recherche.data.gouv.fr/dataset.xhtml?persistentId=doi:10.57745/IQVM2I,inrae-mesclun-v1.1-cycles-0022,1.1,Licence Ouverte / Open Licence Etalab 2.0,2026-07-29T00:00:00.000Z,[2026-07-29] Fenêtres importées sans réduction depuis Pépinière-Mesclun v1.1. Culture source : Aubergine — Aubergine greffée.,
Avocatier — antilles,Avocatier,Lauraceae,Persea americana,,,25,,,26,,16,,1095,,700,,,,,tropical_antilles,,a_revoir,true,,,,,,,,"Privilégier la race antillaise (tolérante à la chaleur et à l'humidité) plutôt que mexicaine. Récolte juin-octobre (S26-42), en hivernage. Plantation début hivernage. Craint l'asphyxie racinaire : sol drainant."
Avocatier — austral,Avocatier,Lauraceae,Persea americana,,,46,,,16,,20,,1460,,700,,,,,tropical_austral,,a_revoir,true,,,,,,,,"À la Réunion, la récolte s'étale sur l'hiver austral (avril à septembre) selon les variétés, ce qui approvisionne le marché à contre-saison de l'hémisphère nord. Plantation en début de pluies sur sol drainant, à l'abri d"
Avocatier — equatorial,Avocatier,Lauraceae,Persea americana,,,15,,,28,,18,,1095,,800,,,,,equatorial,,a_revoir,true,,,,,,,,"Utiliser impérativement des variétés de race antillaise (ex. 'Pollock', 'Simmonds'), tolérantes à la chaleur et à l'humidité ; les races mexicaines/guatémaltèques supportent mal le climat équatorial. Récolte principale j"
Bananier — equatorial,Bananier,Musaceae,Musa acuminata (AAA),,,14,,,8,,40,,330,,280,,,,,equatorial,,a_revoir,true,,,,,,,,"Plantation possible quasi toute l'année ; caler l'installation du rejet sur l'entrée des pluies (avril) pour l'enracinement. Après établissement, régimes échelonnés toute l'année. Forte exigence en azote et potasse ; pai"
Bananier plantain — antilles,Bananier plantain,Musaceae,Musa spp.,,,24,,,28,,52,,390,,250,,,,,tropical_antilles,,a_revoir,true,,,,,,,,Culture phare Guadeloupe/Martinique. Plantation idéale début hivernage (S24) pour couvrir la phase végétative gourmande en eau. Production continue toute l'année une fois la bananeraie installée ; rendement indiqué par r
Bananier plantain — austral,Bananier plantain,Musaceae,Musa spp.,,,44,,,40,,52,,330,,250,,,,,tropical_austral,,a_revoir,true,,,,,,,,Production quasi continue à l'échelle de la bananeraie : la semaine de récolte indiquée est théorique (10-12 mois après plantation). Plantation idéale en début de saison des pluies pour couvrir la phase de croissance. Fo
Bananier plantain — equatorial,Bananier plantain,Musaceae,Musa spp.,,,14,,,20,,40,,390,,300,,,,,equatorial,,a_revoir,true,,,,,,,,"Installer les rejets à l'entrée des pluies (sem.14). Écartement plus large que le bananier dessert (pseudo-troncs plus hauts). Récolte du régime au stade 'grain plein' avant maturité. Cultivars locaux robustes ('Corne', "
Basilic-plein-champ,Basilic,Lamiaceae,Ocimum basilicum,,14,21,,,26,,4,,35,2,20,30,,,,,,a_revoir,true,Le Jardinier-Maraîcher (J.-M. Fortier),,,,,2026-05-15T14:20:20.025Z,"Basilic : semis pépinière mars, plantation mi-mai après derniers gels, récolte juin à octobre (jusqu'aux premières gelées).","Adapté climat France \n Source: ITAB, Standard Climat France (Valable 2026)"
Basilic-serre,Basilic,Lamiaceae,Ocimum basilicum,Sous abri,10,16,,,22,,4,56,42,2,20,30,,,,,,a_revoir,true,Le Jardinier-Maraîcher (J.-M. Fortier),,,,,2026-05-15T14:20:20.025Z,"Basilic : semis pépinière mars, plantation mi-mai après derniers gels, récolte juin à octobre (jusqu'aux premières gelées).","Adapté climat France \n Source: ITAB, Standard Climat France (Valable 2026)"
INRAE-MESCLUN-0023,Basilic,Lamiaceae,Ocimum basilicum,Sous abri,,16,16,18,22,31,10,,70,,,,,Plantation,false,oceanique,Nord-Ouest,source_documentee,true,INRAE — Pépinière-Mesclun v1.1 · DOI 10.57745/IQVM2I · cycle : FRAB Bretagne,https://entrepot.recherche.data.gouv.fr/dataset.xhtml?persistentId=doi:10.57745/IQVM2I,inrae-mesclun-v1.1-cycles-0023,1.1,Licence Ouverte / Open Licence Etalab 2.0,2026-07-29T00:00:00.000Z,[2026-07-29] Fenêtres importées sans réduction depuis Pépinière-Mesclun v1.1. Culture source : Basilic — Basilic.,
INRAE-MESCLUN-0024,Basilic,Lamiaceae,Ocimum basilicum,Sous abri,,20,20,22,27,33,7,,63,,,,,Plantation,false,oceanique,Nord-Ouest,source_documentee,true,INRAE — Pépinière-Mesclun v1.1 · DOI 10.57745/IQVM2I · cycle : FRAB Bretagne,https://entrepot.recherche.data.gouv.fr/dataset.xhtml?persistentId=doi:10.57745/IQVM2I,inrae-mesclun-v1.1-cycles-0024,1.1,Licence Ouverte / Open Licence Etalab 2.0,2026-07-29T00:00:00.000Z,[2026-07-29] Fenêtres importées sans réduction depuis Pépinière-Mesclun v1.1. Culture source : Basilic — Basilic.,
INRAE-MESCLUN-0025,Basilic,Lamiaceae,Ocimum basilicum,Sous abri,,24,24,27,31,40,10,,70,,,,,Plantation,false,oceanique,Nord-Ouest,source_documentee,true,INRAE — Pépinière-Mesclun v1.1 · DOI 10.57745/IQVM2I · cycle : FRAB Bretagne,https://entrepot.recherche.data.gouv.fr/dataset.xhtml?persistentId=doi:10.57745/IQVM2I,inrae-mesclun-v1.1-cycles-0025,1.1,Licence Ouverte / Open Licence Etalab 2.0,2026-07-29T00:00:00.000Z,[2026-07-29] Fenêtres importées sans réduction depuis Pépinière-Mesclun v1.1. Culture source : Basilic — Basilic.,
INRAE-MESCLUN-0026,Basilic,Lamiaceae,Ocimum basilicum,Sous abri,,29,29,31,35,44,10,,70,,,,,Plantation,false,oceanique,Nord-Ouest,source_documentee,true,INRAE — Pépinière-Mesclun v1.1 · DOI 10.57745/IQVM2I · cycle : FRAB Bretagne,https://entrepot.recherche.data.gouv.fr/dataset.xhtml?persistentId=doi:10.57745/IQVM2I,inrae-mesclun-v1.1-cycles-0026,1.1,Licence Ouverte / Open Licence Etalab 2.0,2026-07-29T00:00:00.000Z,[2026-07-29] Fenêtres importées sans réduction depuis Pépinière-Mesclun v1.1. Culture source : Basilic — Basilic.,
Betterave-automne,Betterave,Amaranthaceae,Beta vulgaris,Sous abri,33,,,,45,,4,,84,2,20,30,5,,,,,a_revoir,true,ITAB Guides Légumes Bio (T1+T2) ; semencemag.fr (SNHF) ; Semailles densités semis,,,,,2026-05-15T14:00:05.379Z,"Semis direct, racine pivot — ne pas repiquer. Éclaircir à 5-8 cm. Récolte 60-80 jours selon variété.","Adapté climat France \n Source: ITAB, Standard Climat France (Valable 2026)"
Betterave-printemps,Betterave,Amaranthaceae,Beta vulgaris,Plein champ,10,,,,22,,4,,84,2,20,30,5,,,,,a_revoir,true,ITAB Guides Légumes Bio (T1+T2) ; semencemag.fr (SNHF) ; Semailles densités semis,,,,,2026-05-15T14:00:05.379Z,"Semis direct, racine pivot — ne pas repiquer. Éclaircir à 5-8 cm. Récolte 60-80 jours selon variété.","Adapté climat France \n Source: ITAB, Standard Climat France (Valable 2026)"
INRAE-MESCLUN-0027,Betterave,Amaranthaceae,Beta vulgaris,Plein champ,20,,20,24,35,52,18,,154,,,,,Semis,false,oceanique,Nord-Ouest,source_documentee,true,INRAE — Pépinière-Mesclun v1.1 · DOI 10.57745/IQVM2I · cycle : FRAB Bretagne,https://entrepot.recherche.data.gouv.fr/dataset.xhtml?persistentId=doi:10.57745/IQVM2I,inrae-mesclun-v1.1-cycles-0027,1.1,Licence Ouverte / Open Licence Etalab 2.0,2026-07-29T00:00:00.000Z,[2026-07-29] Fenêtres importées sans réduction depuis Pépinière-Mesclun v1.1. Culture source : Betterave conservation — Betterave saison.,
INRAE-MESCLUN-0028,Betterave,Amaranthaceae,Beta vulgaris,Sous abri,,5,5,7,18,22,5,,98,,,,,Plantation,true,oceanique,Nord-Ouest,source_documentee,true,INRAE — Pépinière-Mesclun v1.1 · DOI 10.57745/IQVM2I · cycle : FRAB Bretagne,https://entrepot.recherche.data.gouv.fr/dataset.xhtml?persistentId=doi:10.57745/IQVM2I,inrae-mesclun-v1.1-cycles-0028,1.1,Licence Ouverte / Open Licence Etalab 2.0,2026-07-29T00:00:00.000Z,[2026-07-29] Fenêtres importées sans réduction depuis Pépinière-Mesclun v1.1. Culture source : Betterave frais — Betterave botte.,
INRAE-MESCLUN-0029,Betterave,Amaranthaceae,Beta vulgaris,Sous abri,,42,42,44,14,18,5,,175,,,,,Plantation,true,oceanique,Nord-Ouest,source_documentee,true,INRAE — Pépinière-Mesclun v1.1 · DOI 10.57745/IQVM2I · cycle : FRAB Bretagne,https://entrepot.recherche.data.gouv.fr/dataset.xhtml?persistentId=doi:10.57745/IQVM2I,inrae-mesclun-v1.1-cycles-0029,1.1,Licence Ouverte / Open Licence Etalab 2.0,2026-07-29T00:00:00.000Z,[2026-07-29] Fenêtres importées sans réduction depuis Pépinière-Mesclun v1.1. Culture source : Betterave frais — Betterave botte.,
INRAE-MESCLUN-0030,Betterave,Amaranthaceae,Beta vulgaris,Plein champ,,11,11,14,22,27,6,,84,,,,,Plantation,true,oceanique,Nord-Ouest,source_documentee,true,INRAE — Pépinière-Mesclun v1.1 · DOI 10.57745/IQVM2I · cycle : FRAB Bretagne,https://entrepot.recherche.data.gouv.fr/dataset.xhtml?persistentId=doi:10.57745/IQVM2I,inrae-mesclun-v1.1-cycles-0030,1.1,Licence Ouverte / Open Licence Etalab 2.0,2026-07-29T00:00:00.000Z,[2026-07-29] Fenêtres importées sans réduction depuis Pépinière-Mesclun v1.1. Culture source : Betterave frais — Betterave botte.,
INRAE-MESCLUN-0031,Betterave,Amaranthaceae,Beta vulgaris,Plein champ,14,,14,16,27,35,9,,112,,,,,Semis,false,oceanique,Nord-Ouest,source_documentee,true,INRAE — Pépinière-Mesclun v1.1 · DOI 10.57745/IQVM2I · cycle : FRAB Bretagne,https://entrepot.recherche.data.gouv.fr/dataset.xhtml?persistentId=doi:10.57745/IQVM2I,inrae-mesclun-v1.1-cycles-0031,1.1,Licence Ouverte / Open Licence Etalab 2.0,2026-07-29T00:00:00.000Z,[2026-07-29] Fenêtres importées sans réduction depuis Pépinière-Mesclun v1.1. Culture source : Betterave frais — Betterave botte été.,
Blette-ete,Blette,Amaranthaceae,Beta vulgaris var. cicla,Plein champ,23,,,,35,,4,,84,2,35,52,3,,,,,a_revoir,true,ITAB Guides Légumes Bio (T1+T2) ; semencemag.fr (SNHF) ; Semailles densités semis,,,,,2026-05-15T14:00:05.379Z,"Semis direct, racine pivot — ne pas repiquer. Éclaircir à 5-8 cm. Récolte 60-80 jours selon variété.","Adapté climat France \n Source: ITAB, Standard Climat France (Valable 2026)"
Blette-printemps,Blette,Amaranthaceae,Beta vulgaris var. cicla,Plein champ,14,,,,26,,4,,84,2,35,52,3,,,,,a_revoir,true,ITAB Guides Légumes Bio (T1+T2) ; semencemag.fr (SNHF) ; Semailles densités semis,,,,,2026-05-15T14:00:05.379Z,"Semis direct, racine pivot — ne pas repiquer. Éclaircir à 5-8 cm. Récolte 60-80 jours selon variété.","Adapté climat France \n Source: ITAB, Standard Climat France (Valable 2026)"
INRAE-MESCLUN-0032,Blette,Amaranthaceae,Beta vulgaris var. cicla,Sous abri,,35,35,37,44,18,27,,147,,,,,Plantation,false,oceanique,Nord-Ouest,source_documentee,true,INRAE — Pépinière-Mesclun v1.1 · DOI 10.57745/IQVM2I · cycle : FRAB Bretagne,https://entrepot.recherche.data.gouv.fr/dataset.xhtml?persistentId=doi:10.57745/IQVM2I,inrae-mesclun-v1.1-cycles-0032,1.1,Licence Ouverte / Open Licence Etalab 2.0,2026-07-29T00:00:00.000Z,[2026-07-29] Fenêtres importées sans réduction depuis Pépinière-Mesclun v1.1. Culture source : Blette — Blette.,
INRAE-MESCLUN-0033,Blette,Amaranthaceae,Beta vulgaris var. cicla,Plein champ,,11,11,14,20,29,10,,84,,,,,Plantation,false,oceanique,Nord-Ouest,source_documentee,true,INRAE — Pépinière-Mesclun v1.1 · DOI 10.57745/IQVM2I · cycle : FRAB Bretagne,https://entrepot.recherche.data.gouv.fr/dataset.xhtml?persistentId=doi:10.57745/IQVM2I,inrae-mesclun-v1.1-cycles-0033,1.1,Licence Ouverte / Open Licence Etalab 2.0,2026-07-29T00:00:00.000Z,[2026-07-29] Fenêtres importées sans réduction depuis Pépinière-Mesclun v1.1. Culture source : Blette — Blette.,
Bourrache,Bourrache,Boraginaceae,Borago officinalis,,10,,,,22,,4,,84,1,44,66,,,,,,a_revoir,true,ITAB Guides Légumes Bio (T1+T2) ; semencemag.fr (SNHF) ; Semailles densités semis,,,,,2026-05-15T14:00:05.379Z,"Fleur compagne — semis direct ou godet selon espèce. Attire les pollinisateurs, fait office de plante-piège pour les pucerons.","Adapté climat France \n Source: ITAB, Standard Climat France (Valable 2026)"
Brède mafane — austral,Brède mafane,Asteraceae,Acmella oleracea,,38,42,,,48,,4,,60,,25,,,,,tropical_austral,,a_revoir,true,,,,,,,,Semis quasi toute l'année en zone chaude ; croissance plus vigoureuse à la saison chaude. Récolte rapide des feuilles et capitules. Aime les sols frais et riches en matière organique ; arroser régulièrement en saison sèc
Brède mafane — equatorial,Brède mafane,Asteraceae,Acmella oleracea,,10,14,,,20,,8,,55,,30,,,,,equatorial,,a_revoir,true,,,,,,,,Semis/repiquage en saison humide (mars-avril) sur sol frais et riche en matière organique ; besoins en eau réguliers. Cultivable toute l'année si arrosage. Récolte échelonnée des jeunes feuilles et capitules.
Brède morelle — austral,Brède morelle,Solanaceae,Solanum americanum,,42,,,,50,,6,,50,,30,,,,,tropical_austral,,a_revoir,true,,,,,,,,Semis échelonnés possibles quasi toute l'année ; démarrage plus rapide en saison chaude. Récolte des feuilles avant montaison ; ne consommer que les feuilles cuites (baies vertes toxiques). Se ressème seule facilement da
Capucine,Capucine,Tropaeolaceae,Tropaeolum majus,,16,,,,28,,4,,84,2,30,45,,,,,,a_revoir,true,ITAB Guides Légumes Bio (T1+T2) ; semencemag.fr (SNHF) ; Semailles densités semis,,,,,2026-05-15T14:00:05.379Z,"Fleur compagne — semis direct ou godet selon espèce. Attire les pollinisateurs, fait office de plante-piège pour les pucerons.","Adapté climat France \n Source: ITAB, Standard Climat France (Valable 2026)"
Carambole — antilles,Carambole,Oxalidaceae,Averrhoa carambola,,,25,,,30,,24,,1095,,600,,,,,tropical_antilles,,a_revoir,true,,,,,,,,"Tropical, plusieurs cycles par an ; récolte étalée avec pics en hivernage. Fruits fragiles à récolter à maturité. Plantation début hivernage. Aime l'humidité régulière."
Carambole — austral,Carambole,Oxalidaceae,Averrhoa carambola,,,46,,,6,,20,,900,,500,,,,,tropical_austral,,a_revoir,true,,,,,,,,"Grâce à ses floraisons successives, la carambole produit sur une large fenêtre, avec un pic en fin d'été / automne austral (fév.-mai). À installer à l'abri du vent, en zone chaude et humide."
Carambole — equatorial,Carambole,Oxalidaceae,Averrhoa carambola,,,15,,,18,,30,,1095,,550,,,,,equatorial,,a_revoir,true,,,,,,,,Plusieurs flushes de floraison par an ; récolte étalée avec pics. Arbre très fertile une fois adulte (jusqu'à 100 kg). Préférer variétés douces greffées. Fruits fragiles à récolter à maturité. Bien tolérant à l'humidité
INRAE-MESCLUN-0039,Cardon,Asteraceae,Cynara cardunculus,Plein champ,20,,20,22,42,50,9,,175,,,,,Semis,false,oceanique,Nord-Ouest,source_documentee,true,INRAE — Pépinière-Mesclun v1.1 · DOI 10.57745/IQVM2I · cycle : Ferme Sainte Marthe,https://entrepot.recherche.data.gouv.fr/dataset.xhtml?persistentId=doi:10.57745/IQVM2I,inrae-mesclun-v1.1-cycles-0039,1.1,Licence Ouverte / Open Licence Etalab 2.0,2026-07-29T00:00:00.000Z,[2026-07-29] Fenêtres importées sans réduction depuis Pépinière-Mesclun v1.1. Culture source : Cardon.,
Carotte-automne-conservation-serre,Carotte,Apiaceae,Daucus carota,Sous abri,32,,,,2,,4,,98,3,10,15,3,,,,,a_revoir,true,MSV (Maraîchage sur Sol Vivant),,,,,2026-05-15T14:20:20.025Z,"Carotte d'automne sous tunnel : semis août, récolte octobre-novembre.","Adapté climat France \n Source: ITAB, Standard Climat France (Valable 2026)"
Carotte-ete-conservation-plein-champ,Carotte,Apiaceae,Daucus carota,Plein champ,24,,,,40,,4,,112,3,10,15,3,,,,,a_revoir,true,Le Jardinier-Maraîcher (J.-M. Fortier),,,,,2026-05-15T14:20:20.025Z,"Carotte de conservation : semis fin juin (S24), récolte octobre (S40), conservation hivernale.","Adapté climat France \n Source: ITAB, Standard Climat France (Valable 2026)"
Carotte-printemps-plein-champ,Carotte,Apiaceae,Daucus carota,Plein champ,12,,,,28,,4,,98,3,10,15,3,,,,,a_revoir,true,Le Jardinier-Maraîcher (J.-M. Fortier),,,,,2026-05-15T14:20:20.025Z,"Carotte de printemps en pleine terre : semis mars-avril, récolte juin-juillet.","Adapté climat France \n Source: ITAB, Standard Climat France (Valable 2026)"
Carotte-printemps-serre,Carotte,Apiaceae,Daucus carota,Sous abri,5,,,,19,,4,,98,3,10,15,3,,,,,a_revoir,true,MSV (Maraîchage sur Sol Vivant),,,,,2026-05-15T14:20:20.025Z,"Carotte précoce sous tunnel/serre : semis février, récolte mai (S19).","Adapté climat France \n Source: ITAB, Standard Climat France (Valable 2026)"
INRAE-MESCLUN-0040,Carotte,Apiaceae,Daucus carota,Plein champ,20,,20,27,35,52,18,,140,,,,,Semis,false,oceanique,Nord-Ouest,source_documentee,true,INRAE — Pépinière-Mesclun v1.1 · DOI 10.57745/IQVM2I · cycle : FRAB Bretagne,https://entrepot.recherche.data.gouv.fr/dataset.xhtml?persistentId=doi:10.57745/IQVM2I,inrae-mesclun-v1.1-cycles-0040,1.1,Licence Ouverte / Open Licence Etalab 2.0,2026-07-29T00:00:00.000Z,[2026-07-29] Fenêtres importées sans réduction depuis Pépinière-Mesclun v1.1. Culture source : Carotte conservation — Carotte conservation.,
INRAE-MESCLUN-0041,Carotte,Apiaceae,Daucus carota,Sous abri,9,,9,11,24,29,6,,119,,,,,Semis,true,oceanique,Nord-Ouest,source_documentee,true,INRAE — Pépinière-Mesclun v1.1 · DOI 10.57745/IQVM2I · cycle : FRAB Bretagne,https://entrepot.recherche.data.gouv.fr/dataset.xhtml?persistentId=doi:10.57745/IQVM2I,inrae-mesclun-v1.1-cycles-0041,1.1,Licence Ouverte / Open Licence Etalab 2.0,2026-07-29T00:00:00.000Z,[2026-07-29] Fenêtres importées sans réduction depuis Pépinière-Mesclun v1.1. Culture source : Carotte frais — Carotte botte.,
INRAE-MESCLUN-0042,Carotte,Apiaceae,Daucus carota,Sous abri,42,,42,46,14,18,5,,168,,,,,Semis,true,oceanique,Nord-Ouest,source_documentee,true,INRAE — Pépinière-Mesclun v1.1 · DOI 10.57745/IQVM2I · cycle : FRAB Bretagne,https://entrepot.recherche.data.gouv.fr/dataset.xhtml?persistentId=doi:10.57745/IQVM2I,inrae-mesclun-v1.1-cycles-0042,1.1,Licence Ouverte / Open Licence Etalab 2.0,2026-07-29T00:00:00.000Z,[2026-07-29] Fenêtres importées sans réduction depuis Pépinière-Mesclun v1.1. Culture source : Carotte frais — Carotte botte.,
INRAE-MESCLUN-0043,Carotte,Apiaceae,Daucus carota,Sous abri,50,,50,3,18,24,7,,140,,,,,Semis,true,oceanique,Nord-Ouest,source_documentee,true,INRAE — Pépinière-Mesclun v1.1 · DOI 10.57745/IQVM2I · cycle : FRAB Bretagne,https://entrepot.recherche.data.gouv.fr/dataset.xhtml?persistentId=doi:10.57745/IQVM2I,inrae-mesclun-v1.1-cycles-0043,1.1,Licence Ouverte / Open Licence Etalab 2.0,2026-07-29T00:00:00.000Z,[2026-07-29] Fenêtres importées sans réduction depuis Pépinière-Mesclun v1.1. Culture source : Carotte frais — Carotte botte.,
INRAE-MESCLUN-0044,Carotte,Apiaceae,Daucus carota,Plein champ,14,,14,16,29,33,5,,112,,,,,Semis,false,oceanique,Nord-Ouest,source_documentee,true,INRAE — Pépinière-Mesclun v1.1 · DOI 10.57745/IQVM2I · cycle : FRAB Bretagne,https://entrepot.recherche.data.gouv.fr/dataset.xhtml?persistentId=doi:10.57745/IQVM2I,inrae-mesclun-v1.1-cycles-0044,1.1,Licence Ouverte / Open Licence Etalab 2.0,2026-07-29T00:00:00.000Z,[2026-07-29] Fenêtres importées sans réduction depuis Pépinière-Mesclun v1.1. Culture source : Carotte frais — Carotte botte.,
INRAE-MESCLUN-0045,Carotte,Apiaceae,Daucus carota,Plein champ,18,,18,20,33,37,5,,112,,,,,Semis,false,oceanique,Nord-Ouest,source_documentee,true,INRAE — Pépinière-Mesclun v1.1 · DOI 10.57745/IQVM2I · cycle : FRAB Bretagne,https://entrepot.recherche.data.gouv.fr/dataset.xhtml?persistentId=doi:10.57745/IQVM2I,inrae-mesclun-v1.1-cycles-0045,1.1,Licence Ouverte / Open Licence Etalab 2.0,2026-07-29T00:00:00.000Z,[2026-07-29] Fenêtres importées sans réduction depuis Pépinière-Mesclun v1.1. Culture source : Carotte frais — Carotte botte.,
INRAE-MESCLUN-0051,Cerfeuil tubéreux,Apiaceae,Chaerophyllum bulbosum,Plein champ,44,,44,1,24,29,6,,210,,,,,Semis,false,oceanique,Nord-Ouest,a_revoir,false,INRAE — Pépinière-Mesclun v1.1 · DOI 10.57745/IQVM2I · cycle : Ferme Sainte Marthe,https://entrepot.recherche.data.gouv.fr/dataset.xhtml?persistentId=doi:10.57745/IQVM2I,inrae-mesclun-v1.1-cycles-0051,1.1,Licence Ouverte / Open Licence Etalab 2.0,2026-07-29T00:00:00.000Z,"[2026-07-29] Fenêtres importées sans réduction depuis Pépinière-Mesclun v1.1. Culture source : Cerfeuil tubéreux. ANOMALIE SOURCE : Une ou plusieurs semaines publiées sont hors de l’intervalle ISO 1–52. Scénario conservé pour audit mais désactivé. Valeurs publiées : {""implantationDebut"":44,""implantationFin"":53,""recolteDebut"":24,""recolteFin"":29}.",
INRAE-MESCLUN-0052,Cerfeuil tubéreux,Apiaceae,Chaerophyllum bulbosum,Plein champ,5,,5,14,24,29,6,,119,,,,,Semis,false,oceanique,Nord-Ouest,source_documentee,true,INRAE — Pépinière-Mesclun v1.1 · DOI 10.57745/IQVM2I · cycle : Ferme Sainte Marthe,https://entrepot.recherche.data.gouv.fr/dataset.xhtml?persistentId=doi:10.57745/IQVM2I,inrae-mesclun-v1.1-cycles-0052,1.1,Licence Ouverte / Open Licence Etalab 2.0,2026-07-29T00:00:00.000Z,[2026-07-29] Fenêtres importées sans réduction depuis Pépinière-Mesclun v1.1. Culture source : Cerfeuil tubéreux.,Implantation : Itinéraire avec passage des graines au froid pour gertmination
Chicoree-frisee-printemps,Chicorée frisée,Asteraceae,Cichorium endivia,Plein champ,16,,,,28,,4,,84,2,30,45,,,,,,a_revoir,true,ITAB Guides Légumes Bio (T1+T2) ; semencemag.fr (SNHF) ; Semailles densités semis,,,,,2026-05-15T14:00:05.379Z,"Plant à godet 3 semaines puis transplantation. Récolte échelonnée, sol drainé, exposition mi-ombre acceptée.","Adapté climat France \n Source: ITAB, Standard Climat France (Valable 2026)"
INRAE-MESCLUN-0053,Chicorée frisée,Asteraceae,Cichorium endivia,Sous abri,,5,5,7,14,20,7,,77,,,,,Plantation,true,oceanique,Nord-Ouest,source_documentee,true,INRAE — Pépinière-Mesclun v1.1 · DOI 10.57745/IQVM2I · cycle : FRAB Bretagne,https://entrepot.recherche.data.gouv.fr/dataset.xhtml?persistentId=doi:10.57745/IQVM2I,inrae-mesclun-v1.1-cycles-0053,1.1,Licence Ouverte / Open Licence Etalab 2.0,2026-07-29T00:00:00.000Z,[2026-07-29] Fenêtres importées sans réduction depuis Pépinière-Mesclun v1.1. Culture source : Chicorée frisée-scarole — Chicorée scarole et frisée.,
INRAE-MESCLUN-0054,Chicorée frisée,Asteraceae,Cichorium endivia,Sous abri,,37,37,40,46,5,12,,91,,,,,Plantation,true,oceanique,Nord-Ouest,source_documentee,true,INRAE — Pépinière-Mesclun v1.1 · DOI 10.57745/IQVM2I · cycle : FRAB Bretagne,https://entrepot.recherche.data.gouv.fr/dataset.xhtml?persistentId=doi:10.57745/IQVM2I,inrae-mesclun-v1.1-cycles-0054,1.1,Licence Ouverte / Open Licence Etalab 2.0,2026-07-29T00:00:00.000Z,[2026-07-29] Fenêtres importées sans réduction depuis Pépinière-Mesclun v1.1. Culture source : Chicorée frisée-scarole — Chicorée scarole et frisée.,
INRAE-MESCLUN-0055,Chicorée frisée,Asteraceae,Cichorium endivia,Sous abri,,42,42,44,5,14,10,,133,,,,,Plantation,true,oceanique,Nord-Ouest,source_documentee,true,INRAE — Pépinière-Mesclun v1.1 · DOI 10.57745/IQVM2I · cycle : FRAB Bretagne,https://entrepot.recherche.data.gouv.fr/dataset.xhtml?persistentId=doi:10.57745/IQVM2I,inrae-mesclun-v1.1-cycles-0055,1.1,Licence Ouverte / Open Licence Etalab 2.0,2026-07-29T00:00:00.000Z,[2026-07-29] Fenêtres importées sans réduction depuis Pépinière-Mesclun v1.1. Culture source : Chicorée frisée-scarole — Chicorée scarole et frisée.,
INRAE-MESCLUN-0056,Chicorée frisée,Asteraceae,Cichorium endivia,Plein champ,,11,11,14,20,24,5,,63,,,,,Plantation,false,oceanique,Nord-Ouest,source_documentee,true,INRAE — Pépinière-Mesclun v1.1 · DOI 10.57745/IQVM2I · cycle : FRAB Bretagne,https://entrepot.recherche.data.gouv.fr/dataset.xhtml?persistentId=doi:10.57745/IQVM2I,inrae-mesclun-v1.1-cycles-0056,1.1,Licence Ouverte / Open Licence Etalab 2.0,2026-07-29T00:00:00.000Z,[2026-07-29] Fenêtres importées sans réduction depuis Pépinière-Mesclun v1.1. Culture source : Chicorée frisée-scarole — Chicorée scarole et frisée.,
INRAE-MESCLUN-0057,Chicorée frisée,Asteraceae,Cichorium endivia,Plein champ,,33,33,35,42,52,11,,91,,,,,Plantation,false,oceanique,Nord-Ouest,source_documentee,true,INRAE — Pépinière-Mesclun v1.1 · DOI 10.57745/IQVM2I · cycle : FRAB Bretagne,https://entrepot.recherche.data.gouv.fr/dataset.xhtml?persistentId=doi:10.57745/IQVM2I,inrae-mesclun-v1.1-cycles-0057,1.1,Licence Ouverte / Open Licence Etalab 2.0,2026-07-29T00:00:00.000Z,[2026-07-29] Fenêtres importées sans réduction depuis Pépinière-Mesclun v1.1. Culture source : Chicorée frisée-scarole — Chicorée scarole et frisée.,
Chicoree-sauvage-ete,Chicorée sauvage,Asteraceae,Cichorium intybus,Plein champ,22,,,,34,,4,,84,2,30,45,,,,,,a_revoir,true,ITAB Guides Légumes Bio (T1+T2) ; semencemag.fr (SNHF) ; Semailles densités semis,,,,,2026-05-15T14:00:05.379Z,"Plant à godet 3 semaines puis transplantation. Récolte échelonnée, sol drainé, exposition mi-ombre acceptée.","Adapté climat France \n Source: ITAB, Standard Climat France (Valable 2026)"
Chou-ete,Chou,Brassicaceae,Brassica oleracea,Plein champ,14,18,,,26,,4,,84,1,50,75,,,,,,a_revoir,true,ITAB Guides Légumes Bio (T1+T2) ; semencemag.fr (SNHF) ; Semailles densités semis,,,,,2026-05-15T14:00:05.379Z,Plant repiqué après les dernières gelées. Famille des Brassicacées — éviter retour sous 4 ans (hernie du chou).,"Adapté climat France \n Source: ITAB, Standard Climat France (Valable 2026)"
Chou-brocoli-ete,Chou brocoli,Brassicaceae,Brassica oleracea var. italica,Plein champ,14,18,,,26,,6,28,84,1,50,75,,,,,,a_revoir,true,ITAB - Fiches techniques crucifères,,,,,2026-05-15T14:20:20.025Z,"Cycle 90-120 jours. Semis avril, plantation mai, récolte fin juin à fin juillet.","Adapté climat France \n Source: ITAB, Standard Climat France (Valable 2026)"
INRAE-MESCLUN-0034,Chou brocoli,Brassicaceae,Brassica oleracea var. italica,Sous abri,,5,5,7,16,20,5,,84,,,,,Plantation,true,oceanique,Nord-Ouest,source_documentee,true,INRAE — Pépinière-Mesclun v1.1 · DOI 10.57745/IQVM2I · cycle : FRAB Bretagne,https://entrepot.recherche.data.gouv.fr/dataset.xhtml?persistentId=doi:10.57745/IQVM2I,inrae-mesclun-v1.1-cycles-0034,1.1,Licence Ouverte / Open Licence Etalab 2.0,2026-07-29T00:00:00.000Z,[2026-07-29] Fenêtres importées sans réduction depuis Pépinière-Mesclun v1.1. Culture source : Brocoli — Choux brocoli.,
INRAE-MESCLUN-0035,Chou brocoli,Brassicaceae,Brassica oleracea var. italica,Sous abri,,9,9,11,20,24,5,,84,,,,,Plantation,true,oceanique,Nord-Ouest,source_documentee,true,INRAE — Pépinière-Mesclun v1.1 · DOI 10.57745/IQVM2I · cycle : FRAB Bretagne,https://entrepot.recherche.data.gouv.fr/dataset.xhtml?persistentId=doi:10.57745/IQVM2I,inrae-mesclun-v1.1-cycles-0035,1.1,Licence Ouverte / Open Licence Etalab 2.0,2026-07-29T00:00:00.000Z,[2026-07-29] Fenêtres importées sans réduction depuis Pépinière-Mesclun v1.1. Culture source : Brocoli — Choux brocoli.,
INRAE-MESCLUN-0036,Chou brocoli,Brassicaceae,Brassica oleracea var. italica,Plein champ,,11,11,20,22,33,12,,84,,,,,Plantation,false,oceanique,Nord-Ouest,source_documentee,true,INRAE — Pépinière-Mesclun v1.1 · DOI 10.57745/IQVM2I · cycle : FRAB Bretagne,https://entrepot.recherche.data.gouv.fr/dataset.xhtml?persistentId=doi:10.57745/IQVM2I,inrae-mesclun-v1.1-cycles-0036,1.1,Licence Ouverte / Open Licence Etalab 2.0,2026-07-29T00:00:00.000Z,[2026-07-29] Fenêtres importées sans réduction depuis Pépinière-Mesclun v1.1. Culture source : Brocoli — Choux brocoli.,
INRAE-MESCLUN-0037,Chou brocoli,Brassicaceae,Brassica oleracea var. italica,Plein champ,,20,20,31,33,46,14,,98,,,,,Plantation,false,oceanique,Nord-Ouest,source_documentee,true,INRAE — Pépinière-Mesclun v1.1 · DOI 10.57745/IQVM2I · cycle : FRAB Bretagne,https://entrepot.recherche.data.gouv.fr/dataset.xhtml?persistentId=doi:10.57745/IQVM2I,inrae-mesclun-v1.1-cycles-0037,1.1,Licence Ouverte / Open Licence Etalab 2.0,2026-07-29T00:00:00.000Z,[2026-07-29] Fenêtres importées sans réduction depuis Pépinière-Mesclun v1.1. Culture source : Brocoli — Choux brocoli.,
INRAE-MESCLUN-0038,Chou brocoli,Brassicaceae,Brassica oleracea var. italica,Plein champ,,20,20,31,33,48,16,,105,,,,,Plantation,false,oceanique,Nord-Ouest,source_documentee,true,INRAE — Pépinière-Mesclun v1.1 · DOI 10.57745/IQVM2I · cycle : FRAB Bretagne,https://entrepot.recherche.data.gouv.fr/dataset.xhtml?persistentId=doi:10.57745/IQVM2I,inrae-mesclun-v1.1-cycles-0038,1.1,Licence Ouverte / Open Licence Etalab 2.0,2026-07-29T00:00:00.000Z,[2026-07-29] Fenêtres importées sans réduction depuis Pépinière-Mesclun v1.1. Culture source : Brocoli — Choux brocoli.,
Chou-bruxelles-ete,Chou de Bruxelles,Brassicaceae,Brassica oleracea var. gemmifera,Plein champ,16,22,,,44,,16,42,84,1,57,85,,,,,,a_revoir,true,ITAB - Fiches techniques crucifères,,,,,2026-05-15T14:20:20.025Z,"Semis avril-mai en pépinière, plantation mai-juin, récolte novembre-février (S44 -> S08 année suivante).","Adapté climat France \n Source: ITAB, Standard Climat France (Valable 2026)"
INRAE-MESCLUN-0080,Chou de Bruxelles,Brassicaceae,Brassica oleracea var. gemmifera,Plein champ,,20,20,22,40,52,13,,175,,,,,Plantation,false,oceanique,Nord-Ouest,source_documentee,true,INRAE — Pépinière-Mesclun v1.1 · DOI 10.57745/IQVM2I · cycle : FRAB Bretagne,https://entrepot.recherche.data.gouv.fr/dataset.xhtml?persistentId=doi:10.57745/IQVM2I,inrae-mesclun-v1.1-cycles-0080,1.1,Licence Ouverte / Open Licence Etalab 2.0,2026-07-29T00:00:00.000Z,[2026-07-29] Fenêtres importées sans réduction depuis Pépinière-Mesclun v1.1. Culture source : Chou de Bruxelles — choux de bruxelles.,
INRAE-MESCLUN-0081,Chou de Bruxelles,Brassicaceae,Brassica oleracea var. gemmifera,Plein champ,,24,24,27,44,5,14,,175,,,,,Plantation,false,oceanique,Nord-Ouest,source_documentee,true,INRAE — Pépinière-Mesclun v1.1 · DOI 10.57745/IQVM2I · cycle : FRAB Bretagne,https://entrepot.recherche.data.gouv.fr/dataset.xhtml?persistentId=doi:10.57745/IQVM2I,inrae-mesclun-v1.1-cycles-0081,1.1,Licence Ouverte / Open Licence Etalab 2.0,2026-07-29T00:00:00.000Z,[2026-07-29] Fenêtres importées sans réduction depuis Pépinière-Mesclun v1.1. Culture source : Chou de Bruxelles — choux de bruxelles.,Récolte : Récolte qui peut s'échelonner sur la période selon variétés
INRAE-MESCLUN-0082,Chou de Bruxelles,Brassicaceae,Brassica oleracea var. gemmifera,Plein champ,,27,27,29,48,9,14,,189,,,,,Plantation,false,oceanique,Nord-Ouest,source_documentee,true,INRAE — Pépinière-Mesclun v1.1 · DOI 10.57745/IQVM2I · cycle : FRAB Bretagne,https://entrepot.recherche.data.gouv.fr/dataset.xhtml?persistentId=doi:10.57745/IQVM2I,inrae-mesclun-v1.1-cycles-0082,1.1,Licence Ouverte / Open Licence Etalab 2.0,2026-07-29T00:00:00.000Z,[2026-07-29] Fenêtres importées sans réduction depuis Pépinière-Mesclun v1.1. Culture source : Chou de Bruxelles — choux de bruxelles.,Récolte : Récolte qui peut s'échelonner sur la période selon variétés
INRAE-MESCLUN-0083,Chou de Bruxelles,Brassicaceae,Brassica oleracea var. gemmifera,Plein champ,,27,27,29,48,11,16,,196,,,,,Plantation,false,oceanique,Nord-Ouest,source_documentee,true,INRAE — Pépinière-Mesclun v1.1 · DOI 10.57745/IQVM2I · cycle : FRAB Bretagne,https://entrepot.recherche.data.gouv.fr/dataset.xhtml?persistentId=doi:10.57745/IQVM2I,inrae-mesclun-v1.1-cycles-0083,1.1,Licence Ouverte / Open Licence Etalab 2.0,2026-07-29T00:00:00.000Z,[2026-07-29] Fenêtres importées sans réduction depuis Pépinière-Mesclun v1.1. Culture source : Chou de Bruxelles — choux de bruxelles.,Récolte : Récolte qui peut s'échelonner sur la période selon variétés
Chou-chinois-ete,Chou de Chine,Brassicaceae,Brassica rapa subsp. pekinensis,Plein champ,23,27,,,35,,4,,84,1,50,75,,,,,,a_revoir,true,ITAB Guides Légumes Bio (T1+T2) ; semencemag.fr (SNHF) ; Semailles densités semis,,,,,2026-05-15T14:00:05.379Z,Plant repiqué après les dernières gelées. Famille des Brassicacées — éviter retour sous 4 ans (hernie du chou).,"Adapté climat France \n Source: ITAB, Standard Climat France (Valable 2026)"
INRAE-MESCLUN-0066,Chou de Chine,Brassicaceae,Brassica rapa subsp. pekinensis,Sous abri,,9,9,11,16,20,5,,56,,,,,Plantation,false,oceanique,Nord-Ouest,source_documentee,true,INRAE — Pépinière-Mesclun v1.1 · DOI 10.57745/IQVM2I · cycle : FRAB Bretagne,https://entrepot.recherche.data.gouv.fr/dataset.xhtml?persistentId=doi:10.57745/IQVM2I,inrae-mesclun-v1.1-cycles-0066,1.1,Licence Ouverte / Open Licence Etalab 2.0,2026-07-29T00:00:00.000Z,[2026-07-29] Fenêtres importées sans réduction depuis Pépinière-Mesclun v1.1. Culture source : Chou chinois — Choux chinois Pack Choï.,
INRAE-MESCLUN-0067,Chou de Chine,Brassicaceae,Brassica rapa subsp. pekinensis,Sous abri,,35,35,37,44,52,9,,84,,,,,Plantation,false,oceanique,Nord-Ouest,source_documentee,true,INRAE — Pépinière-Mesclun v1.1 · DOI 10.57745/IQVM2I · cycle : FRAB Bretagne,https://entrepot.recherche.data.gouv.fr/dataset.xhtml?persistentId=doi:10.57745/IQVM2I,inrae-mesclun-v1.1-cycles-0067,1.1,Licence Ouverte / Open Licence Etalab 2.0,2026-07-29T00:00:00.000Z,[2026-07-29] Fenêtres importées sans réduction depuis Pépinière-Mesclun v1.1. Culture source : Chou chinois — Choux chinois Pack Choï.,
INRAE-MESCLUN-0068,Chou de Chine,Brassicaceae,Brassica rapa subsp. pekinensis,Sous abri,5,,5,7,14,18,5,,70,,,,,Semis,true,oceanique,Nord-Ouest,a_revoir,false,INRAE — Pépinière-Mesclun v1.1 · DOI 10.57745/IQVM2I · cycle : FRAB Bretagne,https://entrepot.recherche.data.gouv.fr/dataset.xhtml?persistentId=doi:10.57745/IQVM2I,inrae-mesclun-v1.1-cycles-0068,1.1,Licence Ouverte / Open Licence Etalab 2.0,2026-07-29T00:00:00.000Z,"[2026-07-29] Fenêtres importées sans réduction depuis Pépinière-Mesclun v1.1. Culture source : Chou chinois — Choux chinois Pack Choï. ANOMALIE SOURCE : Une ou plusieurs semaines publiées sont hors de l’intervalle ISO 1–52. Scénario conservé pour audit mais désactivé. Valeurs publiées : {""implantationDebut"":57,""implantationFin"":59,""recolteDebut"":14,""recolteFin"":18}.",
INRAE-MESCLUN-0069,Chou de Chine,Brassicaceae,Brassica rapa subsp. pekinensis,Sous abri,5,,5,7,14,18,5,,70,,,,,Semis et implantation,true,oceanique,Nord-Ouest,source_documentee,true,INRAE — Pépinière-Mesclun v1.1 · DOI 10.57745/IQVM2I · cycle : FRAB Bretagne,https://entrepot.recherche.data.gouv.fr/dataset.xhtml?persistentId=doi:10.57745/IQVM2I,inrae-mesclun-v1.1-cycles-0069,1.1,Licence Ouverte / Open Licence Etalab 2.0,2026-07-29T00:00:00.000Z,[2026-07-29] Fenêtres importées sans réduction depuis Pépinière-Mesclun v1.1. Culture source : Chou chinois — Choux chinois Pack Choï.,
INRAE-MESCLUN-0070,Chou de Chine,Brassicaceae,Brassica rapa subsp. pekinensis,Plein champ,,14,14,16,20,24,5,,49,,,,,Plantation,false,oceanique,Nord-Ouest,source_documentee,true,INRAE — Pépinière-Mesclun v1.1 · DOI 10.57745/IQVM2I · cycle : FRAB Bretagne,https://entrepot.recherche.data.gouv.fr/dataset.xhtml?persistentId=doi:10.57745/IQVM2I,inrae-mesclun-v1.1-cycles-0070,1.1,Licence Ouverte / Open Licence Etalab 2.0,2026-07-29T00:00:00.000Z,[2026-07-29] Fenêtres importées sans réduction depuis Pépinière-Mesclun v1.1. Culture source : Chou chinois — Choux chinois Pack Choï.,
INRAE-MESCLUN-0071,Chou de Chine,Brassicaceae,Brassica rapa subsp. pekinensis,Plein champ,,31,31,33,35,40,6,,42,,,,,Plantation,false,oceanique,Nord-Ouest,source_documentee,true,INRAE — Pépinière-Mesclun v1.1 · DOI 10.57745/IQVM2I · cycle : FRAB Bretagne,https://entrepot.recherche.data.gouv.fr/dataset.xhtml?persistentId=doi:10.57745/IQVM2I,inrae-mesclun-v1.1-cycles-0071,1.1,Licence Ouverte / Open Licence Etalab 2.0,2026-07-29T00:00:00.000Z,[2026-07-29] Fenêtres importées sans réduction depuis Pépinière-Mesclun v1.1. Culture source : Chou chinois — Choux chinois Pack Choï.,
INRAE-MESCLUN-0072,Chou de Chine,Brassicaceae,Brassica rapa subsp. pekinensis,Plein champ,,33,33,35,40,46,7,,63,,,,,Plantation,false,oceanique,Nord-Ouest,source_documentee,true,INRAE — Pépinière-Mesclun v1.1 · DOI 10.57745/IQVM2I · cycle : FRAB Bretagne,https://entrepot.recherche.data.gouv.fr/dataset.xhtml?persistentId=doi:10.57745/IQVM2I,inrae-mesclun-v1.1-cycles-0072,1.1,Licence Ouverte / Open Licence Etalab 2.0,2026-07-29T00:00:00.000Z,[2026-07-29] Fenêtres importées sans réduction depuis Pépinière-Mesclun v1.1. Culture source : Chou chinois — Choux chinois Pack Choï.,
INRAE-MESCLUN-0073,Chou de Chine,Brassicaceae,Brassica rapa subsp. pekinensis,Sous abri,,9,9,11,18,22,5,,70,,,,,Plantation,false,oceanique,Nord-Ouest,source_documentee,true,INRAE — Pépinière-Mesclun v1.1 · DOI 10.57745/IQVM2I · cycle : FRAB Bretagne,https://entrepot.recherche.data.gouv.fr/dataset.xhtml?persistentId=doi:10.57745/IQVM2I,inrae-mesclun-v1.1-cycles-0073,1.1,Licence Ouverte / Open Licence Etalab 2.0,2026-07-29T00:00:00.000Z,[2026-07-29] Fenêtres importées sans réduction depuis Pépinière-Mesclun v1.1. Culture source : Chou chinois — Choux chinois Pet Saï.,
INRAE-MESCLUN-0074,Chou de Chine,Brassicaceae,Brassica rapa subsp. pekinensis,Sous abri,,35,35,37,46,5,12,,112,,,,,Plantation,false,oceanique,Nord-Ouest,source_documentee,true,INRAE — Pépinière-Mesclun v1.1 · DOI 10.57745/IQVM2I · cycle : FRAB Bretagne,https://entrepot.recherche.data.gouv.fr/dataset.xhtml?persistentId=doi:10.57745/IQVM2I,inrae-mesclun-v1.1-cycles-0074,1.1,Licence Ouverte / Open Licence Etalab 2.0,2026-07-29T00:00:00.000Z,[2026-07-29] Fenêtres importées sans réduction depuis Pépinière-Mesclun v1.1. Culture source : Chou chinois — Choux chinois Pet Saï.,
INRAE-MESCLUN-0075,Chou de Chine,Brassicaceae,Brassica rapa subsp. pekinensis,Sous abri,5,,5,7,16,20,5,,84,,,,,Semis,true,oceanique,Nord-Ouest,a_revoir,false,INRAE — Pépinière-Mesclun v1.1 · DOI 10.57745/IQVM2I · cycle : FRAB Bretagne,https://entrepot.recherche.data.gouv.fr/dataset.xhtml?persistentId=doi:10.57745/IQVM2I,inrae-mesclun-v1.1-cycles-0075,1.1,Licence Ouverte / Open Licence Etalab 2.0,2026-07-29T00:00:00.000Z,"[2026-07-29] Fenêtres importées sans réduction depuis Pépinière-Mesclun v1.1. Culture source : Chou chinois — Choux chinois Pet Saï. ANOMALIE SOURCE : Une ou plusieurs semaines publiées sont hors de l’intervalle ISO 1–52. Scénario conservé pour audit mais désactivé. Valeurs publiées : {""implantationDebut"":57,""implantationFin"":59,""recolteDebut"":16,""recolteFin"":20}.",
INRAE-MESCLUN-0076,Chou de Chine,Brassicaceae,Brassica rapa subsp. pekinensis,Sous abri,5,,5,7,16,20,5,,84,,,,,Semis et implantation,true,oceanique,Nord-Ouest,source_documentee,true,INRAE — Pépinière-Mesclun v1.1 · DOI 10.57745/IQVM2I · cycle : FRAB Bretagne,https://entrepot.recherche.data.gouv.fr/dataset.xhtml?persistentId=doi:10.57745/IQVM2I,inrae-mesclun-v1.1-cycles-0076,1.1,Licence Ouverte / Open Licence Etalab 2.0,2026-07-29T00:00:00.000Z,[2026-07-29] Fenêtres importées sans réduction depuis Pépinière-Mesclun v1.1. Culture source : Chou chinois — Choux chinois Pet Saï.,
INRAE-MESCLUN-0077,Chou de Chine,Brassicaceae,Brassica rapa subsp. pekinensis,Plein champ,,14,14,16,22,27,6,,70,,,,,Plantation,false,oceanique,Nord-Ouest,source_documentee,true,INRAE — Pépinière-Mesclun v1.1 · DOI 10.57745/IQVM2I · cycle : FRAB Bretagne,https://entrepot.recherche.data.gouv.fr/dataset.xhtml?persistentId=doi:10.57745/IQVM2I,inrae-mesclun-v1.1-cycles-0077,1.1,Licence Ouverte / Open Licence Etalab 2.0,2026-07-29T00:00:00.000Z,[2026-07-29] Fenêtres importées sans réduction depuis Pépinière-Mesclun v1.1. Culture source : Chou chinois — Choux chinois Pet Saï.,
INRAE-MESCLUN-0078,Chou de Chine,Brassicaceae,Brassica rapa subsp. pekinensis,Plein champ,,31,31,33,37,42,6,,56,,,,,Plantation,false,oceanique,Nord-Ouest,source_documentee,true,INRAE — Pépinière-Mesclun v1.1 · DOI 10.57745/IQVM2I · cycle : FRAB Bretagne,https://entrepot.recherche.data.gouv.fr/dataset.xhtml?persistentId=doi:10.57745/IQVM2I,inrae-mesclun-v1.1-cycles-0078,1.1,Licence Ouverte / Open Licence Etalab 2.0,2026-07-29T00:00:00.000Z,[2026-07-29] Fenêtres importées sans réduction depuis Pépinière-Mesclun v1.1. Culture source : Chou chinois — Choux chinois Pet Saï.,
INRAE-MESCLUN-0079,Chou de Chine,Brassicaceae,Brassica rapa subsp. pekinensis,Plein champ,,33,33,35,42,48,7,,77,,,,,Plantation,false,oceanique,Nord-Ouest,source_documentee,true,INRAE — Pépinière-Mesclun v1.1 · DOI 10.57745/IQVM2I · cycle : FRAB Bretagne,https://entrepot.recherche.data.gouv.fr/dataset.xhtml?persistentId=doi:10.57745/IQVM2I,inrae-mesclun-v1.1-cycles-0079,1.1,Licence Ouverte / Open Licence Etalab 2.0,2026-07-29T00:00:00.000Z,[2026-07-29] Fenêtres importées sans réduction depuis Pépinière-Mesclun v1.1. Culture source : Chou chinois — Choux chinois Pet Saï.,
Chou-frise-ete,Chou frisé,Brassicaceae,Brassica oleracea var. acephala,Plein champ,14,18,,,26,,4,,84,1,50,75,,,,,,a_revoir,true,ITAB Guides Légumes Bio (T1+T2) ; semencemag.fr (SNHF) ; Semailles densités semis,,,,,2026-05-15T14:00:05.379Z,Plant repiqué après les dernières gelées. Famille des Brassicacées — éviter retour sous 4 ans (hernie du chou).,"Adapté climat France \n Source: ITAB, Standard Climat France (Valable 2026)"
INRAE-MESCLUN-0084,Chou frisé,Brassicaceae,Brassica oleracea var. acephala,Plein champ,,27,27,29,44,18,27,,203,,,,,Plantation,false,oceanique,Nord-Ouest,source_documentee,true,INRAE — Pépinière-Mesclun v1.1 · DOI 10.57745/IQVM2I · cycle : FRAB Bretagne,https://entrepot.recherche.data.gouv.fr/dataset.xhtml?persistentId=doi:10.57745/IQVM2I,inrae-mesclun-v1.1-cycles-0084,1.1,Licence Ouverte / Open Licence Etalab 2.0,2026-07-29T00:00:00.000Z,[2026-07-29] Fenêtres importées sans réduction depuis Pépinière-Mesclun v1.1. Culture source : Chou de Milan - frisé pommé — Choux de Milan.,Récolte : Récolte qui peut s'échelonner sur la période selon variétés
Chou-kale-ete,Chou kale,Brassicaceae,Brassica oleracea var. acephala,,16,20,,,28,,4,,84,1,50,75,,,,,,a_revoir,true,ITAB Guides Légumes Bio (T1+T2) ; semencemag.fr (SNHF) ; Semailles densités semis,,,,,2026-05-15T14:00:05.379Z,Plant repiqué après les dernières gelées. Famille des Brassicacées — éviter retour sous 4 ans (hernie du chou).,"Adapté climat France \n Source: ITAB, Standard Climat France (Valable 2026)"
INRAE-MESCLUN-0085,Chou kale,Brassicaceae,Brassica oleracea var. acephala,Plein champ,,20,20,22,35,52,18,,161,,,,,Plantation,false,oceanique,Nord-Ouest,source_documentee,true,INRAE — Pépinière-Mesclun v1.1 · DOI 10.57745/IQVM2I · cycle : FRAB Bretagne,https://entrepot.recherche.data.gouv.fr/dataset.xhtml?persistentId=doi:10.57745/IQVM2I,inrae-mesclun-v1.1-cycles-0085,1.1,Licence Ouverte / Open Licence Etalab 2.0,2026-07-29T00:00:00.000Z,[2026-07-29] Fenêtres importées sans réduction depuis Pépinière-Mesclun v1.1. Culture source : Chou kale-frisé non pommé — Chou KALE.,
INRAE-MESCLUN-0086,Chou kale,Brassicaceae,Brassica oleracea var. acephala,Plein champ,,24,24,27,40,9,22,,175,,,,,Plantation,false,oceanique,Nord-Ouest,source_documentee,true,INRAE — Pépinière-Mesclun v1.1 · DOI 10.57745/IQVM2I · cycle : FRAB Bretagne,https://entrepot.recherche.data.gouv.fr/dataset.xhtml?persistentId=doi:10.57745/IQVM2I,inrae-mesclun-v1.1-cycles-0086,1.1,Licence Ouverte / Open Licence Etalab 2.0,2026-07-29T00:00:00.000Z,[2026-07-29] Fenêtres importées sans réduction depuis Pépinière-Mesclun v1.1. Culture source : Chou kale-frisé non pommé — Chou KALE.,
INRAE-MESCLUN-0087,Chou kale,Brassicaceae,Brassica oleracea var. acephala,Plein champ,,29,29,31,44,14,23,,175,,,,,Plantation,false,oceanique,Nord-Ouest,source_documentee,true,INRAE — Pépinière-Mesclun v1.1 · DOI 10.57745/IQVM2I · cycle : FRAB Bretagne,https://entrepot.recherche.data.gouv.fr/dataset.xhtml?persistentId=doi:10.57745/IQVM2I,inrae-mesclun-v1.1-cycles-0087,1.1,Licence Ouverte / Open Licence Etalab 2.0,2026-07-29T00:00:00.000Z,[2026-07-29] Fenêtres importées sans réduction depuis Pépinière-Mesclun v1.1. Culture source : Chou kale-frisé non pommé — Chou KALE.,
INRAE-MESCLUN-0088,Chou kale,Brassicaceae,Brassica oleracea var. acephala,Plein champ,,20,20,22,35,52,18,,161,,,,,Plantation,false,oceanique,Nord-Ouest,source_documentee,true,INRAE — Pépinière-Mesclun v1.1 · DOI 10.57745/IQVM2I · cycle : FRAB Bretagne,https://entrepot.recherche.data.gouv.fr/dataset.xhtml?persistentId=doi:10.57745/IQVM2I,inrae-mesclun-v1.1-cycles-0088,1.1,Licence Ouverte / Open Licence Etalab 2.0,2026-07-29T00:00:00.000Z,[2026-07-29] Fenêtres importées sans réduction depuis Pépinière-Mesclun v1.1. Culture source : Chou kale-frisé non pommé — Choux KALE.,
INRAE-MESCLUN-0089,Chou kale,Brassicaceae,Brassica oleracea var. acephala,Plein champ,,24,24,27,40,9,22,,175,,,,,Plantation,false,oceanique,Nord-Ouest,source_documentee,true,INRAE — Pépinière-Mesclun v1.1 · DOI 10.57745/IQVM2I · cycle : FRAB Bretagne,https://entrepot.recherche.data.gouv.fr/dataset.xhtml?persistentId=doi:10.57745/IQVM2I,inrae-mesclun-v1.1-cycles-0089,1.1,Licence Ouverte / Open Licence Etalab 2.0,2026-07-29T00:00:00.000Z,[2026-07-29] Fenêtres importées sans réduction depuis Pépinière-Mesclun v1.1. Culture source : Chou kale-frisé non pommé — Choux KALE.,
INRAE-MESCLUN-0090,Chou kale,Brassicaceae,Brassica oleracea var. acephala,Plein champ,,29,29,31,44,14,23,,175,,,,,Plantation,false,oceanique,Nord-Ouest,source_documentee,true,INRAE — Pépinière-Mesclun v1.1 · DOI 10.57745/IQVM2I · cycle : FRAB Bretagne,https://entrepot.recherche.data.gouv.fr/dataset.xhtml?persistentId=doi:10.57745/IQVM2I,inrae-mesclun-v1.1-cycles-0090,1.1,Licence Ouverte / Open Licence Etalab 2.0,2026-07-29T00:00:00.000Z,[2026-07-29] Fenêtres importées sans réduction depuis Pépinière-Mesclun v1.1. Culture source : Chou kale-frisé non pommé — Choux KALE.,
Chou-pomme-automne,Chou pommé,Brassicaceae,Brassica oleracea var. capitata,,33,37,,,45,,4,,84,1,50,75,,,,,,a_revoir,true,ITAB Guides Légumes Bio (T1+T2) ; semencemag.fr (SNHF) ; Semailles densités semis,,,,,2026-05-15T14:00:05.379Z,Plant repiqué après les dernières gelées. Famille des Brassicacées — éviter retour sous 4 ans (hernie du chou).,"Adapté climat France \n Source: ITAB, Standard Climat France (Valable 2026)"
Chou-pomme-ete,Chou pommé,Brassicaceae,Brassica oleracea var. capitata,,20,24,,,32,,4,,84,1,50,75,,,,,,a_revoir,true,ITAB Guides Légumes Bio (T1+T2) ; semencemag.fr (SNHF) ; Semailles densités semis,,,,,2026-05-15T14:00:05.379Z,Plant repiqué après les dernières gelées. Famille des Brassicacées — éviter retour sous 4 ans (hernie du chou).,"Adapté climat France \n Source: ITAB, Standard Climat France (Valable 2026)"
Chou-pomme-printemps,Chou pommé,Brassicaceae,Brassica oleracea var. capitata,,7,11,,,19,,4,,84,1,50,75,,,,,,a_revoir,true,ITAB Guides Légumes Bio (T1+T2) ; semencemag.fr (SNHF) ; Semailles densités semis,,,,,2026-05-15T14:20:20.025Z, \n [2026-05-14] Chou pommé printemps : récolte S19→S23 (12 sem au lieu de 8).,"Adapté climat France \n Source: ITAB, Standard Climat France (Valable 2026)"
INRAE-MESCLUN-0058,Chou pommé,Brassicaceae,Brassica oleracea var. capitata,Plein champ,,22,22,24,35,5,23,,161,,,,,Plantation,false,oceanique,Nord-Ouest,source_documentee,true,INRAE — Pépinière-Mesclun v1.1 · DOI 10.57745/IQVM2I · cycle : FRAB Bretagne,https://entrepot.recherche.data.gouv.fr/dataset.xhtml?persistentId=doi:10.57745/IQVM2I,inrae-mesclun-v1.1-cycles-0058,1.1,Licence Ouverte / Open Licence Etalab 2.0,2026-07-29T00:00:00.000Z,[2026-07-29] Fenêtres importées sans réduction depuis Pépinière-Mesclun v1.1. Culture source : Chou cabus-pommé-pointu — Choux cabus blanc.,Récolte : Récolte qui peut s'échelonner sur la période selon variétés
INRAE-MESCLUN-0059,Chou pommé,Brassicaceae,Brassica oleracea var. capitata,Plein champ,,27,27,29,44,14,23,,189,,,,,Plantation,false,oceanique,Nord-Ouest,source_documentee,true,INRAE — Pépinière-Mesclun v1.1 · DOI 10.57745/IQVM2I · cycle : FRAB Bretagne,https://entrepot.recherche.data.gouv.fr/dataset.xhtml?persistentId=doi:10.57745/IQVM2I,inrae-mesclun-v1.1-cycles-0059,1.1,Licence Ouverte / Open Licence Etalab 2.0,2026-07-29T00:00:00.000Z,[2026-07-29] Fenêtres importées sans réduction depuis Pépinière-Mesclun v1.1. Culture source : Chou cabus-pommé-pointu — Choux cabus blanc.,Récolte : Récolte qui peut s'échelonner sur la période selon variétés
INRAE-MESCLUN-0060,Chou pommé,Brassicaceae,Brassica oleracea var. capitata,Sous abri,,5,5,7,18,22,5,,98,,,,,Plantation,false,oceanique,Nord-Ouest,source_documentee,true,INRAE — Pépinière-Mesclun v1.1 · DOI 10.57745/IQVM2I · cycle : FRAB Bretagne,https://entrepot.recherche.data.gouv.fr/dataset.xhtml?persistentId=doi:10.57745/IQVM2I,inrae-mesclun-v1.1-cycles-0060,1.1,Licence Ouverte / Open Licence Etalab 2.0,2026-07-29T00:00:00.000Z,[2026-07-29] Fenêtres importées sans réduction depuis Pépinière-Mesclun v1.1. Culture source : Chou cabus-pommé-pointu — Choux pointu.,
INRAE-MESCLUN-0061,Chou pommé,Brassicaceae,Brassica oleracea var. capitata,Sous abri,,40,40,42,14,18,5,,189,,,,,Plantation,false,oceanique,Nord-Ouest,source_documentee,true,INRAE — Pépinière-Mesclun v1.1 · DOI 10.57745/IQVM2I · cycle : FRAB Bretagne,https://entrepot.recherche.data.gouv.fr/dataset.xhtml?persistentId=doi:10.57745/IQVM2I,inrae-mesclun-v1.1-cycles-0061,1.1,Licence Ouverte / Open Licence Etalab 2.0,2026-07-29T00:00:00.000Z,[2026-07-29] Fenêtres importées sans réduction depuis Pépinière-Mesclun v1.1. Culture source : Chou cabus-pommé-pointu — Choux pointu.,
INRAE-MESCLUN-0062,Chou pommé,Brassicaceae,Brassica oleracea var. capitata,Plein champ,,14,14,16,27,35,9,,112,,,,,Plantation,false,oceanique,Nord-Ouest,source_documentee,true,INRAE — Pépinière-Mesclun v1.1 · DOI 10.57745/IQVM2I · cycle : FRAB Bretagne,https://entrepot.recherche.data.gouv.fr/dataset.xhtml?persistentId=doi:10.57745/IQVM2I,inrae-mesclun-v1.1-cycles-0062,1.1,Licence Ouverte / Open Licence Etalab 2.0,2026-07-29T00:00:00.000Z,[2026-07-29] Fenêtres importées sans réduction depuis Pépinière-Mesclun v1.1. Culture source : Chou cabus-pommé-pointu — Choux rouge.,
INRAE-MESCLUN-0063,Chou pommé,Brassicaceae,Brassica oleracea var. capitata,Plein champ,,18,18,20,31,40,10,,119,,,,,Plantation,false,oceanique,Nord-Ouest,source_documentee,true,INRAE — Pépinière-Mesclun v1.1 · DOI 10.57745/IQVM2I · cycle : FRAB Bretagne,https://entrepot.recherche.data.gouv.fr/dataset.xhtml?persistentId=doi:10.57745/IQVM2I,inrae-mesclun-v1.1-cycles-0063,1.1,Licence Ouverte / Open Licence Etalab 2.0,2026-07-29T00:00:00.000Z,[2026-07-29] Fenêtres importées sans réduction depuis Pépinière-Mesclun v1.1. Culture source : Chou cabus-pommé-pointu — Choux rouge.,
INRAE-MESCLUN-0064,Chou pommé,Brassicaceae,Brassica oleracea var. capitata,Plein champ,,22,22,24,35,9,27,,175,,,,,Plantation,false,oceanique,Nord-Ouest,source_documentee,true,INRAE — Pépinière-Mesclun v1.1 · DOI 10.57745/IQVM2I · cycle : FRAB Bretagne,https://entrepot.recherche.data.gouv.fr/dataset.xhtml?persistentId=doi:10.57745/IQVM2I,inrae-mesclun-v1.1-cycles-0064,1.1,Licence Ouverte / Open Licence Etalab 2.0,2026-07-29T00:00:00.000Z,[2026-07-29] Fenêtres importées sans réduction depuis Pépinière-Mesclun v1.1. Culture source : Chou cabus-pommé-pointu — Choux rouge.,Récolte : Récolte qui peut s'échelonner sur la période selon variétés
INRAE-MESCLUN-0065,Chou pommé,Brassicaceae,Brassica oleracea var. capitata,Plein champ,,22,22,24,35,14,32,,196,,,,,Plantation,false,oceanique,Nord-Ouest,source_documentee,true,INRAE — Pépinière-Mesclun v1.1 · DOI 10.57745/IQVM2I · cycle : FRAB Bretagne,https://entrepot.recherche.data.gouv.fr/dataset.xhtml?persistentId=doi:10.57745/IQVM2I,inrae-mesclun-v1.1-cycles-0065,1.1,Licence Ouverte / Open Licence Etalab 2.0,2026-07-29T00:00:00.000Z,[2026-07-29] Fenêtres importées sans réduction depuis Pépinière-Mesclun v1.1. Culture source : Chou cabus-pommé-pointu — Choux rouge.,Récolte : Récolte qui peut s'échelonner sur la période selon variétés
INRAE-MESCLUN-0100,Chou romanesco,Brassicaceae,Brassica oleracea,Plein champ,,20,20,22,35,40,6,,119,,,,,Plantation,false,oceanique,Nord-Ouest,source_documentee,true,INRAE — Pépinière-Mesclun v1.1 · DOI 10.57745/IQVM2I · cycle : FRAB Bretagne,https://entrepot.recherche.data.gouv.fr/dataset.xhtml?persistentId=doi:10.57745/IQVM2I,inrae-mesclun-v1.1-cycles-0100,1.1,Licence Ouverte / Open Licence Etalab 2.0,2026-07-29T00:00:00.000Z,[2026-07-29] Fenêtres importées sans réduction depuis Pépinière-Mesclun v1.1. Culture source : Chou Romanesco — Romanesco.,
INRAE-MESCLUN-0101,Chou romanesco,Brassicaceae,Brassica oleracea,Plein champ,,24,24,27,40,44,5,,112,,,,,Plantation,false,oceanique,Nord-Ouest,source_documentee,true,INRAE — Pépinière-Mesclun v1.1 · DOI 10.57745/IQVM2I · cycle : FRAB Bretagne,https://entrepot.recherche.data.gouv.fr/dataset.xhtml?persistentId=doi:10.57745/IQVM2I,inrae-mesclun-v1.1-cycles-0101,1.1,Licence Ouverte / Open Licence Etalab 2.0,2026-07-29T00:00:00.000Z,[2026-07-29] Fenêtres importées sans réduction depuis Pépinière-Mesclun v1.1. Culture source : Chou Romanesco — Romanesco.,
INRAE-MESCLUN-0102,Chou romanesco,Brassicaceae,Brassica oleracea,Plein champ,,29,29,31,44,48,5,,112,,,,,Plantation,false,oceanique,Nord-Ouest,source_documentee,true,INRAE — Pépinière-Mesclun v1.1 · DOI 10.57745/IQVM2I · cycle : FRAB Bretagne,https://entrepot.recherche.data.gouv.fr/dataset.xhtml?persistentId=doi:10.57745/IQVM2I,inrae-mesclun-v1.1-cycles-0102,1.1,Licence Ouverte / Open Licence Etalab 2.0,2026-07-29T00:00:00.000Z,[2026-07-29] Fenêtres importées sans réduction depuis Pépinière-Mesclun v1.1. Culture source : Chou Romanesco — Romanesco.,
Chou-fleur-ete,Chou-fleur,Brassicaceae,Brassica oleracea var. botrytis,Plein champ,16,20,,,28,,4,,84,1,50,75,,,,,,a_revoir,true,ITAB Guides Légumes Bio (T1+T2) ; semencemag.fr (SNHF) ; Semailles densités semis,,,,,2026-05-15T14:00:05.379Z,Plant repiqué après les dernières gelées. Famille des Brassicacées — éviter retour sous 4 ans (hernie du chou).,"Adapté climat France \n Source: ITAB, Standard Climat France (Valable 2026)"
Chou-fleur-printemps,Chou-fleur,Brassicaceae,Brassica oleracea var. botrytis,Plein champ,5,9,,,17,,4,,84,1,50,75,,,,,,a_revoir,true,ITAB Guides Légumes Bio (T1+T2) ; semencemag.fr (SNHF) ; Semailles densités semis,,,,,2026-05-15T14:00:05.379Z,Plant repiqué après les dernières gelées. Famille des Brassicacées — éviter retour sous 4 ans (hernie du chou).,"Adapté climat France \n Source: ITAB, Standard Climat France (Valable 2026)"
INRAE-MESCLUN-0103,Chou-fleur,Brassicaceae,Brassica oleracea var. botrytis,Plein champ,,11,11,14,24,29,6,,98,,,,,Plantation,false,oceanique,Nord-Ouest,source_documentee,true,INRAE — Pépinière-Mesclun v1.1 · DOI 10.57745/IQVM2I · cycle : FRAB Bretagne,https://entrepot.recherche.data.gouv.fr/dataset.xhtml?persistentId=doi:10.57745/IQVM2I,inrae-mesclun-v1.1-cycles-0103,1.1,Licence Ouverte / Open Licence Etalab 2.0,2026-07-29T00:00:00.000Z,[2026-07-29] Fenêtres importées sans réduction depuis Pépinière-Mesclun v1.1. Culture source : Chou-fleur — CHOUX FLEUR.,
INRAE-MESCLUN-0104,Chou-fleur,Brassicaceae,Brassica oleracea var. botrytis,Plein champ,,16,16,18,29,33,5,,98,,,,,Plantation,false,oceanique,Nord-Ouest,source_documentee,true,INRAE — Pépinière-Mesclun v1.1 · DOI 10.57745/IQVM2I · cycle : FRAB Bretagne,https://entrepot.recherche.data.gouv.fr/dataset.xhtml?persistentId=doi:10.57745/IQVM2I,inrae-mesclun-v1.1-cycles-0104,1.1,Licence Ouverte / Open Licence Etalab 2.0,2026-07-29T00:00:00.000Z,[2026-07-29] Fenêtres importées sans réduction depuis Pépinière-Mesclun v1.1. Culture source : Chou-fleur — CHOUX FLEUR.,
INRAE-MESCLUN-0105,Chou-fleur,Brassicaceae,Brassica oleracea var. botrytis,Plein champ,,20,20,22,31,35,5,,84,,,,,Plantation,false,oceanique,Nord-Ouest,source_documentee,true,INRAE — Pépinière-Mesclun v1.1 · DOI 10.57745/IQVM2I · cycle : FRAB Bretagne,https://entrepot.recherche.data.gouv.fr/dataset.xhtml?persistentId=doi:10.57745/IQVM2I,inrae-mesclun-v1.1-cycles-0105,1.1,Licence Ouverte / Open Licence Etalab 2.0,2026-07-29T00:00:00.000Z,[2026-07-29] Fenêtres importées sans réduction depuis Pépinière-Mesclun v1.1. Culture source : Chou-fleur — CHOUX FLEUR.,
INRAE-MESCLUN-0106,Chou-fleur,Brassicaceae,Brassica oleracea var. botrytis,Plein champ,,24,24,27,35,40,6,,84,,,,,Plantation,false,oceanique,Nord-Ouest,source_documentee,true,INRAE — Pépinière-Mesclun v1.1 · DOI 10.57745/IQVM2I · cycle : FRAB Bretagne,https://entrepot.recherche.data.gouv.fr/dataset.xhtml?persistentId=doi:10.57745/IQVM2I,inrae-mesclun-v1.1-cycles-0106,1.1,Licence Ouverte / Open Licence Etalab 2.0,2026-07-29T00:00:00.000Z,[2026-07-29] Fenêtres importées sans réduction depuis Pépinière-Mesclun v1.1. Culture source : Chou-fleur — CHOUX FLEUR.,
INRAE-MESCLUN-0107,Chou-fleur,Brassicaceae,Brassica oleracea var. botrytis,Plein champ,,27,27,31,9,22,14,,273,,,,,Plantation,false,oceanique,Nord-Ouest,source_documentee,true,INRAE — Pépinière-Mesclun v1.1 · DOI 10.57745/IQVM2I · cycle : FRAB Bretagne,https://entrepot.recherche.data.gouv.fr/dataset.xhtml?persistentId=doi:10.57745/IQVM2I,inrae-mesclun-v1.1-cycles-0107,1.1,Licence Ouverte / Open Licence Etalab 2.0,2026-07-29T00:00:00.000Z,[2026-07-29] Fenêtres importées sans réduction depuis Pépinière-Mesclun v1.1. Culture source : Chou-fleur — CHOUX FLEUR.,
INRAE-MESCLUN-0108,Chou-fleur,Brassicaceae,Brassica oleracea var. botrytis,Plein champ,,27,27,31,40,22,35,,196,,,,,Plantation,false,oceanique,Nord-Ouest,source_documentee,true,INRAE — Pépinière-Mesclun v1.1 · DOI 10.57745/IQVM2I · cycle : FRAB Bretagne,https://entrepot.recherche.data.gouv.fr/dataset.xhtml?persistentId=doi:10.57745/IQVM2I,inrae-mesclun-v1.1-cycles-0108,1.1,Licence Ouverte / Open Licence Etalab 2.0,2026-07-29T00:00:00.000Z,[2026-07-29] Fenêtres importées sans réduction depuis Pépinière-Mesclun v1.1. Culture source : Chou-fleur — CHOUX FLEUR.,Récolte : Récolte qui peut s'échelonner sur la période selon variétés
INRAE-MESCLUN-0109,Chou-fleur,Brassicaceae,Brassica oleracea var. botrytis,Plein champ,,27,27,31,40,52,13,,119,,,,,Plantation,false,oceanique,Nord-Ouest,source_documentee,true,INRAE — Pépinière-Mesclun v1.1 · DOI 10.57745/IQVM2I · cycle : FRAB Bretagne,https://entrepot.recherche.data.gouv.fr/dataset.xhtml?persistentId=doi:10.57745/IQVM2I,inrae-mesclun-v1.1-cycles-0109,1.1,Licence Ouverte / Open Licence Etalab 2.0,2026-07-29T00:00:00.000Z,[2026-07-29] Fenêtres importées sans réduction depuis Pépinière-Mesclun v1.1. Culture source : Chou-fleur — CHOUX FLEUR.,
INRAE-MESCLUN-0110,Chou-fleur,Brassicaceae,Brassica oleracea var. botrytis,Plein champ,,27,27,31,1,52,52,,350,,,,,Plantation,false,oceanique,Nord-Ouest,a_revoir,false,INRAE — Pépinière-Mesclun v1.1 · DOI 10.57745/IQVM2I · cycle : FRAB Bretagne,https://entrepot.recherche.data.gouv.fr/dataset.xhtml?persistentId=doi:10.57745/IQVM2I,inrae-mesclun-v1.1-cycles-0110,1.1,Licence Ouverte / Open Licence Etalab 2.0,2026-07-29T00:00:00.000Z,"[2026-07-29] Fenêtres importées sans réduction depuis Pépinière-Mesclun v1.1. Culture source : Chou-fleur — CHOUX FLEUR. ANOMALIE SOURCE : Une ou plusieurs semaines publiées sont hors de l’intervalle ISO 1–52. Scénario conservé pour audit mais désactivé. Valeurs publiées : {""implantationDebut"":27,""implantationFin"":31,""recolteDebut"":53,""recolteFin"":52}.",Récolte : Récolte qui peut s'échelonner sur la période selon variétés
Chou-rave-hiver-serre,Chou-rave,Brassicaceae,Brassica oleracea var. gongylodes,Sous abri,49,1,,,9,,4,4,84,1,50,75,,,,,,a_revoir,true,ITAB Guides Légumes Bio (T1+T2) ; semencemag.fr (SNHF) ; Semailles densités semis,,,,,2026-05-15T14:00:05.379Z,Plant repiqué après les dernières gelées. Famille des Brassicacées — éviter retour sous 4 ans (hernie du chou).,"Adapté climat France \n Source: ITAB, Standard Climat France (Valable 2026)"
Chou-rave-printemps,Chou-rave,Brassicaceae,Brassica oleracea var. gongylodes,Plein champ,10,14,,,22,,4,,84,1,50,75,,,,,,a_revoir,true,ITAB Guides Légumes Bio (T1+T2) ; semencemag.fr (SNHF) ; Semailles densités semis,,,,,2026-05-15T14:00:05.379Z,Plant repiqué après les dernières gelées. Famille des Brassicacées — éviter retour sous 4 ans (hernie du chou).,"Adapté climat France \n Source: ITAB, Standard Climat France (Valable 2026)"
INRAE-MESCLUN-0091,Chou-rave,Brassicaceae,Brassica oleracea var. gongylodes,Sous abri,,35,35,37,44,48,5,,70,,,,,Plantation,false,oceanique,Nord-Ouest,source_documentee,true,INRAE — Pépinière-Mesclun v1.1 · DOI 10.57745/IQVM2I · cycle : FRAB Bretagne,https://entrepot.recherche.data.gouv.fr/dataset.xhtml?persistentId=doi:10.57745/IQVM2I,inrae-mesclun-v1.1-cycles-0091,1.1,Licence Ouverte / Open Licence Etalab 2.0,2026-07-29T00:00:00.000Z,[2026-07-29] Fenêtres importées sans réduction depuis Pépinière-Mesclun v1.1. Culture source : Chou rave — Choux rave.,
INRAE-MESCLUN-0092,Chou-rave,Brassicaceae,Brassica oleracea var. gongylodes,Sous abri,,1,1,3,14,18,5,,98,,,,,Plantation,true,oceanique,Nord-Ouest,source_documentee,true,INRAE — Pépinière-Mesclun v1.1 · DOI 10.57745/IQVM2I · cycle : FRAB Bretagne,https://entrepot.recherche.data.gouv.fr/dataset.xhtml?persistentId=doi:10.57745/IQVM2I,inrae-mesclun-v1.1-cycles-0092,1.1,Licence Ouverte / Open Licence Etalab 2.0,2026-07-29T00:00:00.000Z,[2026-07-29] Fenêtres importées sans réduction depuis Pépinière-Mesclun v1.1. Culture source : Chou rave — Choux rave.,
INRAE-MESCLUN-0093,Chou-rave,Brassicaceae,Brassica oleracea var. gongylodes,Sous abri,,5,5,7,16,20,5,,84,,,,,Plantation,true,oceanique,Nord-Ouest,source_documentee,true,INRAE — Pépinière-Mesclun v1.1 · DOI 10.57745/IQVM2I · cycle : FRAB Bretagne,https://entrepot.recherche.data.gouv.fr/dataset.xhtml?persistentId=doi:10.57745/IQVM2I,inrae-mesclun-v1.1-cycles-0093,1.1,Licence Ouverte / Open Licence Etalab 2.0,2026-07-29T00:00:00.000Z,[2026-07-29] Fenêtres importées sans réduction depuis Pépinière-Mesclun v1.1. Culture source : Chou rave — Choux rave.,
INRAE-MESCLUN-0094,Chou-rave,Brassicaceae,Brassica oleracea var. gongylodes,Plein champ,,14,14,16,22,27,6,,70,,,,,Plantation,false,oceanique,Nord-Ouest,source_documentee,true,INRAE — Pépinière-Mesclun v1.1 · DOI 10.57745/IQVM2I · cycle : FRAB Bretagne,https://entrepot.recherche.data.gouv.fr/dataset.xhtml?persistentId=doi:10.57745/IQVM2I,inrae-mesclun-v1.1-cycles-0094,1.1,Licence Ouverte / Open Licence Etalab 2.0,2026-07-29T00:00:00.000Z,[2026-07-29] Fenêtres importées sans réduction depuis Pépinière-Mesclun v1.1. Culture source : Chou rave — Choux rave.,
INRAE-MESCLUN-0095,Chou-rave,Brassicaceae,Brassica oleracea var. gongylodes,Plein champ,,18,18,20,27,31,5,,70,,,,,Plantation,false,oceanique,Nord-Ouest,source_documentee,true,INRAE — Pépinière-Mesclun v1.1 · DOI 10.57745/IQVM2I · cycle : FRAB Bretagne,https://entrepot.recherche.data.gouv.fr/dataset.xhtml?persistentId=doi:10.57745/IQVM2I,inrae-mesclun-v1.1-cycles-0095,1.1,Licence Ouverte / Open Licence Etalab 2.0,2026-07-29T00:00:00.000Z,[2026-07-29] Fenêtres importées sans réduction depuis Pépinière-Mesclun v1.1. Culture source : Chou rave — Choux rave.,
INRAE-MESCLUN-0096,Chou-rave,Brassicaceae,Brassica oleracea var. gongylodes,Plein champ,,22,22,24,31,35,5,,70,,,,,Plantation,false,oceanique,Nord-Ouest,source_documentee,true,INRAE — Pépinière-Mesclun v1.1 · DOI 10.57745/IQVM2I · cycle : FRAB Bretagne,https://entrepot.recherche.data.gouv.fr/dataset.xhtml?persistentId=doi:10.57745/IQVM2I,inrae-mesclun-v1.1-cycles-0096,1.1,Licence Ouverte / Open Licence Etalab 2.0,2026-07-29T00:00:00.000Z,[2026-07-29] Fenêtres importées sans réduction depuis Pépinière-Mesclun v1.1. Culture source : Chou rave — Choux rave.,
INRAE-MESCLUN-0097,Chou-rave,Brassicaceae,Brassica oleracea var. gongylodes,Plein champ,,27,27,29,35,40,6,,70,,,,,Plantation,false,oceanique,Nord-Ouest,source_documentee,true,INRAE — Pépinière-Mesclun v1.1 · DOI 10.57745/IQVM2I · cycle : FRAB Bretagne,https://entrepot.recherche.data.gouv.fr/dataset.xhtml?persistentId=doi:10.57745/IQVM2I,inrae-mesclun-v1.1-cycles-0097,1.1,Licence Ouverte / Open Licence Etalab 2.0,2026-07-29T00:00:00.000Z,[2026-07-29] Fenêtres importées sans réduction depuis Pépinière-Mesclun v1.1. Culture source : Chou rave — Choux rave.,
INRAE-MESCLUN-0098,Chou-rave,Brassicaceae,Brassica oleracea var. gongylodes,Plein champ,,31,31,33,40,44,5,,70,,,,,Plantation,false,oceanique,Nord-Ouest,source_documentee,true,INRAE — Pépinière-Mesclun v1.1 · DOI 10.57745/IQVM2I · cycle : FRAB Bretagne,https://entrepot.recherche.data.gouv.fr/dataset.xhtml?persistentId=doi:10.57745/IQVM2I,inrae-mesclun-v1.1-cycles-0098,1.1,Licence Ouverte / Open Licence Etalab 2.0,2026-07-29T00:00:00.000Z,[2026-07-29] Fenêtres importées sans réduction depuis Pépinière-Mesclun v1.1. Culture source : Chou rave — Choux rave.,
INRAE-MESCLUN-0099,Chou-rave,Brassicaceae,Brassica oleracea var. gongylodes,Plein champ,,9,9,11,20,24,5,,84,,,,,Plantation,true,oceanique,Nord-Ouest,source_documentee,true,INRAE — Pépinière-Mesclun v1.1 · DOI 10.57745/IQVM2I · cycle : FRAB Bretagne,https://entrepot.recherche.data.gouv.fr/dataset.xhtml?persistentId=doi:10.57745/IQVM2I,inrae-mesclun-v1.1-cycles-0099,1.1,Licence Ouverte / Open Licence Etalab 2.0,2026-07-29T00:00:00.000Z,[2026-07-29] Fenêtres importées sans réduction depuis Pépinière-Mesclun v1.1. Culture source : Chou rave — Choux rave.,
Chenopode,Chénopode,Amaranthaceae,,,14,,,,26,,4,,84,2,30,45,3,,,,,a_revoir,true,ITAB Guides Légumes Bio (T1+T2) ; semencemag.fr (SNHF) ; Semailles densités semis,,,,,2026-05-15T14:00:05.379Z,Engrais vert / couvre-sol — semis direct à la volée puis enfouissement avant montée à graines. Améliore la structure du sol.,"Adapté climat France \n Source: ITAB, Standard Climat France (Valable 2026)"
INRAE-MESCLUN-0368,Ciboule-cébette,Alliaceae,Allium cepa,Sous abri,,37,37,40,7,11,5,,154,,,,,Plantation,false,oceanique,Nord-Ouest,source_documentee,true,INRAE — Pépinière-Mesclun v1.1 · DOI 10.57745/IQVM2I · cycle : FRAB Bretagne,https://entrepot.recherche.data.gouv.fr/dataset.xhtml?persistentId=doi:10.57745/IQVM2I,inrae-mesclun-v1.1-cycles-0368,1.1,Licence Ouverte / Open Licence Etalab 2.0,2026-07-29T00:00:00.000Z,[2026-07-29] Fenêtres importées sans réduction depuis Pépinière-Mesclun v1.1. Culture source : Oignon ciboule-cébette — Oignon ciboule.,
INRAE-MESCLUN-0369,Ciboule-cébette,Alliaceae,Allium cepa,Sous abri,,42,42,44,11,16,6,,161,,,,,Plantation,false,oceanique,Nord-Ouest,source_documentee,true,INRAE — Pépinière-Mesclun v1.1 · DOI 10.57745/IQVM2I · cycle : FRAB Bretagne,https://entrepot.recherche.data.gouv.fr/dataset.xhtml?persistentId=doi:10.57745/IQVM2I,inrae-mesclun-v1.1-cycles-0369,1.1,Licence Ouverte / Open Licence Etalab 2.0,2026-07-29T00:00:00.000Z,[2026-07-29] Fenêtres importées sans réduction depuis Pépinière-Mesclun v1.1. Culture source : Oignon ciboule-cébette — Oignon ciboule.,
INRAE-MESCLUN-0111,Ciboulette,Alliaceae,Allium schoenoprasum,Plein champ,,9,9,11,18,46,29,,154,,,,,Plantation,false,oceanique,Nord-Ouest,source_documentee,true,INRAE — Pépinière-Mesclun v1.1 · DOI 10.57745/IQVM2I · cycle : FRAB Bretagne,https://entrepot.recherche.data.gouv.fr/dataset.xhtml?persistentId=doi:10.57745/IQVM2I,inrae-mesclun-v1.1-cycles-0111,1.1,Licence Ouverte / Open Licence Etalab 2.0,2026-07-29T00:00:00.000Z,[2026-07-29] Fenêtres importées sans réduction depuis Pépinière-Mesclun v1.1. Culture source : Ciboulette — Ciboulette.,Récolte : Récolte qui s'étale sur la période
INRAE-MESCLUN-0112,Ciboulette,Alliaceae,Allium schoenoprasum,Sous abri,,35,35,37,42,20,31,,147,,,,,Plantation,true,oceanique,Nord-Ouest,source_documentee,true,INRAE — Pépinière-Mesclun v1.1 · DOI 10.57745/IQVM2I · cycle : FRAB Bretagne,https://entrepot.recherche.data.gouv.fr/dataset.xhtml?persistentId=doi:10.57745/IQVM2I,inrae-mesclun-v1.1-cycles-0112,1.1,Licence Ouverte / Open Licence Etalab 2.0,2026-07-29T00:00:00.000Z,[2026-07-29] Fenêtres importées sans réduction depuis Pépinière-Mesclun v1.1. Culture source : Ciboulette — Ciboulette abris.,Récolte : Récolte qui s'étale sur la période
Cive — antilles,Cive,Alliaceae,Allium fistulosum,,,4,,,13,,12,,75,,20,,,,,tropical_antilles,,a_revoir,true,,,,,,,,Installation possible toute l'année ; le créneau de carême (sous irrigation) réduit la pression des maladies foliaires liées à l'humidité. Diviser les touffes régulièrement pour relancer la production.
Cive — austral,Cive,Alliaceae,Allium fistulosum,,,20,,,32,,20,,80,,20,,,,,tropical_austral,,a_revoir,true,,,,,,,,"Division/plantation de préférence en début d'hiver austral (mai-juin), saison plus fraîche qui limite la montaison et les maladies. Récolte continue en coupant les feuilles, la souche repartant. Bien drainer : pourrit en"
Cive — equatorial,Cive,Alliaceae,Allium fistulosum,,,44,,,4,,20,,80,,15,,,,,equatorial,,a_revoir,true,,,,,,,,Plantation d'éclats au retour des pluies (novembre) sur sol bien drainé et riche ; coupes régulières ensuite. Ne forme pas de bulbe en zone équatoriale (photopériode insuffisante) : cultivée pour son feuillage aromatique
Cocotier — antilles,Cocotier,Arecaceae,Cocos nucifera,,,25,,,1,,52,,1825,,800,,,,,tropical_antilles,,a_revoir,true,,,,,,,,"Palmier littoral tolérant au sel et au vent, production continue (récolte étalée sur 52 semaines). Rendement en noix (~60-80 noix/an) exprimé en kg. Privilégier variétés naines pour l'eau de coco. Plantation début hivern"
Cocotier — austral,Cocotier,Arecaceae,Cocos nucifera,,,46,,,44,,52,,2555,,800,,,,,tropical_austral,,a_revoir,true,,,,,,,,"Production continue toute l'année une fois adulte (la semaine de récolte est indicative). Espèce littorale par excellence de Polynésie, Wallis et Mayotte, tolérante au sel et au vent. Mise en place de la noix germée en d"
Combava — austral,Combava,Rutaceae,Citrus hystrix,,,46,,,10,,16,,900,,400,,,,,tropical_austral,,a_revoir,true,,,,,,,,"Fruits surtout en fin d'été / automne austral (mars-juin), feuilles cueillies toute l'année. Agrume rustique de basse et moyenne altitude, incontournable à la Réunion et présent à Mayotte et N.-Calédonie."
Combava — equatorial,Combava,Rutaceae,Citrus hystrix,,,15,,,40,,20,,1095,,350,,,,,equatorial,,a_revoir,true,,,,,,,,"Cultivé surtout pour ses feuilles bi-lobées et le zeste bosselé, bases de la cuisine créole et asiatique. Feuilles récoltées toute l'année ; fruits en fin d'année. Se conduit en arbuste taillé. Bien adapté à l'humidité, "
Concombre-ete-serre,Concombre,Cucurbitaceae,Cucumis sativus,Sous abri,14,18,,,26,,4,28,84,1,70,105,,,,,,a_revoir,true,ITAB Guides Légumes Bio (T1+T2) ; semencemag.fr (SNHF) ; Semailles densités semis,,,,,2026-05-15T14:00:05.379Z,"Semis sous abri 6-8 semaines avant plantation. Sol > 18 °C, paillage chaud (BRF, plastique noir). Sensible au mildiou.","Adapté climat France \n Source: ITAB, Standard Climat France (Valable 2026)"
Concombre-printemps-serre,Concombre,Cucurbitaceae,Cucumis sativus,Sous abri,10,14,,,22,,4,28,84,1,70,105,,,,,,a_revoir,true,ITAB Guides Légumes Bio (T1+T2) ; semencemag.fr (SNHF) ; Semailles densités semis,,,,,2026-05-15T14:00:05.379Z,"Semis sous abri 6-8 semaines avant plantation. Sol > 18 °C, paillage chaud (BRF, plastique noir). Sensible au mildiou.","Adapté climat France \n Source: ITAB, Standard Climat France (Valable 2026)"
INRAE-MESCLUN-0113,Concombre,Cucurbitaceae,Cucumis sativus,Sous abri,,18,18,20,24,35,12,,77,,,,,Plantation,false,oceanique,Nord-Ouest,source_documentee,true,INRAE — Pépinière-Mesclun v1.1 · DOI 10.57745/IQVM2I · cycle : FRAB Bretagne,https://entrepot.recherche.data.gouv.fr/dataset.xhtml?persistentId=doi:10.57745/IQVM2I,inrae-mesclun-v1.1-cycles-0113,1.1,Licence Ouverte / Open Licence Etalab 2.0,2026-07-29T00:00:00.000Z,[2026-07-29] Fenêtres importées sans réduction depuis Pépinière-Mesclun v1.1. Culture source : Concombre — Concombre.,
INRAE-MESCLUN-0114,Concombre,Cucurbitaceae,Cucumis sativus,Sous abri,,22,22,24,29,40,12,,84,,,,,Plantation,false,oceanique,Nord-Ouest,source_documentee,true,INRAE — Pépinière-Mesclun v1.1 · DOI 10.57745/IQVM2I · cycle : FRAB Bretagne,https://entrepot.recherche.data.gouv.fr/dataset.xhtml?persistentId=doi:10.57745/IQVM2I,inrae-mesclun-v1.1-cycles-0114,1.1,Licence Ouverte / Open Licence Etalab 2.0,2026-07-29T00:00:00.000Z,[2026-07-29] Fenêtres importées sans réduction depuis Pépinière-Mesclun v1.1. Culture source : Concombre — Concombre.,
INRAE-MESCLUN-0115,Concombre,Cucurbitaceae,Cucumis sativus,Sous abri,,27,27,29,33,44,12,,77,,,,,Plantation,false,oceanique,Nord-Ouest,source_documentee,true,INRAE — Pépinière-Mesclun v1.1 · DOI 10.57745/IQVM2I · cycle : FRAB Bretagne,https://entrepot.recherche.data.gouv.fr/dataset.xhtml?persistentId=doi:10.57745/IQVM2I,inrae-mesclun-v1.1-cycles-0115,1.1,Licence Ouverte / Open Licence Etalab 2.0,2026-07-29T00:00:00.000Z,[2026-07-29] Fenêtres importées sans réduction depuis Pépinière-Mesclun v1.1. Culture source : Concombre — Concombre.,
INRAE-MESCLUN-0116,Concombre,Cucurbitaceae,Cucumis sativus,Sous abri,,14,14,16,20,31,12,,77,,,,,Plantation,true,oceanique,Nord-Ouest,source_documentee,true,INRAE — Pépinière-Mesclun v1.1 · DOI 10.57745/IQVM2I · cycle : FRAB Bretagne,https://entrepot.recherche.data.gouv.fr/dataset.xhtml?persistentId=doi:10.57745/IQVM2I,inrae-mesclun-v1.1-cycles-0116,1.1,Licence Ouverte / Open Licence Etalab 2.0,2026-07-29T00:00:00.000Z,[2026-07-29] Fenêtres importées sans réduction depuis Pépinière-Mesclun v1.1. Culture source : Concombre — Concombre.,
INRAE-MESCLUN-0117,Concombre,Cucurbitaceae,Cucumis sativus,Plein champ,,20,20,22,27,31,5,,56,,,,,Plantation,false,oceanique,Nord-Ouest,source_documentee,true,INRAE — Pépinière-Mesclun v1.1 · DOI 10.57745/IQVM2I · cycle : FRAB Bretagne,https://entrepot.recherche.data.gouv.fr/dataset.xhtml?persistentId=doi:10.57745/IQVM2I,inrae-mesclun-v1.1-cycles-0117,1.1,Licence Ouverte / Open Licence Etalab 2.0,2026-07-29T00:00:00.000Z,[2026-07-29] Fenêtres importées sans réduction depuis Pépinière-Mesclun v1.1. Culture source : Concombre — Concombre.,
INRAE-MESCLUN-0118,Concombre,Cucurbitaceae,Cucumis sativus,Plein champ,,24,24,27,31,35,5,,49,,,,,Plantation,false,oceanique,Nord-Ouest,source_documentee,true,INRAE — Pépinière-Mesclun v1.1 · DOI 10.57745/IQVM2I · cycle : FRAB Bretagne,https://entrepot.recherche.data.gouv.fr/dataset.xhtml?persistentId=doi:10.57745/IQVM2I,inrae-mesclun-v1.1-cycles-0118,1.1,Licence Ouverte / Open Licence Etalab 2.0,2026-07-29T00:00:00.000Z,[2026-07-29] Fenêtres importées sans réduction depuis Pépinière-Mesclun v1.1. Culture source : Concombre — Concombre.,
Coriandre,Coriandre,Apiaceae,Coriandrum sativum,Plein champ,6,,,,18,,4,,84,3,15,22,,,,,,a_revoir,true,ITAB Guides Légumes Bio (T1+T2) ; semencemag.fr (SNHF) ; Semailles densités semis,,,,,2026-05-15T14:00:05.379Z,"Aromatique semis direct ou godet. Sol drainé, exposition ensoleillée. Récolte échelonnée des feuilles fraîches.","Adapté climat France \n Source: ITAB, Standard Climat France (Valable 2026)"
INRAE-MESCLUN-0119,Coriandre,Apiaceae,Coriandrum sativum,Plein champ,,9,9,11,16,22,7,,63,,,,,Plantation,false,oceanique,Nord-Ouest,source_documentee,true,INRAE — Pépinière-Mesclun v1.1 · DOI 10.57745/IQVM2I · cycle : FRAB Bretagne,https://entrepot.recherche.data.gouv.fr/dataset.xhtml?persistentId=doi:10.57745/IQVM2I,inrae-mesclun-v1.1-cycles-0119,1.1,Licence Ouverte / Open Licence Etalab 2.0,2026-07-29T00:00:00.000Z,[2026-07-29] Fenêtres importées sans réduction depuis Pépinière-Mesclun v1.1. Culture source : Coriandre — Coriandre.,
INRAE-MESCLUN-0120,Coriandre,Apiaceae,Coriandrum sativum,Plein champ,,18,18,20,22,27,6,,42,,,,,Plantation,false,oceanique,Nord-Ouest,source_documentee,true,INRAE — Pépinière-Mesclun v1.1 · DOI 10.57745/IQVM2I · cycle : FRAB Bretagne,https://entrepot.recherche.data.gouv.fr/dataset.xhtml?persistentId=doi:10.57745/IQVM2I,inrae-mesclun-v1.1-cycles-0120,1.1,Licence Ouverte / Open Licence Etalab 2.0,2026-07-29T00:00:00.000Z,[2026-07-29] Fenêtres importées sans réduction depuis Pépinière-Mesclun v1.1. Culture source : Coriandre — Coriandre.,
INRAE-MESCLUN-0121,Coriandre,Apiaceae,Coriandrum sativum,Plein champ,,22,22,24,27,31,5,,42,,,,,Plantation,false,oceanique,Nord-Ouest,source_documentee,true,INRAE — Pépinière-Mesclun v1.1 · DOI 10.57745/IQVM2I · cycle : FRAB Bretagne,https://entrepot.recherche.data.gouv.fr/dataset.xhtml?persistentId=doi:10.57745/IQVM2I,inrae-mesclun-v1.1-cycles-0121,1.1,Licence Ouverte / Open Licence Etalab 2.0,2026-07-29T00:00:00.000Z,[2026-07-29] Fenêtres importées sans réduction depuis Pépinière-Mesclun v1.1. Culture source : Coriandre — Coriandre.,
INRAE-MESCLUN-0122,Coriandre,Apiaceae,Coriandrum sativum,Plein champ,,27,27,29,31,35,5,,35,,,,,Plantation,false,oceanique,Nord-Ouest,source_documentee,true,INRAE — Pépinière-Mesclun v1.1 · DOI 10.57745/IQVM2I · cycle : FRAB Bretagne,https://entrepot.recherche.data.gouv.fr/dataset.xhtml?persistentId=doi:10.57745/IQVM2I,inrae-mesclun-v1.1-cycles-0122,1.1,Licence Ouverte / Open Licence Etalab 2.0,2026-07-29T00:00:00.000Z,[2026-07-29] Fenêtres importées sans réduction depuis Pépinière-Mesclun v1.1. Culture source : Coriandre — Coriandre.,
INRAE-MESCLUN-0123,Coriandre,Apiaceae,Coriandrum sativum,Plein champ,,31,31,33,35,42,8,,49,,,,,Plantation,false,oceanique,Nord-Ouest,source_documentee,true,INRAE — Pépinière-Mesclun v1.1 · DOI 10.57745/IQVM2I · cycle : FRAB Bretagne,https://entrepot.recherche.data.gouv.fr/dataset.xhtml?persistentId=doi:10.57745/IQVM2I,inrae-mesclun-v1.1-cycles-0123,1.1,Licence Ouverte / Open Licence Etalab 2.0,2026-07-29T00:00:00.000Z,[2026-07-29] Fenêtres importées sans réduction depuis Pépinière-Mesclun v1.1. Culture source : Coriandre — Coriandre.,
INRAE-MESCLUN-0124,Coriandre,Apiaceae,Coriandrum sativum,Sous abri,,5,5,7,11,16,6,,56,,,,,Plantation,false,oceanique,Nord-Ouest,source_documentee,true,INRAE — Pépinière-Mesclun v1.1 · DOI 10.57745/IQVM2I · cycle : FRAB Bretagne,https://entrepot.recherche.data.gouv.fr/dataset.xhtml?persistentId=doi:10.57745/IQVM2I,inrae-mesclun-v1.1-cycles-0124,1.1,Licence Ouverte / Open Licence Etalab 2.0,2026-07-29T00:00:00.000Z,[2026-07-29] Fenêtres importées sans réduction depuis Pépinière-Mesclun v1.1. Culture source : Coriandre — Coriandre Abris.,
INRAE-MESCLUN-0125,Coriandre,Apiaceae,Coriandrum sativum,Sous abri,,37,37,40,44,14,23,,112,,,,,Plantation,false,oceanique,Nord-Ouest,source_documentee,true,INRAE — Pépinière-Mesclun v1.1 · DOI 10.57745/IQVM2I · cycle : FRAB Bretagne,https://entrepot.recherche.data.gouv.fr/dataset.xhtml?persistentId=doi:10.57745/IQVM2I,inrae-mesclun-v1.1-cycles-0125,1.1,Licence Ouverte / Open Licence Etalab 2.0,2026-07-29T00:00:00.000Z,[2026-07-29] Fenêtres importées sans réduction depuis Pépinière-Mesclun v1.1. Culture source : Coriandre — Coriandre Abris.,Récolte : Plusieurs récoltes sur le cycle: 44-48; 1-5; 9-14
INRAE-MESCLUN-0126,Coriandre,Apiaceae,Coriandrum sativum,Sous abri,,42,42,44,48,9,14,,84,,,,,Plantation,false,oceanique,Nord-Ouest,source_documentee,true,INRAE — Pépinière-Mesclun v1.1 · DOI 10.57745/IQVM2I · cycle : FRAB Bretagne,https://entrepot.recherche.data.gouv.fr/dataset.xhtml?persistentId=doi:10.57745/IQVM2I,inrae-mesclun-v1.1-cycles-0126,1.1,Licence Ouverte / Open Licence Etalab 2.0,2026-07-29T00:00:00.000Z,[2026-07-29] Fenêtres importées sans réduction depuis Pépinière-Mesclun v1.1. Culture source : Coriandre — Coriandre Abris.,Récolte : Plusieurs récoltes sur le cycle: 48-53; 5-9
INRAE-MESCLUN-0127,Cornichon,Cucurbitaceae,Cucumis sativus,Plein champ,,20,20,22,26,31,6,,56,,,,,Plantation,false,oceanique,Nord-Ouest,source_documentee,true,INRAE — Pépinière-Mesclun v1.1 · DOI 10.57745/IQVM2I · cycle : FRAB Bretagne,https://entrepot.recherche.data.gouv.fr/dataset.xhtml?persistentId=doi:10.57745/IQVM2I,inrae-mesclun-v1.1-cycles-0127,1.1,Licence Ouverte / Open Licence Etalab 2.0,2026-07-29T00:00:00.000Z,[2026-07-29] Fenêtres importées sans réduction depuis Pépinière-Mesclun v1.1. Culture source : Cornichon — Concombre.,Récolte : RAS (mais à récolter tous les jours)
INRAE-MESCLUN-0128,Cornichon,Cucurbitaceae,Cucumis sativus,Plein champ,,24,24,27,30,35,6,,49,,,,,Plantation,false,oceanique,Nord-Ouest,source_documentee,true,INRAE — Pépinière-Mesclun v1.1 · DOI 10.57745/IQVM2I · cycle : FRAB Bretagne,https://entrepot.recherche.data.gouv.fr/dataset.xhtml?persistentId=doi:10.57745/IQVM2I,inrae-mesclun-v1.1-cycles-0128,1.1,Licence Ouverte / Open Licence Etalab 2.0,2026-07-29T00:00:00.000Z,[2026-07-29] Fenêtres importées sans réduction depuis Pépinière-Mesclun v1.1. Culture source : Cornichon — Concombre.,Récolte : RAS (mais à récolter tous les jours)
Corossol — antilles,Corossol,Annonaceae,Annona muricata,,,25,,,36,,20,,1095,,500,,,,,tropical_antilles,,a_revoir,true,,,,,,,,"Strictement tropical, gélif, aime chaleur et humidité constantes. Pic de récolte fin hivernage-carême (S36-4). Sensible aux cochenilles/foreurs. Plantation début hivernage."
Corossol — austral,Corossol,Annonaceae,Annona muricata,,,44,,,2,,16,,1095,,400,,,,,tropical_austral,,a_revoir,true,,,,,,,,"Pic de récolte en été austral et début d'automne (janv.-avril). Vrai tropical frileux : réserver aux zones chaudes de basse altitude (littoral Réunion, Mayotte, N.-Calédonie). Pollinisation à la main recommandée en verge"
Corossol — equatorial,Corossol,Annonaceae,Annona muricata,,,15,,,26,,24,,1095,,450,,,,,equatorial,,a_revoir,true,,,,,,,,L'Annona la mieux adaptée aux climats chauds et humides (contrairement au cœur de bœuf/pomme-cannelle qui préfèrent une saison sèche). Pollinisation manuelle recommandée. Sensible aux cochenilles et à la foreuse des grai
Cosmos,Cosmos,Asteraceae,Cosmos bipinnatus,,16,,,,28,,4,,84,2,30,45,,,,,,a_revoir,true,ITAB Guides Légumes Bio (T1+T2) ; semencemag.fr (SNHF) ; Semailles densités semis,,,,,2026-05-15T14:00:05.379Z,"Fleur compagne — semis direct ou godet selon espèce. Attire les pollinisateurs, fait office de plante-piège pour les pucerons.","Adapté climat France \n Source: ITAB, Standard Climat France (Valable 2026)"
Courge-ete,Courge,Cucurbitaceae,Cucurbita maxima,Plein champ,16,20,,,36,,4,,140,1,100,150,,,,,,a_revoir,true,ITAB Guides Légumes Bio (T1+T2) ; semencemag.fr (SNHF) ; Semailles densités semis,,,,,2026-05-15T14:00:05.379Z,"Semis sous abri 6-8 semaines avant plantation. Sol > 18 °C, paillage chaud (BRF, plastique noir). Sensible au mildiou.","Adapté climat France \n Source: ITAB, Standard Climat France (Valable 2026)"
Courge-printemps,Courge,Cucurbitaceae,Cucurbita maxima,Plein champ,10,14,,,30,,4,,140,1,100,150,,,,,,a_revoir,true,ITAB Guides Légumes Bio (T1+T2) ; semencemag.fr (SNHF) ; Semailles densités semis,,,,,2026-05-15T14:00:05.379Z,"Semis sous abri 6-8 semaines avant plantation. Sol > 18 °C, paillage chaud (BRF, plastique noir). Sensible au mildiou.","Adapté climat France \n Source: ITAB, Standard Climat France (Valable 2026)"
INRAE-MESCLUN-0129,Courge,Cucurbitaceae,Cucurbita maxima,Plein champ,14,,14,18,31,40,10,,140,,,,,Semis,false,oceanique,Nord-Ouest,source_documentee,true,INRAE — Pépinière-Mesclun v1.1 · DOI 10.57745/IQVM2I · cycle : FRAB Bretagne et expertise,https://entrepot.recherche.data.gouv.fr/dataset.xhtml?persistentId=doi:10.57745/IQVM2I,inrae-mesclun-v1.1-cycles-0129,1.1,Licence Ouverte / Open Licence Etalab 2.0,2026-07-29T00:00:00.000Z,[2026-07-29] Fenêtres importées sans réduction depuis Pépinière-Mesclun v1.1. Culture source : Courge.,
INRAE-MESCLUN-0130,Courge,Cucurbitaceae,Cucurbita maxima,Plein champ,,18,18,22,31,40,10,,112,,,,,Plantation,false,oceanique,Nord-Ouest,source_documentee,true,INRAE — Pépinière-Mesclun v1.1 · DOI 10.57745/IQVM2I · cycle : FRAB Bretagne et expertise,https://entrepot.recherche.data.gouv.fr/dataset.xhtml?persistentId=doi:10.57745/IQVM2I,inrae-mesclun-v1.1-cycles-0130,1.1,Licence Ouverte / Open Licence Etalab 2.0,2026-07-29T00:00:00.000Z,[2026-07-29] Fenêtres importées sans réduction depuis Pépinière-Mesclun v1.1. Culture source : Courge.,
INRAE-MESCLUN-0131,Courge,Cucurbitaceae,Cucurbita maxima,Plein champ,18,,18,27,35,44,10,,119,,,,,Semis,false,oceanique,Nord-Ouest,source_documentee,true,INRAE — Pépinière-Mesclun v1.1 · DOI 10.57745/IQVM2I · cycle : FRAB Bretagne et expertise,https://entrepot.recherche.data.gouv.fr/dataset.xhtml?persistentId=doi:10.57745/IQVM2I,inrae-mesclun-v1.1-cycles-0131,1.1,Licence Ouverte / Open Licence Etalab 2.0,2026-07-29T00:00:00.000Z,[2026-07-29] Fenêtres importées sans réduction depuis Pépinière-Mesclun v1.1. Culture source : Courge.,Implantation : Rattrape tardif
INRAE-MESCLUN-0132,Courge,Cucurbitaceae,Cucurbita maxima,Plein champ,,20,20,22,31,44,14,,119,,,,,Plantation,false,oceanique,Nord-Ouest,source_documentee,true,INRAE — Pépinière-Mesclun v1.1 · DOI 10.57745/IQVM2I · cycle : FRAB Bretagne et expertise,https://entrepot.recherche.data.gouv.fr/dataset.xhtml?persistentId=doi:10.57745/IQVM2I,inrae-mesclun-v1.1-cycles-0132,1.1,Licence Ouverte / Open Licence Etalab 2.0,2026-07-29T00:00:00.000Z,[2026-07-29] Fenêtres importées sans réduction depuis Pépinière-Mesclun v1.1. Culture source : Courge.,
Courge-butternut,Courge butternut,Cucurbitaceae,Cucurbita maxima,,16,20,,,36,,4,,140,1,100,150,,,,,,a_revoir,true,ITAB Guides Légumes Bio (T1+T2) ; semencemag.fr (SNHF) ; Semailles densités semis,,,,,2026-05-15T14:00:05.379Z,"Semis sous abri 6-8 semaines avant plantation. Sol > 18 °C, paillage chaud (BRF, plastique noir). Sensible au mildiou.","Adapté climat France \n Source: ITAB, Standard Climat France (Valable 2026)"
Courgette-ete-tardive,Courgette,Cucurbitaceae,Cucurbita pepo,Plein champ,20,24,,,40,,4,,140,1,81,121,,,,,,a_revoir,true,ITAB Guides Légumes Bio (T1+T2) ; semencemag.fr (SNHF) ; Semailles densités semis,,,,,2026-05-15T14:20:20.025Z, \n [2026-05-14] Courgette : espacement arrondi 81 → 80 cm.,"Adapté climat France \n Source: ITAB, Standard Climat France (Valable 2026)"
Courgette-printemps,Courgette,Cucurbitaceae,Cucurbita pepo,Plein champ,14,18,,,34,,4,,140,1,81,121,,,,,,a_revoir,true,ITAB Guides Légumes Bio (T1+T2) ; semencemag.fr (SNHF) ; Semailles densités semis,,,,,2026-05-15T14:20:20.025Z, \n [2026-05-14] Courgette : espacement arrondi 81 → 80 cm.,"Adapté climat France \n Source: ITAB, Standard Climat France (Valable 2026)"
Courgette-printemps-serre,Courgette,Cucurbitaceae,Cucurbita pepo,Sous abri,10,14,,,30,,4,28,140,1,81,121,,,,,,a_revoir,true,ITAB Guides Légumes Bio (T1+T2) ; semencemag.fr (SNHF) ; Semailles densités semis,,,,,2026-05-15T14:20:20.025Z, \n [2026-05-14] Courgette : espacement arrondi 81 → 80 cm.,"Adapté climat France \n Source: ITAB, Standard Climat France (Valable 2026)"
INRAE-MESCLUN-0133,Courgette,Cucurbitaceae,Cucurbita pepo,Sous abri,,33,33,35,37,46,10,,56,,,,,Plantation,false,oceanique,Nord-Ouest,source_documentee,true,INRAE — Pépinière-Mesclun v1.1 · DOI 10.57745/IQVM2I · cycle : FRAB Bretagne,https://entrepot.recherche.data.gouv.fr/dataset.xhtml?persistentId=doi:10.57745/IQVM2I,inrae-mesclun-v1.1-cycles-0133,1.1,Licence Ouverte / Open Licence Etalab 2.0,2026-07-29T00:00:00.000Z,[2026-07-29] Fenêtres importées sans réduction depuis Pépinière-Mesclun v1.1. Culture source : Courgette — courgette.,
INRAE-MESCLUN-0134,Courgette,Cucurbitaceae,Cucurbita pepo,Sous abri,,11,11,14,18,27,10,,70,,,,,Plantation,true,oceanique,Nord-Ouest,source_documentee,true,INRAE — Pépinière-Mesclun v1.1 · DOI 10.57745/IQVM2I · cycle : FRAB Bretagne,https://entrepot.recherche.data.gouv.fr/dataset.xhtml?persistentId=doi:10.57745/IQVM2I,inrae-mesclun-v1.1-cycles-0134,1.1,Licence Ouverte / Open Licence Etalab 2.0,2026-07-29T00:00:00.000Z,[2026-07-29] Fenêtres importées sans réduction depuis Pépinière-Mesclun v1.1. Culture source : Courgette — courgette.,
INRAE-MESCLUN-0135,Courgette,Cucurbitaceae,Cucurbita pepo,Plein champ,,18,18,20,22,31,10,,56,,,,,Plantation,false,oceanique,Nord-Ouest,source_documentee,true,INRAE — Pépinière-Mesclun v1.1 · DOI 10.57745/IQVM2I · cycle : FRAB Bretagne,https://entrepot.recherche.data.gouv.fr/dataset.xhtml?persistentId=doi:10.57745/IQVM2I,inrae-mesclun-v1.1-cycles-0135,1.1,Licence Ouverte / Open Licence Etalab 2.0,2026-07-29T00:00:00.000Z,[2026-07-29] Fenêtres importées sans réduction depuis Pépinière-Mesclun v1.1. Culture source : Courgette — courgette.,
INRAE-MESCLUN-0136,Courgette,Cucurbitaceae,Cucurbita pepo,Plein champ,,20,20,22,24,33,10,,56,,,,,Plantation,false,oceanique,Nord-Ouest,source_documentee,true,INRAE — Pépinière-Mesclun v1.1 · DOI 10.57745/IQVM2I · cycle : FRAB Bretagne,https://entrepot.recherche.data.gouv.fr/dataset.xhtml?persistentId=doi:10.57745/IQVM2I,inrae-mesclun-v1.1-cycles-0136,1.1,Licence Ouverte / Open Licence Etalab 2.0,2026-07-29T00:00:00.000Z,[2026-07-29] Fenêtres importées sans réduction depuis Pépinière-Mesclun v1.1. Culture source : Courgette — courgette.,
INRAE-MESCLUN-0137,Courgette,Cucurbitaceae,Cucurbita pepo,Plein champ,22,,22,24,29,37,9,,70,,,,,Semis,false,oceanique,Nord-Ouest,source_documentee,true,INRAE — Pépinière-Mesclun v1.1 · DOI 10.57745/IQVM2I · cycle : FRAB Bretagne,https://entrepot.recherche.data.gouv.fr/dataset.xhtml?persistentId=doi:10.57745/IQVM2I,inrae-mesclun-v1.1-cycles-0137,1.1,Licence Ouverte / Open Licence Etalab 2.0,2026-07-29T00:00:00.000Z,[2026-07-29] Fenêtres importées sans réduction depuis Pépinière-Mesclun v1.1. Culture source : Courgette — courgette.,
INRAE-MESCLUN-0138,Courgette,Cucurbitaceae,Cucurbita pepo,Plein champ,27,,27,29,33,42,10,,70,,,,,Semis,false,oceanique,Nord-Ouest,source_documentee,true,INRAE — Pépinière-Mesclun v1.1 · DOI 10.57745/IQVM2I · cycle : FRAB Bretagne,https://entrepot.recherche.data.gouv.fr/dataset.xhtml?persistentId=doi:10.57745/IQVM2I,inrae-mesclun-v1.1-cycles-0138,1.1,Licence Ouverte / Open Licence Etalab 2.0,2026-07-29T00:00:00.000Z,[2026-07-29] Fenêtres importées sans réduction depuis Pépinière-Mesclun v1.1. Culture source : Courgette — courgette.,
INRAE-MESCLUN-0139,Crosne,Lamiaceae,Stachys affinis,Plein champ,,5,5,18,44,52,9,,252,,,,,Plantation,false,oceanique,Nord-Ouest,source_documentee,true,INRAE — Pépinière-Mesclun v1.1 · DOI 10.57745/IQVM2I · cycle : Ferme Sainte Marthe,https://entrepot.recherche.data.gouv.fr/dataset.xhtml?persistentId=doi:10.57745/IQVM2I,inrae-mesclun-v1.1-cycles-0139,1.1,Licence Ouverte / Open Licence Etalab 2.0,2026-07-29T00:00:00.000Z,[2026-07-29] Fenêtres importées sans réduction depuis Pépinière-Mesclun v1.1. Culture source : Crosne.,
Curcuma (safran-pays) — antilles,Curcuma (safran-pays),Zingiberaceae,Curcuma longa,,,16,,,6,,4,,285,,30,,,,,tropical_antilles,,a_revoir,true,,,,,,,,"Plantation aux premières pluies (avril-mai), grossissement sur l'hivernage, récolte en carême. Sols riches et frais, mi-ombre. Même itinéraire que le gingembre, souvent associés au jardin."
Curcuma (safran-pays) — austral,Curcuma (safran-pays),Zingiberaceae,Curcuma longa,,,40,,,26,,6,,270,,30,,,,,tropical_austral,,a_revoir,true,,,,,,,,"Plantation en début de saison humide (octobre), récolte quand le feuillage sèche en hiver austral (juin-juillet). Sol riche, meuble et humide durant la croissance ; assèchement en fin de cycle. Ombrage léger toléré. Se c"
Celeri,Céleri,Apiaceae,Apium graveolens,Plein champ,10,14,,,22,,4,,84,2,30,45,,,,,,a_revoir,true,ITAB Guides Légumes Bio (T1+T2) ; semencemag.fr (SNHF) ; Semailles densités semis,,,,,2026-05-15T14:00:05.379Z,"Pépinière 8-10 semaines puis transplantation après les saintes glaces. Sol riche, humide, drainé.","Adapté climat France \n Source: ITAB, Standard Climat France (Valable 2026)"
INRAE-MESCLUN-0046,Céleri branche,Apiaceae,Apium graveolens,Sous abri,,5,5,7,18,27,10,,119,,,,,Plantation,false,oceanique,Nord-Ouest,source_documentee,true,INRAE — Pépinière-Mesclun v1.1 · DOI 10.57745/IQVM2I · cycle : FRAB Bretagne,https://entrepot.recherche.data.gouv.fr/dataset.xhtml?persistentId=doi:10.57745/IQVM2I,inrae-mesclun-v1.1-cycles-0046,1.1,Licence Ouverte / Open Licence Etalab 2.0,2026-07-29T00:00:00.000Z,[2026-07-29] Fenêtres importées sans réduction depuis Pépinière-Mesclun v1.1. Culture source : Céleri branche — Céleri branche.,
INRAE-MESCLUN-0047,Céleri branche,Apiaceae,Apium graveolens,Sous abri,,40,40,42,5,16,12,,154,,,,,Plantation,false,oceanique,Nord-Ouest,source_documentee,true,INRAE — Pépinière-Mesclun v1.1 · DOI 10.57745/IQVM2I · cycle : FRAB Bretagne,https://entrepot.recherche.data.gouv.fr/dataset.xhtml?persistentId=doi:10.57745/IQVM2I,inrae-mesclun-v1.1-cycles-0047,1.1,Licence Ouverte / Open Licence Etalab 2.0,2026-07-29T00:00:00.000Z,[2026-07-29] Fenêtres importées sans réduction depuis Pépinière-Mesclun v1.1. Culture source : Céleri branche — Céleri branche.,
INRAE-MESCLUN-0048,Céleri branche,Apiaceae,Apium graveolens,Plein champ,,20,20,24,31,48,18,,126,,,,,Plantation,false,oceanique,Nord-Ouest,source_documentee,true,INRAE — Pépinière-Mesclun v1.1 · DOI 10.57745/IQVM2I · cycle : FRAB Bretagne,https://entrepot.recherche.data.gouv.fr/dataset.xhtml?persistentId=doi:10.57745/IQVM2I,inrae-mesclun-v1.1-cycles-0048,1.1,Licence Ouverte / Open Licence Etalab 2.0,2026-07-29T00:00:00.000Z,[2026-07-29] Fenêtres importées sans réduction depuis Pépinière-Mesclun v1.1. Culture source : Céleri branche — Céleri branche.,
INRAE-MESCLUN-0049,Céleri-rave,Apiaceae,Apium graveolens,Plein champ,,16,16,24,33,48,16,,147,,,,,Plantation,false,oceanique,Nord-Ouest,source_documentee,true,INRAE — Pépinière-Mesclun v1.1 · DOI 10.57745/IQVM2I · cycle : FRAB Bretagne,https://entrepot.recherche.data.gouv.fr/dataset.xhtml?persistentId=doi:10.57745/IQVM2I,inrae-mesclun-v1.1-cycles-0049,1.1,Licence Ouverte / Open Licence Etalab 2.0,2026-07-29T00:00:00.000Z,[2026-07-29] Fenêtres importées sans réduction depuis Pépinière-Mesclun v1.1. Culture source : Céleri rave — Céleri rave.,
INRAE-MESCLUN-0050,Céleri-rave,Apiaceae,Apium graveolens,Plein champ,,18,18,24,33,48,16,,140,,,,,Plantation,false,oceanique,Nord-Ouest,source_documentee,true,INRAE — Pépinière-Mesclun v1.1 · DOI 10.57745/IQVM2I · cycle : FRAB Bretagne,https://entrepot.recherche.data.gouv.fr/dataset.xhtml?persistentId=doi:10.57745/IQVM2I,inrae-mesclun-v1.1-cycles-0050,1.1,Licence Ouverte / Open Licence Etalab 2.0,2026-07-29T00:00:00.000Z,[2026-07-29] Fenêtres importées sans réduction depuis Pépinière-Mesclun v1.1. Culture source : Céleri rave — Céleri rave.,
Dachine (taro) — antilles,Dachine (taro),Araceae,Colocasia esculenta,,22,,,,12,,6,,270,,70,,,,,tropical_antilles,,a_revoir,true,,,,,,,,"Plantation dès le début de l'hivernage (juin) pour couvrir les besoins en eau élevés ; récolte en fin d'hivernage/début carême. Idéal en zone humide de basse et moyenne altitude, sols riches en matière organique. Irrigat"
Dachine (taro) — austral,Dachine (taro),Araceae,Colocasia esculenta,,40,40,,,18,,8,,240,,60,,,,,tropical_austral,,a_revoir,true,,,,,,,,"Plantation début de saison humide (octobre), récolte en début d'hiver austral (mai). Exige de l'eau en permanence : bas-fonds, bord de rivière ou irrigation. Les feuilles servent aussi de brède. Sensible au dépérissement"
Dachine (taro) — equatorial,Dachine (taro),Araceae,Colocasia esculenta,,14,14,,,50,,8,,245,,70,,,,,equatorial,,a_revoir,true,,,,,,,,"Plantation à l'entrée de la grande saison des pluies (avril) pour couvrir les besoins hydriques élevés ; récolte au retour des pluies suivant (décembre). Idéal en bas-fond humide ou bordure de crique. Sans irrigation, év"
INRAE-MESCLUN-0141,Endive,Asteraceae,Cichorium intybus,Plein champ,16,,16,20,40,44,5,,168,,,,,Semis,false,oceanique,Nord-Ouest,source_documentee,true,INRAE — Pépinière-Mesclun v1.1 · DOI 10.57745/IQVM2I · cycle : FRAB Bretagne,https://entrepot.recherche.data.gouv.fr/dataset.xhtml?persistentId=doi:10.57745/IQVM2I,inrae-mesclun-v1.1-cycles-0141,1.1,Licence Ouverte / Open Licence Etalab 2.0,2026-07-29T00:00:00.000Z,[2026-07-29] Fenêtres importées sans réduction depuis Pépinière-Mesclun v1.1. Culture source : Endive — Endive précoces.,"Récolte : Après récolte en champ, c'est pendant la période de forçage qui succède que l'endive est commercialisable. Ici la période de forçage a lieu de semaine 44 à 3."
INRAE-MESCLUN-0142,Endive,Asteraceae,Cichorium intybus,Plein champ,20,,20,22,44,48,5,,175,,,,,Semis,false,oceanique,Nord-Ouest,source_documentee,true,INRAE — Pépinière-Mesclun v1.1 · DOI 10.57745/IQVM2I · cycle : FRAB Bretagne,https://entrepot.recherche.data.gouv.fr/dataset.xhtml?persistentId=doi:10.57745/IQVM2I,inrae-mesclun-v1.1-cycles-0142,1.1,Licence Ouverte / Open Licence Etalab 2.0,2026-07-29T00:00:00.000Z,[2026-07-29] Fenêtres importées sans réduction depuis Pépinière-Mesclun v1.1. Culture source : Endive — Endive saison.,"Récolte : Après récolte en champ, c'est pendant la période de forçage qui succède que l'endive est commercialisable. Ici la période de forçage a lieu de semaine 50 à 11."
INRAE-MESCLUN-0143,Endive,Asteraceae,Cichorium intybus,Plein champ,20,,20,24,44,50,7,,175,,,,,Semis,false,oceanique,Nord-Ouest,source_documentee,true,INRAE — Pépinière-Mesclun v1.1 · DOI 10.57745/IQVM2I · cycle : FRAB Bretagne,https://entrepot.recherche.data.gouv.fr/dataset.xhtml?persistentId=doi:10.57745/IQVM2I,inrae-mesclun-v1.1-cycles-0143,1.1,Licence Ouverte / Open Licence Etalab 2.0,2026-07-29T00:00:00.000Z,[2026-07-29] Fenêtres importées sans réduction depuis Pépinière-Mesclun v1.1. Culture source : Endive — Endive Tardive.,"Récolte : Après récolte en champ, c'est pendant la période de forçage qui succède que l'endive est commercialisable. Ici la période de forçage a lieu de semaine 9 à 20."
Fenouil-ete,Fenouil,Apiaceae,,Plein champ,29,33,,,41,,4,,84,2,35,52,,,,,,a_revoir,true,ITAB Guides Légumes Bio (T1+T2) ; semencemag.fr (SNHF) ; Semailles densités semis,,,,,2026-05-15T14:00:05.379Z,"Plant repiqué tardif. Sol > 15 °C, exposition plein sud. Récolte des bulbes formés (cucurbitacée tardive).","Adapté climat France \n Source: ITAB, Standard Climat France (Valable 2026)"
INRAE-MESCLUN-0153,Fenouil,Apiaceae,,Sous abri,,9,9,11,20,24,5,,84,,,,,Plantation,false,oceanique,Nord-Ouest,source_documentee,true,INRAE — Pépinière-Mesclun v1.1 · DOI 10.57745/IQVM2I · cycle : FRAB Bretagne,https://entrepot.recherche.data.gouv.fr/dataset.xhtml?persistentId=doi:10.57745/IQVM2I,inrae-mesclun-v1.1-cycles-0153,1.1,Licence Ouverte / Open Licence Etalab 2.0,2026-07-29T00:00:00.000Z,[2026-07-29] Fenêtres importées sans réduction depuis Pépinière-Mesclun v1.1. Culture source : Fenouil — Fenouil.,
INRAE-MESCLUN-0154,Fenouil,Apiaceae,,Sous abri,,5,5,7,16,20,5,,84,,,,,Plantation,true,oceanique,Nord-Ouest,source_documentee,true,INRAE — Pépinière-Mesclun v1.1 · DOI 10.57745/IQVM2I · cycle : FRAB Bretagne,https://entrepot.recherche.data.gouv.fr/dataset.xhtml?persistentId=doi:10.57745/IQVM2I,inrae-mesclun-v1.1-cycles-0154,1.1,Licence Ouverte / Open Licence Etalab 2.0,2026-07-29T00:00:00.000Z,[2026-07-29] Fenêtres importées sans réduction depuis Pépinière-Mesclun v1.1. Culture source : Fenouil — Fenouil.,
INRAE-MESCLUN-0155,Fenouil,Apiaceae,,Sous abri,,9,9,11,20,24,5,,84,,,,,Plantation,true,oceanique,Nord-Ouest,source_documentee,true,INRAE — Pépinière-Mesclun v1.1 · DOI 10.57745/IQVM2I · cycle : FRAB Bretagne,https://entrepot.recherche.data.gouv.fr/dataset.xhtml?persistentId=doi:10.57745/IQVM2I,inrae-mesclun-v1.1-cycles-0155,1.1,Licence Ouverte / Open Licence Etalab 2.0,2026-07-29T00:00:00.000Z,[2026-07-29] Fenêtres importées sans réduction depuis Pépinière-Mesclun v1.1. Culture source : Fenouil — Fenouil.,
INRAE-MESCLUN-0156,Fenouil,Apiaceae,,Sous abri,,37,37,40,7,14,8,,168,,,,,Plantation,true,oceanique,Nord-Ouest,source_documentee,true,INRAE — Pépinière-Mesclun v1.1 · DOI 10.57745/IQVM2I · cycle : FRAB Bretagne,https://entrepot.recherche.data.gouv.fr/dataset.xhtml?persistentId=doi:10.57745/IQVM2I,inrae-mesclun-v1.1-cycles-0156,1.1,Licence Ouverte / Open Licence Etalab 2.0,2026-07-29T00:00:00.000Z,[2026-07-29] Fenêtres importées sans réduction depuis Pépinière-Mesclun v1.1. Culture source : Fenouil — Fenouil.,
INRAE-MESCLUN-0157,Fenouil,Apiaceae,,Plein champ,,14,14,16,24,29,6,,84,,,,,Plantation,false,oceanique,Nord-Ouest,source_documentee,true,INRAE — Pépinière-Mesclun v1.1 · DOI 10.57745/IQVM2I · cycle : FRAB Bretagne,https://entrepot.recherche.data.gouv.fr/dataset.xhtml?persistentId=doi:10.57745/IQVM2I,inrae-mesclun-v1.1-cycles-0157,1.1,Licence Ouverte / Open Licence Etalab 2.0,2026-07-29T00:00:00.000Z,[2026-07-29] Fenêtres importées sans réduction depuis Pépinière-Mesclun v1.1. Culture source : Fenouil — Fenouil.,
INRAE-MESCLUN-0158,Fenouil,Apiaceae,,Plein champ,,18,18,20,29,33,5,,84,,,,,Plantation,false,oceanique,Nord-Ouest,source_documentee,true,INRAE — Pépinière-Mesclun v1.1 · DOI 10.57745/IQVM2I · cycle : FRAB Bretagne,https://entrepot.recherche.data.gouv.fr/dataset.xhtml?persistentId=doi:10.57745/IQVM2I,inrae-mesclun-v1.1-cycles-0158,1.1,Licence Ouverte / Open Licence Etalab 2.0,2026-07-29T00:00:00.000Z,[2026-07-29] Fenêtres importées sans réduction depuis Pépinière-Mesclun v1.1. Culture source : Fenouil — Fenouil.,
INRAE-MESCLUN-0159,Fenouil,Apiaceae,,Plein champ,,22,22,24,33,37,5,,84,,,,,Plantation,false,oceanique,Nord-Ouest,source_documentee,true,INRAE — Pépinière-Mesclun v1.1 · DOI 10.57745/IQVM2I · cycle : FRAB Bretagne,https://entrepot.recherche.data.gouv.fr/dataset.xhtml?persistentId=doi:10.57745/IQVM2I,inrae-mesclun-v1.1-cycles-0159,1.1,Licence Ouverte / Open Licence Etalab 2.0,2026-07-29T00:00:00.000Z,[2026-07-29] Fenêtres importées sans réduction depuis Pépinière-Mesclun v1.1. Culture source : Fenouil — Fenouil.,
INRAE-MESCLUN-0160,Fenouil,Apiaceae,,Plein champ,,27,27,29,37,42,6,,84,,,,,Plantation,false,oceanique,Nord-Ouest,source_documentee,true,INRAE — Pépinière-Mesclun v1.1 · DOI 10.57745/IQVM2I · cycle : FRAB Bretagne,https://entrepot.recherche.data.gouv.fr/dataset.xhtml?persistentId=doi:10.57745/IQVM2I,inrae-mesclun-v1.1-cycles-0160,1.1,Licence Ouverte / Open Licence Etalab 2.0,2026-07-29T00:00:00.000Z,[2026-07-29] Fenêtres importées sans réduction depuis Pépinière-Mesclun v1.1. Culture source : Fenouil — Fenouil.,
INRAE-MESCLUN-0161,Fenouil,Apiaceae,,Plein champ,,31,31,33,42,46,5,,84,,,,,Plantation,false,oceanique,Nord-Ouest,source_documentee,true,INRAE — Pépinière-Mesclun v1.1 · DOI 10.57745/IQVM2I · cycle : FRAB Bretagne,https://entrepot.recherche.data.gouv.fr/dataset.xhtml?persistentId=doi:10.57745/IQVM2I,inrae-mesclun-v1.1-cycles-0161,1.1,Licence Ouverte / Open Licence Etalab 2.0,2026-07-29T00:00:00.000Z,[2026-07-29] Fenêtres importées sans réduction depuis Pépinière-Mesclun v1.1. Culture source : Fenouil — Fenouil.,
Fraise d'altitude — antilles,Fraise d'altitude,Rosaceae,Fragaria x ananassa,,,40,,,2,,10,,100,,30,,,,,tropical_antilles,,a_revoir,true,,,,,,,,"À réserver aux zones d'altitude (Morne-Rouge / flancs de la Pelée en Martinique, hauteurs de Basse-Terre en Guadeloupe, > 400-500 m). Plantation des plants en début de carême (oct., sem. 40) ; la fructification profite d"
Fraise d'altitude — austral,Fraise d'altitude,Rosaceae,Fragaria x ananassa,,,14,,,38,,10,,150,,30,,,,,tropical_austral,,a_revoir,true,,,,,,,,"Plantation des stolons en automne austral (avril, S14), pendant la fraîcheur qui favorise l'enracinement et l'induction florale. Récolte au printemps austral (septembre-novembre, pic S38). RÉSERVÉE À L'ALTITUDE >1000 m ("
INRAE-MESCLUN-0166,Fraisier,Rosaceae,Fragaria × ananassa,Plein champ,,27,27,31,14,31,18,,322,,,,,Plantation,true,oceanique,Nord-Ouest,source_documentee,true,INRAE — Pépinière-Mesclun v1.1 · DOI 10.57745/IQVM2I · cycle : FRAB Bretagne (Fiche) et expertise,https://entrepot.recherche.data.gouv.fr/dataset.xhtml?persistentId=doi:10.57745/IQVM2I,inrae-mesclun-v1.1-cycles-0166,1.1,Licence Ouverte / Open Licence Etalab 2.0,2026-07-29T00:00:00.000Z,[2026-07-29] Fenêtres importées sans réduction depuis Pépinière-Mesclun v1.1. Culture source : Fraise.,Implantation : Stolon \n Récolte : Récolte qui peut s'échelonner sur la période selon variétés
INRAE-MESCLUN-0167,Fraisier,Rosaceae,Fragaria × ananassa,Plein champ,,31,31,35,14,31,18,,294,,,,,Plantation,true,oceanique,Nord-Ouest,source_documentee,true,INRAE — Pépinière-Mesclun v1.1 · DOI 10.57745/IQVM2I · cycle : FRAB Bretagne (Fiche) et expertise,https://entrepot.recherche.data.gouv.fr/dataset.xhtml?persistentId=doi:10.57745/IQVM2I,inrae-mesclun-v1.1-cycles-0167,1.1,Licence Ouverte / Open Licence Etalab 2.0,2026-07-29T00:00:00.000Z,[2026-07-29] Fenêtres importées sans réduction depuis Pépinière-Mesclun v1.1. Culture source : Fraise.,Implantation : Motte \n Récolte : Récolte qui peut s'échelonner sur la période selon variétés
INRAE-MESCLUN-0168,Fraisier,Rosaceae,Fragaria × ananassa,Sous abri,,27,27,31,14,31,18,,322,,,,,Plantation,false,oceanique,Nord-Ouest,source_documentee,true,INRAE — Pépinière-Mesclun v1.1 · DOI 10.57745/IQVM2I · cycle : FRAB Bretagne (Fiche) et expertise,https://entrepot.recherche.data.gouv.fr/dataset.xhtml?persistentId=doi:10.57745/IQVM2I,inrae-mesclun-v1.1-cycles-0168,1.1,Licence Ouverte / Open Licence Etalab 2.0,2026-07-29T00:00:00.000Z,[2026-07-29] Fenêtres importées sans réduction depuis Pépinière-Mesclun v1.1. Culture source : Fraise.,Implantation : Stolon \n Récolte : Récolte qui peut s'échelonner sur la période selon variétés
INRAE-MESCLUN-0169,Fraisier,Rosaceae,Fragaria × ananassa,Sous abri,,31,31,35,14,31,18,,294,,,,,Plantation,false,oceanique,Nord-Ouest,source_documentee,true,INRAE — Pépinière-Mesclun v1.1 · DOI 10.57745/IQVM2I · cycle : FRAB Bretagne (Fiche) et expertise,https://entrepot.recherche.data.gouv.fr/dataset.xhtml?persistentId=doi:10.57745/IQVM2I,inrae-mesclun-v1.1-cycles-0169,1.1,Licence Ouverte / Open Licence Etalab 2.0,2026-07-29T00:00:00.000Z,[2026-07-29] Fenêtres importées sans réduction depuis Pépinière-Mesclun v1.1. Culture source : Fraise.,Implantation : Motte \n Récolte : Récolte qui peut s'échelonner sur la période selon variétés
INRAE-MESCLUN-0170,Fraisier,Rosaceae,Fragaria × ananassa,Sous abri,,48,48,52,14,31,18,,175,,,,,Plantation,false,oceanique,Nord-Ouest,source_documentee,true,INRAE — Pépinière-Mesclun v1.1 · DOI 10.57745/IQVM2I · cycle : FRAB Bretagne (Fiche) et expertise,https://entrepot.recherche.data.gouv.fr/dataset.xhtml?persistentId=doi:10.57745/IQVM2I,inrae-mesclun-v1.1-cycles-0170,1.1,Licence Ouverte / Open Licence Etalab 2.0,2026-07-29T00:00:00.000Z,[2026-07-29] Fenêtres importées sans réduction depuis Pépinière-Mesclun v1.1. Culture source : Fraise.,Implantation : Tray plants \n Récolte : Récolte qui peut s'échelonner sur la période selon variétés
INRAE-MESCLUN-0171,Fraisier,Rosaceae,Fragaria × ananassa,Plein champ,,9,9,14,22,44,23,,147,,,,,Plantation,true,oceanique,Nord-Ouest,source_documentee,true,INRAE — Pépinière-Mesclun v1.1 · DOI 10.57745/IQVM2I · cycle : FRAB Bretagne (Fiche) et expertise,https://entrepot.recherche.data.gouv.fr/dataset.xhtml?persistentId=doi:10.57745/IQVM2I,inrae-mesclun-v1.1-cycles-0171,1.1,Licence Ouverte / Open Licence Etalab 2.0,2026-07-29T00:00:00.000Z,[2026-07-29] Fenêtres importées sans réduction depuis Pépinière-Mesclun v1.1. Culture source : Fraise.,Implantation : Stolon \n Récolte : Récolte continue sur la période; pendant 2 ans en général.
Fruit de la passion — antilles,Fruit de la passion,Passifloraceae,Passiflora edulis,,,22,,,4,,20,,240,,300,,,,,tropical_antilles,,a_revoir,true,,,,,,,,Plantation sur treillage début hivernage (S22). Pic de récolte fin hivernage/carême (S32-4). Rendement indiqué par pied/liane. Renouveler tous les 3-4 ans ; la forme jaune (f. flavicarpa) est la mieux adaptée à la plaine
Fruit de la passion — austral,Fruit de la passion,Passifloraceae,Passiflora edulis,,,44,,,8,,24,,300,,250,,,,,tropical_austral,,a_revoir,true,,,,,,,,"Rendement exprimé par m² de palissage. Plantation au retour des pluies (nov.), premier pic de récolte en fin d'été / automne austral (fév.-juin). La grenadille pourpre convient aux hauteurs plus fraîches de la Réunion, l"
Fruit de la passion — equatorial,Fruit de la passion,Passifloraceae,Passiflora edulis,,,15,,,38,,20,,210,,300,,,,,equatorial,,a_revoir,true,,,,,,,,"Semis fin de petit été de mars (sem.8), repiquage au pied de la palissade à l'entrée des pluies. Conduite sur treille/fil de fer. Le maracudja jaune (f. flavicarpa) est le mieux adapté aux basses terres tropicales. Sensi"
Fève-automne,Fève,Fabaceae,Vicia faba,Plein champ,38,,,,50,,4,,84,2,30,45,30,,,,,a_revoir,true,ITAB Guides Légumes Bio (T1+T2) ; semencemag.fr (SNHF) ; Semailles densités semis,,,,,2026-05-15T14:00:05.379Z,"Semis direct dense, tuteurer les variétés grimpantes. Fixateur d'azote — bénéfique en rotation après légume-feuille.","Adapté climat France \n Source: ITAB, Standard Climat France (Valable 2026)"
Fève-printemps,Fève,Fabaceae,Vicia faba,Plein champ,8,,,,20,,4,,84,2,30,45,30,,,,,a_revoir,true,ITAB Guides Légumes Bio (T1+T2) ; semencemag.fr (SNHF) ; Semailles densités semis,,,,,2026-05-15T14:00:05.379Z,"Semis direct dense, tuteurer les variétés grimpantes. Fixateur d'azote — bénéfique en rotation après légume-feuille.","Adapté climat France \n Source: ITAB, Standard Climat France (Valable 2026)"
INRAE-MESCLUN-0162,Fève,Fabaceae,Vicia faba,Sous abri,,5,5,7,20,24,5,,112,,,,,Plantation,false,oceanique,Nord-Ouest,source_documentee,true,INRAE — Pépinière-Mesclun v1.1 · DOI 10.57745/IQVM2I · cycle : FRAB Bretagne,https://entrepot.recherche.data.gouv.fr/dataset.xhtml?persistentId=doi:10.57745/IQVM2I,inrae-mesclun-v1.1-cycles-0162,1.1,Licence Ouverte / Open Licence Etalab 2.0,2026-07-29T00:00:00.000Z,[2026-07-29] Fenêtres importées sans réduction depuis Pépinière-Mesclun v1.1. Culture source : Fève — Féve.,
INRAE-MESCLUN-0163,Fève,Fabaceae,Vicia faba,Sous abri,,44,44,46,16,20,5,,175,,,,,Plantation,false,oceanique,Nord-Ouest,source_documentee,true,INRAE — Pépinière-Mesclun v1.1 · DOI 10.57745/IQVM2I · cycle : FRAB Bretagne,https://entrepot.recherche.data.gouv.fr/dataset.xhtml?persistentId=doi:10.57745/IQVM2I,inrae-mesclun-v1.1-cycles-0163,1.1,Licence Ouverte / Open Licence Etalab 2.0,2026-07-29T00:00:00.000Z,[2026-07-29] Fenêtres importées sans réduction depuis Pépinière-Mesclun v1.1. Culture source : Fève — Féve.,
INRAE-MESCLUN-0164,Fève,Fabaceae,Vicia faba,Plein champ,,5,5,7,24,29,6,,147,,,,,Plantation,false,oceanique,Nord-Ouest,source_documentee,true,INRAE — Pépinière-Mesclun v1.1 · DOI 10.57745/IQVM2I · cycle : FRAB Bretagne,https://entrepot.recherche.data.gouv.fr/dataset.xhtml?persistentId=doi:10.57745/IQVM2I,inrae-mesclun-v1.1-cycles-0164,1.1,Licence Ouverte / Open Licence Etalab 2.0,2026-07-29T00:00:00.000Z,[2026-07-29] Fenêtres importées sans réduction depuis Pépinière-Mesclun v1.1. Culture source : Fève — Féve.,
INRAE-MESCLUN-0165,Fève,Fabaceae,Vicia faba,Plein champ,,42,42,46,20,24,5,,210,,,,,Plantation,false,oceanique,Nord-Ouest,source_documentee,true,INRAE — Pépinière-Mesclun v1.1 · DOI 10.57745/IQVM2I · cycle : FRAB Bretagne,https://entrepot.recherche.data.gouv.fr/dataset.xhtml?persistentId=doi:10.57745/IQVM2I,inrae-mesclun-v1.1-cycles-0165,1.1,Licence Ouverte / Open Licence Etalab 2.0,2026-07-29T00:00:00.000Z,[2026-07-29] Fenêtres importées sans réduction depuis Pépinière-Mesclun v1.1. Culture source : Fève — Féve.,
Gingembre — antilles,Gingembre,Zingiberaceae,Zingiber officinale,,,16,,,4,,4,,270,,30,,,,,tropical_antilles,,a_revoir,true,,,,,,,,"Plantation aux premières pluies (avril-mai) : la croissance des rhizomes couvre tout l'hivernage humide, récolte en carême (décembre-janvier) quand le feuillage jaunit. Sols riches, meubles, mi-ombre ; buttage."
Gingembre — austral,Gingembre,Zingiberaceae,Zingiber officinale,,,38,,,26,,8,,250,,30,,,,,tropical_austral,,a_revoir,true,,,,,,,,"Plantation des rhizomes en début de saison des pluies (septembre-octobre), récolte quand les feuilles jaunissent en hiver austral (juin-juillet). Apprécie l'ombrage léger et un sol riche et bien drainé. Rhizome jeune réc"
Gingembre — equatorial,Gingembre,Zingiberaceae,Zingiber officinale,,,48,,,40,,6,,285,,30,,,,,equatorial,,a_revoir,true,,,,,,,,"Plantation des rhizomes au retour des pluies (décembre) sur sol riche, meuble et bien drainé ; croissance sur toute la saison humide et récolte en saison sèche (octobre) au dessèchement du feuillage. Un ombrage léger et "
Giraumon — antilles,Giraumon,Cucurbitaceae,Cucurbita moschata,,16,,,,30,,4,,100,,150,,,,,tropical_antilles,,a_revoir,true,,,,,,,,Semis en fin de carême / début hivernage pour que floraison et nouaison précèdent les pluies les plus fortes (limite la pourriture des fruits). Ménager de larges espacements ; paillage pour garder les fruits propres.
Giraumon — austral,Giraumon,Cucurbitaceae,Cucurbita moschata,,46,,,,12,,4,,130,,150,,,,,tropical_austral,,a_revoir,true,,,,,,,,"Semis en début de saison des pluies (octobre), récolte en fin d'été austral (mars). Prévoir 2-3 m² par pied (plante coureuse). Résiste mieux aux maladies que les courges tempérées. Les fruits mûrs se conservent plusieurs"
Giraumon — equatorial,Giraumon,Cucurbitaceae,Cucurbita moschata,,48,48,,,12,,6,,110,,180,,,,,equatorial,,a_revoir,true,,,,,,,,"Semis au retour des pluies (début novembre) ; les lianes couvrent le sol pendant la période humide et les fruits mûrissent vers le petit été de mars (février), plus sec, favorable à la conservation. Prévoir de grands éca"
Gombo — antilles,Gombo,Malvaceae,Abelmoschus esculentus,,22,,,,32,,10,,70,,50,,,,,tropical_antilles,,a_revoir,true,,,,,,,,Semis à l'entrée de l'hivernage : chaleur et pluies favorisent une croissance rapide et une longue période de cueillette. Sensible aux nématodes (rotation) ; cueillette rapprochée obligatoire.
Gombo — austral,Gombo,Malvaceae,Abelmoschus esculentus,,46,,,,4,,10,,60,,50,,,,,tropical_austral,,a_revoir,true,,,,,,,,"Semis en début d'été austral (novembre) sur sol réchauffé, récolte à partir de janvier et durant tout l'été. Cueillette tous les 2-3 jours des capsules de 6-8 cm (durcissent vite). Exige chaleur soutenue ; peu productif "
Gombo — equatorial,Gombo,Malvaceae,Abelmoschus esculentus,,1,1,,,10,,10,,60,,50,,,,,equatorial,,a_revoir,true,,,,,,,,Semis en saison des pluies (janvier) pour une croissance vigoureuse ; récolte étalée à partir de mars. Cultivable quasiment toute l'année sous irrigation. Récolter les capsules jeunes (8-10 cm) pour éviter la fibrosité.
Goyavier — antilles,Goyavier,Myrtaceae,Psidium guajava,,,25,,,40,,12,,730,,500,,,,,tropical_antilles,,a_revoir,true,,,,,,,,"Très rustique, tolère sécheresse et sols pauvres, tend à se naturaliser. Pic de récolte souvent en fin d'hivernage/entrée carême (S40-2). Plantation début hivernage."
Goyavier — austral,Goyavier,Myrtaceae,Psidium guajava,,,44,,,20,,14,,730,,450,,,,,tropical_austral,,a_revoir,true,,,,,,,,"Récolte principale sur l'hiver austral (mai-août). Espèce rustique tolérant sécheresse et sols pauvres, mais gourmande en eau pour de gros fruits. Attention au caractère envahissant du goyavier (surtout goyavier de Chine"
Goyavier — equatorial,Goyavier,Myrtaceae,Psidium guajava,,,15,,,30,,20,,730,,450,,,,,equatorial,,a_revoir,true,,,,,,,,Plantation entrée des pluies. Une taille de fructification permet de concentrer la récolte ; sinon production étalée. Pointe principale après la grande saison des pluies (juillet-septembre). Surveiller la mouche des frui
Goyavier de Chine (goyave-fraise) — antilles,Goyavier de Chine (goyave-fraise),Myrtaceae,Psidium cattleianum,,,24,,,34,,8,,730,,250,,,,,tropical_antilles,,a_revoir,true,,,,,,,,"Plantation des jeunes plants en début d'hivernage (juin, sem. 24) pour une reprise sous les pluies. Fructification de l'arbuste établi en pleine saison humide (août-sept., sem. 34) sur les mornes frais et arrosés. Rustiq"
Goyavier de Chine (goyave-fraise) — austral,Goyavier de Chine (goyave-fraise),Myrtaceae,Psidium cattleianum,,,42,,,20,,8,,365,,200,,,,,tropical_austral,,a_revoir,true,,,,,,,,"Plantation en début de saison chaude (octobre, S42) pour profiter des pluies d'établissement. Récolte de l'arbuste installé en hiver austral (mai-juillet, S20) — la célèbre saison du ""goyavier"" des hauts réunionnais. Mi-"
Goyavier de Chine (goyave-fraise) — equatorial,Goyavier de Chine (goyave-fraise),Myrtaceae,Psidium cattleianum,,,15,,,40,,8,,730,,250,,,,,equatorial,,a_revoir,true,,,,,,,,"Plaine guyanaise, sols acides humides. Plantation en début de grande saison des pluies (avril, ~sem. 15) pour l'installation. Fructification principale en fin de saison des pluies / début de saison sèche (sept.-oct., ~se"
Haricot-ete-plein-champ,Haricot,Fabaceae,Phaseolus vulgaris,Plein champ,16,,,,28,,4,,84,2,22,33,30,,,,,a_revoir,true,ITAB Guides Légumes Bio (T1+T2) ; semencemag.fr (SNHF) ; Semailles densités semis,,,,,2026-05-15T14:00:05.379Z,"Semis direct dense, tuteurer les variétés grimpantes. Fixateur d'azote — bénéfique en rotation après légume-feuille.","Adapté climat France \n Source: ITAB, Standard Climat France (Valable 2026)"
Haricot-printemps-serre,Haricot,Fabaceae,Phaseolus vulgaris,Sous abri,10,,,,22,,4,,84,2,22,33,30,,,,,a_revoir,true,ITAB Guides Légumes Bio (T1+T2) ; semencemag.fr (SNHF) ; Semailles densités semis,,,,,2026-05-15T14:00:05.379Z,"Semis direct dense, tuteurer les variétés grimpantes. Fixateur d'azote — bénéfique en rotation après légume-feuille.","Adapté climat France \n Source: ITAB, Standard Climat France (Valable 2026)"
Haricot-ete-sec,Haricot sec,Fabaceae,Phaseolus vulgaris,Plein champ,20,,,,32,,4,,84,2,22,33,30,,,,,a_revoir,true,ITAB Guides Légumes Bio (T1+T2) ; semencemag.fr (SNHF) ; Semailles densités semis,,,,,2026-05-15T14:00:05.379Z,"Semis direct dense, tuteurer les variétés grimpantes. Fixateur d'azote — bénéfique en rotation après légume-feuille.","Adapté climat France \n Source: ITAB, Standard Climat France (Valable 2026)"
INRAE-MESCLUN-0172,Haricot sec,Fabaceae,Phaseolus vulgaris,Plein champ,18,,18,20,31,35,5,,98,,,,,Semis,false,oceanique,Nord-Ouest,source_documentee,true,INRAE — Pépinière-Mesclun v1.1 · DOI 10.57745/IQVM2I · cycle : FRAB Bretagne,https://entrepot.recherche.data.gouv.fr/dataset.xhtml?persistentId=doi:10.57745/IQVM2I,inrae-mesclun-v1.1-cycles-0172,1.1,Licence Ouverte / Open Licence Etalab 2.0,2026-07-29T00:00:00.000Z,[2026-07-29] Fenêtres importées sans réduction depuis Pépinière-Mesclun v1.1. Culture source : Haricot sec ou demi-sec — Haricot demi sec.,
INRAE-MESCLUN-0173,Haricot sec,Fabaceae,Phaseolus vulgaris,Plein champ,20,,20,22,33,37,5,,98,,,,,Semis,false,oceanique,Nord-Ouest,source_documentee,true,INRAE — Pépinière-Mesclun v1.1 · DOI 10.57745/IQVM2I · cycle : FRAB Bretagne,https://entrepot.recherche.data.gouv.fr/dataset.xhtml?persistentId=doi:10.57745/IQVM2I,inrae-mesclun-v1.1-cycles-0173,1.1,Licence Ouverte / Open Licence Etalab 2.0,2026-07-29T00:00:00.000Z,[2026-07-29] Fenêtres importées sans réduction depuis Pépinière-Mesclun v1.1. Culture source : Haricot sec ou demi-sec — Haricot demi sec.,
INRAE-MESCLUN-0174,Haricot sec,Fabaceae,Phaseolus vulgaris,Plein champ,22,,22,24,35,40,6,,105,,,,,Semis,false,oceanique,Nord-Ouest,source_documentee,true,INRAE — Pépinière-Mesclun v1.1 · DOI 10.57745/IQVM2I · cycle : FRAB Bretagne,https://entrepot.recherche.data.gouv.fr/dataset.xhtml?persistentId=doi:10.57745/IQVM2I,inrae-mesclun-v1.1-cycles-0174,1.1,Licence Ouverte / Open Licence Etalab 2.0,2026-07-29T00:00:00.000Z,[2026-07-29] Fenêtres importées sans réduction depuis Pépinière-Mesclun v1.1. Culture source : Haricot sec ou demi-sec — Haricot demi sec.,
INRAE-MESCLUN-0175,Haricot sec,Fabaceae,Phaseolus vulgaris,Plein champ,24,,24,27,37,42,6,,98,,,,,Semis,false,oceanique,Nord-Ouest,source_documentee,true,INRAE — Pépinière-Mesclun v1.1 · DOI 10.57745/IQVM2I · cycle : FRAB Bretagne,https://entrepot.recherche.data.gouv.fr/dataset.xhtml?persistentId=doi:10.57745/IQVM2I,inrae-mesclun-v1.1-cycles-0175,1.1,Licence Ouverte / Open Licence Etalab 2.0,2026-07-29T00:00:00.000Z,[2026-07-29] Fenêtres importées sans réduction depuis Pépinière-Mesclun v1.1. Culture source : Haricot sec ou demi-sec — Haricot demi sec.,
INRAE-MESCLUN-0176,Haricot sec,Fabaceae,Phaseolus vulgaris,Plein champ,27,,27,29,40,44,5,,98,,,,,Semis,false,oceanique,Nord-Ouest,source_documentee,true,INRAE — Pépinière-Mesclun v1.1 · DOI 10.57745/IQVM2I · cycle : FRAB Bretagne,https://entrepot.recherche.data.gouv.fr/dataset.xhtml?persistentId=doi:10.57745/IQVM2I,inrae-mesclun-v1.1-cycles-0176,1.1,Licence Ouverte / Open Licence Etalab 2.0,2026-07-29T00:00:00.000Z,[2026-07-29] Fenêtres importées sans réduction depuis Pépinière-Mesclun v1.1. Culture source : Haricot sec ou demi-sec — Haricot demi sec.,
INRAE-MESCLUN-0177,Haricot sec,Fabaceae,Phaseolus vulgaris,Plein champ,18,,18,20,33,37,5,,112,,,,,Semis,false,oceanique,Nord-Ouest,source_documentee,true,INRAE — Pépinière-Mesclun v1.1 · DOI 10.57745/IQVM2I · cycle : FRAB Bretagne,https://entrepot.recherche.data.gouv.fr/dataset.xhtml?persistentId=doi:10.57745/IQVM2I,inrae-mesclun-v1.1-cycles-0177,1.1,Licence Ouverte / Open Licence Etalab 2.0,2026-07-29T00:00:00.000Z,[2026-07-29] Fenêtres importées sans réduction depuis Pépinière-Mesclun v1.1. Culture source : Haricot sec ou demi-sec — Haricot sec.,
INRAE-MESCLUN-0178,Haricot sec,Fabaceae,Phaseolus vulgaris,Plein champ,20,,20,22,35,40,6,,119,,,,,Semis,false,oceanique,Nord-Ouest,source_documentee,true,INRAE — Pépinière-Mesclun v1.1 · DOI 10.57745/IQVM2I · cycle : FRAB Bretagne,https://entrepot.recherche.data.gouv.fr/dataset.xhtml?persistentId=doi:10.57745/IQVM2I,inrae-mesclun-v1.1-cycles-0178,1.1,Licence Ouverte / Open Licence Etalab 2.0,2026-07-29T00:00:00.000Z,[2026-07-29] Fenêtres importées sans réduction depuis Pépinière-Mesclun v1.1. Culture source : Haricot sec ou demi-sec — Haricot sec.,
INRAE-MESCLUN-0179,Haricot sec,Fabaceae,Phaseolus vulgaris,Plein champ,22,,22,24,37,42,6,,119,,,,,Semis,false,oceanique,Nord-Ouest,source_documentee,true,INRAE — Pépinière-Mesclun v1.1 · DOI 10.57745/IQVM2I · cycle : FRAB Bretagne,https://entrepot.recherche.data.gouv.fr/dataset.xhtml?persistentId=doi:10.57745/IQVM2I,inrae-mesclun-v1.1-cycles-0179,1.1,Licence Ouverte / Open Licence Etalab 2.0,2026-07-29T00:00:00.000Z,[2026-07-29] Fenêtres importées sans réduction depuis Pépinière-Mesclun v1.1. Culture source : Haricot sec ou demi-sec — Haricot sec.,
INRAE-MESCLUN-0180,Haricot sec,Fabaceae,Phaseolus vulgaris,Plein champ,24,,24,27,40,44,5,,112,,,,,Semis,false,oceanique,Nord-Ouest,source_documentee,true,INRAE — Pépinière-Mesclun v1.1 · DOI 10.57745/IQVM2I · cycle : FRAB Bretagne,https://entrepot.recherche.data.gouv.fr/dataset.xhtml?persistentId=doi:10.57745/IQVM2I,inrae-mesclun-v1.1-cycles-0180,1.1,Licence Ouverte / Open Licence Etalab 2.0,2026-07-29T00:00:00.000Z,[2026-07-29] Fenêtres importées sans réduction depuis Pépinière-Mesclun v1.1. Culture source : Haricot sec ou demi-sec — Haricot sec.,
Haricot-vert-ete,Haricot vert,Fabaceae,Phaseolus vulgaris,Plein champ,18,,,,30,,4,,84,2,22,33,30,,,,,a_revoir,true,ITAB Guides Légumes Bio (T1+T2) ; semencemag.fr (SNHF) ; Semailles densités semis,,,,,2026-05-15T14:00:05.379Z,"Semis direct dense, tuteurer les variétés grimpantes. Fixateur d'azote — bénéfique en rotation après légume-feuille.","Adapté climat France \n Source: ITAB, Standard Climat France (Valable 2026)"
INRAE-MESCLUN-0181,Haricot vert,Fabaceae,Phaseolus vulgaris,Sous abri,,18,18,20,27,33,7,,77,,,,,Plantation,false,oceanique,Nord-Ouest,source_documentee,true,INRAE — Pépinière-Mesclun v1.1 · DOI 10.57745/IQVM2I · cycle : FRAB Bretagne,https://entrepot.recherche.data.gouv.fr/dataset.xhtml?persistentId=doi:10.57745/IQVM2I,inrae-mesclun-v1.1-cycles-0181,1.1,Licence Ouverte / Open Licence Etalab 2.0,2026-07-29T00:00:00.000Z,[2026-07-29] Fenêtres importées sans réduction depuis Pépinière-Mesclun v1.1. Culture source : Haricot vert — Haricot rame.,
INRAE-MESCLUN-0182,Haricot vert,Fabaceae,Phaseolus vulgaris,Sous abri,,22,22,24,31,37,7,,77,,,,,Plantation,false,oceanique,Nord-Ouest,source_documentee,true,INRAE — Pépinière-Mesclun v1.1 · DOI 10.57745/IQVM2I · cycle : FRAB Bretagne,https://entrepot.recherche.data.gouv.fr/dataset.xhtml?persistentId=doi:10.57745/IQVM2I,inrae-mesclun-v1.1-cycles-0182,1.1,Licence Ouverte / Open Licence Etalab 2.0,2026-07-29T00:00:00.000Z,[2026-07-29] Fenêtres importées sans réduction depuis Pépinière-Mesclun v1.1. Culture source : Haricot vert — Haricot rame.,
INRAE-MESCLUN-0183,Haricot vert,Fabaceae,Phaseolus vulgaris,Sous abri,,27,27,29,35,44,10,,84,,,,,Plantation,false,oceanique,Nord-Ouest,source_documentee,true,INRAE — Pépinière-Mesclun v1.1 · DOI 10.57745/IQVM2I · cycle : FRAB Bretagne,https://entrepot.recherche.data.gouv.fr/dataset.xhtml?persistentId=doi:10.57745/IQVM2I,inrae-mesclun-v1.1-cycles-0183,1.1,Licence Ouverte / Open Licence Etalab 2.0,2026-07-29T00:00:00.000Z,[2026-07-29] Fenêtres importées sans réduction depuis Pépinière-Mesclun v1.1. Culture source : Haricot vert — Haricot rame.,
INRAE-MESCLUN-0184,Haricot vert,Fabaceae,Phaseolus vulgaris,Sous abri,,11,11,14,22,29,8,,91,,,,,Plantation,true,oceanique,Nord-Ouest,source_documentee,true,INRAE — Pépinière-Mesclun v1.1 · DOI 10.57745/IQVM2I · cycle : FRAB Bretagne,https://entrepot.recherche.data.gouv.fr/dataset.xhtml?persistentId=doi:10.57745/IQVM2I,inrae-mesclun-v1.1-cycles-0184,1.1,Licence Ouverte / Open Licence Etalab 2.0,2026-07-29T00:00:00.000Z,[2026-07-29] Fenêtres importées sans réduction depuis Pépinière-Mesclun v1.1. Culture source : Haricot vert — Haricot rame.,
INRAE-MESCLUN-0185,Haricot vert,Fabaceae,Phaseolus vulgaris,Plein champ,16,,16,18,27,31,5,,84,,,,,Semis,false,oceanique,Nord-Ouest,source_documentee,true,INRAE — Pépinière-Mesclun v1.1 · DOI 10.57745/IQVM2I · cycle : FRAB Bretagne,https://entrepot.recherche.data.gouv.fr/dataset.xhtml?persistentId=doi:10.57745/IQVM2I,inrae-mesclun-v1.1-cycles-0185,1.1,Licence Ouverte / Open Licence Etalab 2.0,2026-07-29T00:00:00.000Z,[2026-07-29] Fenêtres importées sans réduction depuis Pépinière-Mesclun v1.1. Culture source : Haricot vert — Haricot vert.,
INRAE-MESCLUN-0186,Haricot vert,Fabaceae,Phaseolus vulgaris,Plein champ,18,,18,20,29,33,5,,84,,,,,Semis,false,oceanique,Nord-Ouest,source_documentee,true,INRAE — Pépinière-Mesclun v1.1 · DOI 10.57745/IQVM2I · cycle : FRAB Bretagne,https://entrepot.recherche.data.gouv.fr/dataset.xhtml?persistentId=doi:10.57745/IQVM2I,inrae-mesclun-v1.1-cycles-0186,1.1,Licence Ouverte / Open Licence Etalab 2.0,2026-07-29T00:00:00.000Z,[2026-07-29] Fenêtres importées sans réduction depuis Pépinière-Mesclun v1.1. Culture source : Haricot vert — Haricot vert.,
INRAE-MESCLUN-0187,Haricot vert,Fabaceae,Phaseolus vulgaris,Plein champ,20,,20,22,31,35,5,,84,,,,,Semis,false,oceanique,Nord-Ouest,source_documentee,true,INRAE — Pépinière-Mesclun v1.1 · DOI 10.57745/IQVM2I · cycle : FRAB Bretagne,https://entrepot.recherche.data.gouv.fr/dataset.xhtml?persistentId=doi:10.57745/IQVM2I,inrae-mesclun-v1.1-cycles-0187,1.1,Licence Ouverte / Open Licence Etalab 2.0,2026-07-29T00:00:00.000Z,[2026-07-29] Fenêtres importées sans réduction depuis Pépinière-Mesclun v1.1. Culture source : Haricot vert — Haricot vert.,
INRAE-MESCLUN-0188,Haricot vert,Fabaceae,Phaseolus vulgaris,Plein champ,22,,22,24,33,37,5,,84,,,,,Semis,false,oceanique,Nord-Ouest,source_documentee,true,INRAE — Pépinière-Mesclun v1.1 · DOI 10.57745/IQVM2I · cycle : FRAB Bretagne,https://entrepot.recherche.data.gouv.fr/dataset.xhtml?persistentId=doi:10.57745/IQVM2I,inrae-mesclun-v1.1-cycles-0188,1.1,Licence Ouverte / Open Licence Etalab 2.0,2026-07-29T00:00:00.000Z,[2026-07-29] Fenêtres importées sans réduction depuis Pépinière-Mesclun v1.1. Culture source : Haricot vert — Haricot vert.,
INRAE-MESCLUN-0189,Haricot vert,Fabaceae,Phaseolus vulgaris,Plein champ,24,,24,27,35,40,6,,84,,,,,Semis,false,oceanique,Nord-Ouest,source_documentee,true,INRAE — Pépinière-Mesclun v1.1 · DOI 10.57745/IQVM2I · cycle : FRAB Bretagne,https://entrepot.recherche.data.gouv.fr/dataset.xhtml?persistentId=doi:10.57745/IQVM2I,inrae-mesclun-v1.1-cycles-0189,1.1,Licence Ouverte / Open Licence Etalab 2.0,2026-07-29T00:00:00.000Z,[2026-07-29] Fenêtres importées sans réduction depuis Pépinière-Mesclun v1.1. Culture source : Haricot vert — Haricot vert.,
INRAE-MESCLUN-0190,Haricot vert,Fabaceae,Phaseolus vulgaris,Plein champ,27,,27,29,37,42,6,,84,,,,,Semis,false,oceanique,Nord-Ouest,source_documentee,true,INRAE — Pépinière-Mesclun v1.1 · DOI 10.57745/IQVM2I · cycle : FRAB Bretagne,https://entrepot.recherche.data.gouv.fr/dataset.xhtml?persistentId=doi:10.57745/IQVM2I,inrae-mesclun-v1.1-cycles-0190,1.1,Licence Ouverte / Open Licence Etalab 2.0,2026-07-29T00:00:00.000Z,[2026-07-29] Fenêtres importées sans réduction depuis Pépinière-Mesclun v1.1. Culture source : Haricot vert — Haricot vert.,
INRAE-MESCLUN-0191,Haricot vert,Fabaceae,Phaseolus vulgaris,Plein champ,29,,29,31,40,44,5,,84,,,,,Semis,false,oceanique,Nord-Ouest,source_documentee,true,INRAE — Pépinière-Mesclun v1.1 · DOI 10.57745/IQVM2I · cycle : FRAB Bretagne,https://entrepot.recherche.data.gouv.fr/dataset.xhtml?persistentId=doi:10.57745/IQVM2I,inrae-mesclun-v1.1-cycles-0191,1.1,Licence Ouverte / Open Licence Etalab 2.0,2026-07-29T00:00:00.000Z,[2026-07-29] Fenêtres importées sans réduction depuis Pépinière-Mesclun v1.1. Culture source : Haricot vert — Haricot vert.,
Igname — antilles,Igname,Dioscoreaceae,Dioscorea alata,,12,,,,2,,4,,285,,80,,,,,tropical_antilles,,a_revoir,true,,,,,,,,"Plantation en fin de carême (mars-avril) pour profiter de tout l'hivernage en végétation ; récolte en saison sèche de fin d'année quand le feuillage jaunit. Sols profonds, meubles et drainés (mornes, jardins créoles). Cr"
Igname — austral,Igname,Dioscoreaceae,Dioscorea alata,,39,39,,,28,,6,,270,,100,,,,,tropical_austral,,a_revoir,true,,,,,,,,"Plantation en fin septembre-octobre, au démarrage des pluies de l'été austral. Récolte en hiver austral sec (juin-août) quand les fanes ont séché. Buttes ou billons + tuteur/treillage indispensables. Convient jusqu'à 600"
Igname couche-couche — equatorial,Igname couche-couche,Dioscoreaceae,Dioscorea trifida,,48,48,,,38,,8,,270,,80,,,,,equatorial,,a_revoir,true,,,,,,,,Plantation au retour des pluies (décembre) pour que la liane s'installe pendant la grande saison des pluies. Récolte en saison sèche (septembre-octobre) après jaunissement du feuillage. Sols meubles et bien drainés en bu
Jacquier — equatorial,Jacquier,Moraceae,Artocarpus heterophyllus,,,15,,,2,,18,,1825,,1000,,,,,equatorial,,a_revoir,true,,,,,,,,"Très grand arbre : prévoir 10-12 m et sol profond drainé. Fruits énormes portés sur le tronc, récolte principale déc-avril. Greffage conseillé pour typer la variété et raccourcir la mise à fruit. Bien présent dans les ja"
INRAE-MESCLUN-0192,Laitue,Asteraceae,Lactuca sativa,Sous abri,,39,39,39,46,47,2,,56,,,,,Plantation,false,oceanique,Nord-Ouest,source_documentee,true,INRAE — Pépinière-Mesclun v1.1 · DOI 10.57745/IQVM2I · cycle : FRAB Bretagne,https://entrepot.recherche.data.gouv.fr/dataset.xhtml?persistentId=doi:10.57745/IQVM2I,inrae-mesclun-v1.1-cycles-0192,1.1,Licence Ouverte / Open Licence Etalab 2.0,2026-07-29T00:00:00.000Z,[2026-07-29] Fenêtres importées sans réduction depuis Pépinière-Mesclun v1.1. Culture source : Laitue-salade — Salade.,
INRAE-MESCLUN-0193,Laitue,Asteraceae,Lactuca sativa,Sous abri,,41,41,41,48,50,3,,56,,,,,Plantation,false,oceanique,Nord-Ouest,source_documentee,true,INRAE — Pépinière-Mesclun v1.1 · DOI 10.57745/IQVM2I · cycle : FRAB Bretagne,https://entrepot.recherche.data.gouv.fr/dataset.xhtml?persistentId=doi:10.57745/IQVM2I,inrae-mesclun-v1.1-cycles-0193,1.1,Licence Ouverte / Open Licence Etalab 2.0,2026-07-29T00:00:00.000Z,[2026-07-29] Fenêtres importées sans réduction depuis Pépinière-Mesclun v1.1. Culture source : Laitue-salade — Salade.,
INRAE-MESCLUN-0194,Laitue,Asteraceae,Lactuca sativa,Sous abri,,42,42,42,50,52,3,,63,,,,,Plantation,false,oceanique,Nord-Ouest,source_documentee,true,INRAE — Pépinière-Mesclun v1.1 · DOI 10.57745/IQVM2I · cycle : FRAB Bretagne,https://entrepot.recherche.data.gouv.fr/dataset.xhtml?persistentId=doi:10.57745/IQVM2I,inrae-mesclun-v1.1-cycles-0194,1.1,Licence Ouverte / Open Licence Etalab 2.0,2026-07-29T00:00:00.000Z,[2026-07-29] Fenêtres importées sans réduction depuis Pépinière-Mesclun v1.1. Culture source : Laitue-salade — Salade.,
INRAE-MESCLUN-0195,Laitue,Asteraceae,Lactuca sativa,Sous abri,,1,1,1,12,13,2,,84,,,,,Plantation,true,oceanique,Nord-Ouest,source_documentee,true,INRAE — Pépinière-Mesclun v1.1 · DOI 10.57745/IQVM2I · cycle : FRAB Bretagne,https://entrepot.recherche.data.gouv.fr/dataset.xhtml?persistentId=doi:10.57745/IQVM2I,inrae-mesclun-v1.1-cycles-0195,1.1,Licence Ouverte / Open Licence Etalab 2.0,2026-07-29T00:00:00.000Z,[2026-07-29] Fenêtres importées sans réduction depuis Pépinière-Mesclun v1.1. Culture source : Laitue-salade — Salade.,
INRAE-MESCLUN-0196,Laitue,Asteraceae,Lactuca sativa,Sous abri,,3,3,3,13,14,2,,77,,,,,Plantation,true,oceanique,Nord-Ouest,source_documentee,true,INRAE — Pépinière-Mesclun v1.1 · DOI 10.57745/IQVM2I · cycle : FRAB Bretagne,https://entrepot.recherche.data.gouv.fr/dataset.xhtml?persistentId=doi:10.57745/IQVM2I,inrae-mesclun-v1.1-cycles-0196,1.1,Licence Ouverte / Open Licence Etalab 2.0,2026-07-29T00:00:00.000Z,[2026-07-29] Fenêtres importées sans réduction depuis Pépinière-Mesclun v1.1. Culture source : Laitue-salade — Salade.,
INRAE-MESCLUN-0197,Laitue,Asteraceae,Lactuca sativa,Sous abri,,5,5,5,15,16,2,,77,,,,,Plantation,true,oceanique,Nord-Ouest,source_documentee,true,INRAE — Pépinière-Mesclun v1.1 · DOI 10.57745/IQVM2I · cycle : FRAB Bretagne,https://entrepot.recherche.data.gouv.fr/dataset.xhtml?persistentId=doi:10.57745/IQVM2I,inrae-mesclun-v1.1-cycles-0197,1.1,Licence Ouverte / Open Licence Etalab 2.0,2026-07-29T00:00:00.000Z,[2026-07-29] Fenêtres importées sans réduction depuis Pépinière-Mesclun v1.1. Culture source : Laitue-salade — Salade.,
INRAE-MESCLUN-0198,Laitue,Asteraceae,Lactuca sativa,Sous abri,,7,7,7,16,17,2,,70,,,,,Plantation,true,oceanique,Nord-Ouest,source_documentee,true,INRAE — Pépinière-Mesclun v1.1 · DOI 10.57745/IQVM2I · cycle : FRAB Bretagne,https://entrepot.recherche.data.gouv.fr/dataset.xhtml?persistentId=doi:10.57745/IQVM2I,inrae-mesclun-v1.1-cycles-0198,1.1,Licence Ouverte / Open Licence Etalab 2.0,2026-07-29T00:00:00.000Z,[2026-07-29] Fenêtres importées sans réduction depuis Pépinière-Mesclun v1.1. Culture source : Laitue-salade — Salade.,
INRAE-MESCLUN-0199,Laitue,Asteraceae,Lactuca sativa,Sous abri,,9,9,9,18,19,2,,70,,,,,Plantation,true,oceanique,Nord-Ouest,source_documentee,true,INRAE — Pépinière-Mesclun v1.1 · DOI 10.57745/IQVM2I · cycle : FRAB Bretagne,https://entrepot.recherche.data.gouv.fr/dataset.xhtml?persistentId=doi:10.57745/IQVM2I,inrae-mesclun-v1.1-cycles-0199,1.1,Licence Ouverte / Open Licence Etalab 2.0,2026-07-29T00:00:00.000Z,[2026-07-29] Fenêtres importées sans réduction depuis Pépinière-Mesclun v1.1. Culture source : Laitue-salade — Salade.,
INRAE-MESCLUN-0200,Laitue,Asteraceae,Lactuca sativa,Sous abri,,41,41,41,48,50,3,,56,,,,,Plantation,true,oceanique,Nord-Ouest,source_documentee,true,INRAE — Pépinière-Mesclun v1.1 · DOI 10.57745/IQVM2I · cycle : FRAB Bretagne,https://entrepot.recherche.data.gouv.fr/dataset.xhtml?persistentId=doi:10.57745/IQVM2I,inrae-mesclun-v1.1-cycles-0200,1.1,Licence Ouverte / Open Licence Etalab 2.0,2026-07-29T00:00:00.000Z,[2026-07-29] Fenêtres importées sans réduction depuis Pépinière-Mesclun v1.1. Culture source : Laitue-salade — Salade.,
INRAE-MESCLUN-0201,Laitue,Asteraceae,Lactuca sativa,Sous abri,,42,42,42,50,52,3,,63,,,,,Plantation,true,oceanique,Nord-Ouest,source_documentee,true,INRAE — Pépinière-Mesclun v1.1 · DOI 10.57745/IQVM2I · cycle : FRAB Bretagne,https://entrepot.recherche.data.gouv.fr/dataset.xhtml?persistentId=doi:10.57745/IQVM2I,inrae-mesclun-v1.1-cycles-0201,1.1,Licence Ouverte / Open Licence Etalab 2.0,2026-07-29T00:00:00.000Z,[2026-07-29] Fenêtres importées sans réduction depuis Pépinière-Mesclun v1.1. Culture source : Laitue-salade — Salade.,
INRAE-MESCLUN-0202,Laitue,Asteraceae,Lactuca sativa,Sous abri,,44,44,44,7,8,2,,112,,,,,Plantation,true,oceanique,Nord-Ouest,source_documentee,true,INRAE — Pépinière-Mesclun v1.1 · DOI 10.57745/IQVM2I · cycle : FRAB Bretagne,https://entrepot.recherche.data.gouv.fr/dataset.xhtml?persistentId=doi:10.57745/IQVM2I,inrae-mesclun-v1.1-cycles-0202,1.1,Licence Ouverte / Open Licence Etalab 2.0,2026-07-29T00:00:00.000Z,[2026-07-29] Fenêtres importées sans réduction depuis Pépinière-Mesclun v1.1. Culture source : Laitue-salade — Salade.,
INRAE-MESCLUN-0203,Laitue,Asteraceae,Lactuca sativa,Sous abri,,46,46,46,8,9,2,,105,,,,,Plantation,true,oceanique,Nord-Ouest,source_documentee,true,INRAE — Pépinière-Mesclun v1.1 · DOI 10.57745/IQVM2I · cycle : FRAB Bretagne,https://entrepot.recherche.data.gouv.fr/dataset.xhtml?persistentId=doi:10.57745/IQVM2I,inrae-mesclun-v1.1-cycles-0203,1.1,Licence Ouverte / Open Licence Etalab 2.0,2026-07-29T00:00:00.000Z,[2026-07-29] Fenêtres importées sans réduction depuis Pépinière-Mesclun v1.1. Culture source : Laitue-salade — Salade.,
INRAE-MESCLUN-0204,Laitue,Asteraceae,Lactuca sativa,Sous abri,,48,48,48,9,10,2,,98,,,,,Plantation,true,oceanique,Nord-Ouest,source_documentee,true,INRAE — Pépinière-Mesclun v1.1 · DOI 10.57745/IQVM2I · cycle : FRAB Bretagne,https://entrepot.recherche.data.gouv.fr/dataset.xhtml?persistentId=doi:10.57745/IQVM2I,inrae-mesclun-v1.1-cycles-0204,1.1,Licence Ouverte / Open Licence Etalab 2.0,2026-07-29T00:00:00.000Z,[2026-07-29] Fenêtres importées sans réduction depuis Pépinière-Mesclun v1.1. Culture source : Laitue-salade — Salade.,
INRAE-MESCLUN-0205,Laitue,Asteraceae,Lactuca sativa,Sous abri,,50,50,50,10,11,2,,91,,,,,Plantation,true,oceanique,Nord-Ouest,source_documentee,true,INRAE — Pépinière-Mesclun v1.1 · DOI 10.57745/IQVM2I · cycle : FRAB Bretagne,https://entrepot.recherche.data.gouv.fr/dataset.xhtml?persistentId=doi:10.57745/IQVM2I,inrae-mesclun-v1.1-cycles-0205,1.1,Licence Ouverte / Open Licence Etalab 2.0,2026-07-29T00:00:00.000Z,[2026-07-29] Fenêtres importées sans réduction depuis Pépinière-Mesclun v1.1. Culture source : Laitue-salade — Salade.,
INRAE-MESCLUN-0206,Laitue,Asteraceae,Lactuca sativa,Sous abri,,52,52,52,11,12,2,,84,,,,,Plantation,true,oceanique,Nord-Ouest,source_documentee,true,INRAE — Pépinière-Mesclun v1.1 · DOI 10.57745/IQVM2I · cycle : FRAB Bretagne,https://entrepot.recherche.data.gouv.fr/dataset.xhtml?persistentId=doi:10.57745/IQVM2I,inrae-mesclun-v1.1-cycles-0206,1.1,Licence Ouverte / Open Licence Etalab 2.0,2026-07-29T00:00:00.000Z,[2026-07-29] Fenêtres importées sans réduction depuis Pépinière-Mesclun v1.1. Culture source : Laitue-salade — Salade.,
INRAE-MESCLUN-0207,Laitue,Asteraceae,Lactuca sativa,Plein champ,,17,17,17,23,24,2,,49,,,,,Plantation,false,oceanique,Nord-Ouest,source_documentee,true,INRAE — Pépinière-Mesclun v1.1 · DOI 10.57745/IQVM2I · cycle : FRAB Bretagne,https://entrepot.recherche.data.gouv.fr/dataset.xhtml?persistentId=doi:10.57745/IQVM2I,inrae-mesclun-v1.1-cycles-0207,1.1,Licence Ouverte / Open Licence Etalab 2.0,2026-07-29T00:00:00.000Z,[2026-07-29] Fenêtres importées sans réduction depuis Pépinière-Mesclun v1.1. Culture source : Laitue-salade — Salade.,
INRAE-MESCLUN-0208,Laitue,Asteraceae,Lactuca sativa,Plein champ,,19,19,19,25,26,2,,49,,,,,Plantation,false,oceanique,Nord-Ouest,source_documentee,true,INRAE — Pépinière-Mesclun v1.1 · DOI 10.57745/IQVM2I · cycle : FRAB Bretagne,https://entrepot.recherche.data.gouv.fr/dataset.xhtml?persistentId=doi:10.57745/IQVM2I,inrae-mesclun-v1.1-cycles-0208,1.1,Licence Ouverte / Open Licence Etalab 2.0,2026-07-29T00:00:00.000Z,[2026-07-29] Fenêtres importées sans réduction depuis Pépinière-Mesclun v1.1. Culture source : Laitue-salade — Salade.,
INRAE-MESCLUN-0209,Laitue,Asteraceae,Lactuca sativa,Plein champ,,21,21,21,27,28,2,,49,,,,,Plantation,false,oceanique,Nord-Ouest,source_documentee,true,INRAE — Pépinière-Mesclun v1.1 · DOI 10.57745/IQVM2I · cycle : FRAB Bretagne,https://entrepot.recherche.data.gouv.fr/dataset.xhtml?persistentId=doi:10.57745/IQVM2I,inrae-mesclun-v1.1-cycles-0209,1.1,Licence Ouverte / Open Licence Etalab 2.0,2026-07-29T00:00:00.000Z,[2026-07-29] Fenêtres importées sans réduction depuis Pépinière-Mesclun v1.1. Culture source : Laitue-salade — Salade.,
INRAE-MESCLUN-0210,Laitue,Asteraceae,Lactuca sativa,Plein champ,,23,23,23,29,30,2,,49,,,,,Plantation,false,oceanique,Nord-Ouest,source_documentee,true,INRAE — Pépinière-Mesclun v1.1 · DOI 10.57745/IQVM2I · cycle : FRAB Bretagne,https://entrepot.recherche.data.gouv.fr/dataset.xhtml?persistentId=doi:10.57745/IQVM2I,inrae-mesclun-v1.1-cycles-0210,1.1,Licence Ouverte / Open Licence Etalab 2.0,2026-07-29T00:00:00.000Z,[2026-07-29] Fenêtres importées sans réduction depuis Pépinière-Mesclun v1.1. Culture source : Laitue-salade — Salade.,
INRAE-MESCLUN-0211,Laitue,Asteraceae,Lactuca sativa,Plein champ,,25,25,25,30,31,2,,42,,,,,Plantation,false,oceanique,Nord-Ouest,source_documentee,true,INRAE — Pépinière-Mesclun v1.1 · DOI 10.57745/IQVM2I · cycle : FRAB Bretagne,https://entrepot.recherche.data.gouv.fr/dataset.xhtml?persistentId=doi:10.57745/IQVM2I,inrae-mesclun-v1.1-cycles-0211,1.1,Licence Ouverte / Open Licence Etalab 2.0,2026-07-29T00:00:00.000Z,[2026-07-29] Fenêtres importées sans réduction depuis Pépinière-Mesclun v1.1. Culture source : Laitue-salade — Salade.,
INRAE-MESCLUN-0212,Laitue,Asteraceae,Lactuca sativa,Plein champ,,27,27,27,32,33,2,,42,,,,,Plantation,false,oceanique,Nord-Ouest,source_documentee,true,INRAE — Pépinière-Mesclun v1.1 · DOI 10.57745/IQVM2I · cycle : FRAB Bretagne,https://entrepot.recherche.data.gouv.fr/dataset.xhtml?persistentId=doi:10.57745/IQVM2I,inrae-mesclun-v1.1-cycles-0212,1.1,Licence Ouverte / Open Licence Etalab 2.0,2026-07-29T00:00:00.000Z,[2026-07-29] Fenêtres importées sans réduction depuis Pépinière-Mesclun v1.1. Culture source : Laitue-salade — Salade.,
INRAE-MESCLUN-0213,Laitue,Asteraceae,Lactuca sativa,Plein champ,,29,29,29,34,35,2,,42,,,,,Plantation,false,oceanique,Nord-Ouest,source_documentee,true,INRAE — Pépinière-Mesclun v1.1 · DOI 10.57745/IQVM2I · cycle : FRAB Bretagne,https://entrepot.recherche.data.gouv.fr/dataset.xhtml?persistentId=doi:10.57745/IQVM2I,inrae-mesclun-v1.1-cycles-0213,1.1,Licence Ouverte / Open Licence Etalab 2.0,2026-07-29T00:00:00.000Z,[2026-07-29] Fenêtres importées sans réduction depuis Pépinière-Mesclun v1.1. Culture source : Laitue-salade — Salade.,
INRAE-MESCLUN-0214,Laitue,Asteraceae,Lactuca sativa,Plein champ,,31,31,31,36,37,2,,42,,,,,Plantation,false,oceanique,Nord-Ouest,source_documentee,true,INRAE — Pépinière-Mesclun v1.1 · DOI 10.57745/IQVM2I · cycle : FRAB Bretagne,https://entrepot.recherche.data.gouv.fr/dataset.xhtml?persistentId=doi:10.57745/IQVM2I,inrae-mesclun-v1.1-cycles-0214,1.1,Licence Ouverte / Open Licence Etalab 2.0,2026-07-29T00:00:00.000Z,[2026-07-29] Fenêtres importées sans réduction depuis Pépinière-Mesclun v1.1. Culture source : Laitue-salade — Salade.,
INRAE-MESCLUN-0215,Laitue,Asteraceae,Lactuca sativa,Plein champ,,33,33,33,38,39,2,,42,,,,,Plantation,false,oceanique,Nord-Ouest,source_documentee,true,INRAE — Pépinière-Mesclun v1.1 · DOI 10.57745/IQVM2I · cycle : FRAB Bretagne,https://entrepot.recherche.data.gouv.fr/dataset.xhtml?persistentId=doi:10.57745/IQVM2I,inrae-mesclun-v1.1-cycles-0215,1.1,Licence Ouverte / Open Licence Etalab 2.0,2026-07-29T00:00:00.000Z,[2026-07-29] Fenêtres importées sans réduction depuis Pépinière-Mesclun v1.1. Culture source : Laitue-salade — Salade.,
INRAE-MESCLUN-0216,Laitue,Asteraceae,Lactuca sativa,Plein champ,,34,34,34,40,41,2,,49,,,,,Plantation,false,oceanique,Nord-Ouest,source_documentee,true,INRAE — Pépinière-Mesclun v1.1 · DOI 10.57745/IQVM2I · cycle : FRAB Bretagne,https://entrepot.recherche.data.gouv.fr/dataset.xhtml?persistentId=doi:10.57745/IQVM2I,inrae-mesclun-v1.1-cycles-0216,1.1,Licence Ouverte / Open Licence Etalab 2.0,2026-07-29T00:00:00.000Z,[2026-07-29] Fenêtres importées sans réduction depuis Pépinière-Mesclun v1.1. Culture source : Laitue-salade — Salade.,
INRAE-MESCLUN-0217,Laitue,Asteraceae,Lactuca sativa,Plein champ,,36,36,36,42,43,2,,49,,,,,Plantation,false,oceanique,Nord-Ouest,source_documentee,true,INRAE — Pépinière-Mesclun v1.1 · DOI 10.57745/IQVM2I · cycle : FRAB Bretagne,https://entrepot.recherche.data.gouv.fr/dataset.xhtml?persistentId=doi:10.57745/IQVM2I,inrae-mesclun-v1.1-cycles-0217,1.1,Licence Ouverte / Open Licence Etalab 2.0,2026-07-29T00:00:00.000Z,[2026-07-29] Fenêtres importées sans réduction depuis Pépinière-Mesclun v1.1. Culture source : Laitue-salade — Salade.,
INRAE-MESCLUN-0218,Laitue,Asteraceae,Lactuca sativa,Plein champ,,37,37,37,44,45,2,,56,,,,,Plantation,false,oceanique,Nord-Ouest,source_documentee,true,INRAE — Pépinière-Mesclun v1.1 · DOI 10.57745/IQVM2I · cycle : FRAB Bretagne,https://entrepot.recherche.data.gouv.fr/dataset.xhtml?persistentId=doi:10.57745/IQVM2I,inrae-mesclun-v1.1-cycles-0218,1.1,Licence Ouverte / Open Licence Etalab 2.0,2026-07-29T00:00:00.000Z,[2026-07-29] Fenêtres importées sans réduction depuis Pépinière-Mesclun v1.1. Culture source : Laitue-salade — Salade.,
INRAE-MESCLUN-0219,Laitue,Asteraceae,Lactuca sativa,Plein champ,,9,9,9,18,19,2,,70,,,,,Plantation,true,oceanique,Nord-Ouest,source_documentee,true,INRAE — Pépinière-Mesclun v1.1 · DOI 10.57745/IQVM2I · cycle : FRAB Bretagne,https://entrepot.recherche.data.gouv.fr/dataset.xhtml?persistentId=doi:10.57745/IQVM2I,inrae-mesclun-v1.1-cycles-0219,1.1,Licence Ouverte / Open Licence Etalab 2.0,2026-07-29T00:00:00.000Z,[2026-07-29] Fenêtres importées sans réduction depuis Pépinière-Mesclun v1.1. Culture source : Laitue-salade — Salade.,
INRAE-MESCLUN-0220,Laitue,Asteraceae,Lactuca sativa,Plein champ,,11,11,11,19,20,2,,63,,,,,Plantation,true,oceanique,Nord-Ouest,source_documentee,true,INRAE — Pépinière-Mesclun v1.1 · DOI 10.57745/IQVM2I · cycle : FRAB Bretagne,https://entrepot.recherche.data.gouv.fr/dataset.xhtml?persistentId=doi:10.57745/IQVM2I,inrae-mesclun-v1.1-cycles-0220,1.1,Licence Ouverte / Open Licence Etalab 2.0,2026-07-29T00:00:00.000Z,[2026-07-29] Fenêtres importées sans réduction depuis Pépinière-Mesclun v1.1. Culture source : Laitue-salade — Salade.,
INRAE-MESCLUN-0221,Laitue,Asteraceae,Lactuca sativa,Plein champ,,13,13,13,21,22,2,,63,,,,,Plantation,true,oceanique,Nord-Ouest,source_documentee,true,INRAE — Pépinière-Mesclun v1.1 · DOI 10.57745/IQVM2I · cycle : FRAB Bretagne,https://entrepot.recherche.data.gouv.fr/dataset.xhtml?persistentId=doi:10.57745/IQVM2I,inrae-mesclun-v1.1-cycles-0221,1.1,Licence Ouverte / Open Licence Etalab 2.0,2026-07-29T00:00:00.000Z,[2026-07-29] Fenêtres importées sans réduction depuis Pépinière-Mesclun v1.1. Culture source : Laitue-salade — Salade.,
INRAE-MESCLUN-0222,Laitue,Asteraceae,Lactuca sativa,Plein champ,,15,15,15,22,23,2,,56,,,,,Plantation,true,oceanique,Nord-Ouest,source_documentee,true,INRAE — Pépinière-Mesclun v1.1 · DOI 10.57745/IQVM2I · cycle : FRAB Bretagne,https://entrepot.recherche.data.gouv.fr/dataset.xhtml?persistentId=doi:10.57745/IQVM2I,inrae-mesclun-v1.1-cycles-0222,1.1,Licence Ouverte / Open Licence Etalab 2.0,2026-07-29T00:00:00.000Z,[2026-07-29] Fenêtres importées sans réduction depuis Pépinière-Mesclun v1.1. Culture source : Laitue-salade — Salade.,
Laitue-automne,Laitue,Asteraceae,Lactuca sativa,,30,34,,,38,,4,,56,2,28,42,,,,,,a_revoir,true,ITAB Guides Légumes Bio (T1+T2) ; semencemag.fr (SNHF) ; Semailles densités semis,,,,,2026-05-15T14:00:05.379Z,Semis échelonné toutes les 2 semaines pour étaler la récolte. Sol frais et drainé.,"Adapté climat France \n Source: ITAB, Standard Climat France (Valable 2026)"
Laitue-ete,Laitue,Asteraceae,Lactuca sativa,,20,24,,,28,,4,,56,2,28,42,,,,,,a_revoir,true,ITAB Guides Légumes Bio (T1+T2) ; semencemag.fr (SNHF) ; Semailles densités semis,,,,,2026-05-15T14:00:05.379Z,Semis échelonné toutes les 2 semaines pour étaler la récolte. Sol frais et drainé.,"Adapté climat France \n Source: ITAB, Standard Climat France (Valable 2026)"
Laitue-ete-tardive,Laitue,Asteraceae,Lactuca sativa,Plein champ,27,31,,,35,,4,,56,2,28,42,,,,,,a_revoir,true,ITAB Guides Légumes Bio (T1+T2) ; semencemag.fr (SNHF) ; Semailles densités semis,,,,,2026-05-15T14:00:05.379Z,Semis échelonné toutes les 2 semaines pour étaler la récolte. Sol frais et drainé.,"Adapté climat France \n Source: ITAB, Standard Climat France (Valable 2026)"
Laitue-hiver-serre,Laitue,Asteraceae,Lactuca sativa,Sous abri,40,44,,,48,,4,28,56,2,28,42,,,,,,a_revoir,true,ITAB Guides Légumes Bio (T1+T2) ; semencemag.fr (SNHF) ; Semailles densités semis,,,,,2026-05-15T14:00:05.379Z,Semis échelonné toutes les 2 semaines pour étaler la récolte. Sol frais et drainé.,"Adapté climat France \n Source: ITAB, Standard Climat France (Valable 2026)"
Laitue-printemps,Laitue,Asteraceae,Lactuca sativa,,8,12,,,16,,4,,56,2,28,42,,,,,,a_revoir,true,ITAB Guides Légumes Bio (T1+T2) ; semencemag.fr (SNHF) ; Semailles densités semis,,,,,2026-05-15T14:00:05.379Z,Semis échelonné toutes les 2 semaines pour étaler la récolte. Sol frais et drainé.,"Adapté climat France \n Source: ITAB, Standard Climat France (Valable 2026)"
Laitue-printemps-precoce,Laitue,Asteraceae,Lactuca sativa,Plein champ,5,9,,,13,,4,,56,2,28,42,,,,,,a_revoir,true,ITAB Guides Légumes Bio (T1+T2) ; semencemag.fr (SNHF) ; Semailles densités semis,,,,,2026-05-15T14:00:05.379Z,Semis échelonné toutes les 2 semaines pour étaler la récolte. Sol frais et drainé.,"Adapté climat France \n Source: ITAB, Standard Climat France (Valable 2026)"
Laitue-printemps-serre,Laitue,Asteraceae,Lactuca sativa,Sous abri,8,12,,,16,,4,28,56,2,28,42,,,,,,a_revoir,true,ITAB Guides Légumes Bio (T1+T2) ; semencemag.fr (SNHF) ; Semailles densités semis,,,,,2026-05-15T14:00:05.379Z,Semis échelonné toutes les 2 semaines pour étaler la récolte. Sol frais et drainé.,"Adapté climat France \n Source: ITAB, Standard Climat France (Valable 2026)"
Letchi — antilles,Letchi,Sapindaceae,Litchi chinensis,,,25,,,22,,5,,1460,,800,,,,,tropical_antilles,,a_revoir,true,,,,,,,,Culture marginale/de niche aux Antilles : demande un carême frais (idéalement >300 m) pour fleurir. Récolte courte et concentrée mai-juillet (S20-28). Sensible aux cyclones d'hivernage.
Letchi — austral,Letchi,Sapindaceae,Litchi chinensis,,,44,,,47,,8,,1825,,800,,,,,tropical_austral,,a_revoir,true,,,,,,,,Fruit emblématique de Noël à La Réunion : récolte concentrée mi-novembre à mi-janvier (pic mi-décembre). Plantation en début de saison des pluies. L'induction florale dépend d'un hiver austral bien marqué en fraîcheur —
Lime de Tahiti — antilles,Lime de Tahiti,Rutaceae,Citrus latifolia,,,25,,,26,,24,,1095,,500,,,,,tropical_antilles,,a_revoir,true,,,,,,,,"Agrume tropical sans épines/sans pépins, remontant : production quasi continue, pic en hivernage. Alternative aromatique : le combava (Citrus hystrix) pour la feuille et le zeste. Attention au HLB/greening : plants certi"
Lime de Tahiti — austral,Lime de Tahiti,Rutaceae,Citrus latifolia,,,46,,,8,,24,,900,,500,,,,,tropical_austral,,a_revoir,true,,,,,,,,"Production étalée sur une large fenêtre grâce à sa remontée, avec un pic en été/automne austral. Agrume tropical de basse altitude, bien adapté aux littoraux de la Réunion, N.-Calédonie et Polynésie."
Lime de Tahiti — equatorial,Lime de Tahiti,Rutaceae,Citrus latifolia,,,15,,,22,,30,,1095,,450,,,,,equatorial,,a_revoir,true,,,,,,,,Le lime (limettier) est l'agrume le plus adapté aux basses terres tropicales humides (plus que l'oranger). Greffer sur porte-greffe résistant à Phytophthora/gommose. Production remontante quasi continue. Surveiller le ch
Longane — antilles,Longane,Sapindaceae,Dimocarpus longan,,,25,,,32,,6,,1095,,800,,,,,tropical_antilles,,a_revoir,true,,,,,,,,Plus fiable que le letchi en plaine antillaise. Récolte fin d'hivernage août-septembre (S32-38). Plantation début hivernage. Pluvio 1200-2000 mm.
Longane — austral,Longane,Sapindaceae,Dimocarpus longan,,,44,,,6,,8,,1825,,800,,,,,tropical_austral,,a_revoir,true,,,,,,,,"Récolte juste après le letchi : février-mars (fin d'été austral), ce qui étale l'offre de fruits Sapindaceae. Plantation en début de pluies. Bien adapté aux mi-pentes de la Réunion et de N.-Calédonie."
Madère (tania) — antilles,Madère (tania),Araceae,Xanthosoma sagittifolium,,24,,,,18,,6,,300,,80,,,,,tropical_antilles,,a_revoir,true,,,,,,,,"Plantation à l'entrée de l'hivernage ; récolte en carême quand le feuillage dépérit. Supporte mieux le ressuyage que la dachine, donc adapté aux terres de mi-pente. Buttage pour favoriser les cormeaux."
Madère (tania) — equatorial,Madère (tania),Araceae,Xanthosoma sagittifolium,,48,48,,,44,,10,,305,,100,,,,,equatorial,,a_revoir,true,,,,,,,,"Plantation au retour des pluies (décembre), croissance sur toute la saison humide, récolte en fin de saison sèche (octobre-novembre). Contrairement au taro, supporte les terres hautes de savane ou de barre du littoral sa"
Manguier — antilles,Manguier,Anacardiaceae,Mangifera indica,,,25,,,22,,12,,1095,,900,,,,,tropical_antilles,,a_revoir,true,,,,,,,,"Zone Antilles (hémisphère NORD, PAS d'inversion). Plantation en début d'hivernage (mi-juin, ~S25) pour établissement sous les pluies. Récolte principale juin-août (S22-34) après induction florale du carême. De 0 à 400 m,"
Manguier — austral,Manguier,Anacardiaceae,Mangifera indica,,,46,,,48,,12,,1460,,900,,,,,tropical_austral,,a_revoir,true,,,,,,,,Réunion / N.-Calédonie : plantation en début de saison des pluies (novembre). Récolte de plein été austral (fin novembre à février). L'hiver austral sec et frais déclenche la floraison ; irrigation d'appoint au grossisse
Manguier — equatorial,Manguier,Anacardiaceae,Mangifera indica,,,15,,,50,,12,,1095,,900,,,,,equatorial,,a_revoir,true,,,,,,,,"Plantation début grande saison des pluies (avril, sem.15). Récolte principale novembre-janvier, après floraison de saison sèche. Préférer variétés greffées type 'Julie', 'Amélie', 'Cambodgienne' peu sensibles à l'anthrac"
Manioc — antilles,Manioc,Euphorbiaceae,Manihot esculenta,,24,,,,16,,8,,300,,100,,,,,tropical_antilles,,a_revoir,true,,,,,,,,"Bouturage à l'entrée de l'hivernage (juin) pour un enracinement sous les pluies ; récolte en carême suivant, sol sec plus facile à arracher. Extrêmement tolérant à la sécheresse une fois établi, valorise les sols pauvres"
Manioc — austral,Manioc,Euphorbiaceae,Manihot esculenta,,46,46,,,40,,12,,330,,100,,,,,tropical_austral,,a_revoir,true,,,,,,,,"Boutures plantées en début de saison des pluies (novembre-décembre). Récolte échelonnée à partir de 10-11 mois ; les racines se conservent en terre. Variétés douces pour consommation directe, amères à détoxifier. Peu exi"
Manioc — equatorial,Manioc,Euphorbiaceae,Manihot esculenta,,47,47,,,40,,16,,305,,100,,,,,equatorial,,a_revoir,true,,,,,,,,"Plantation des boutures au retour des pluies (fin novembre-décembre) sur les sols bien drainés du littoral (2500-3500 mm/an). Récolte échelonnée à partir d'octobre, en saison sèche, quand le sol se travaille facilement. "
Margose (concombre amer) — antilles,Margose (concombre amer),Cucurbitaceae,Momordica charantia,,20,,,,30,,10,,70,,80,,,,,tropical_antilles,,a_revoir,true,,,,,,,,Semis en entrée d'hivernage sous treillage pour aérer le feuillage et limiter les maladies fongiques favorisées par l'humidité. Sensible aux mouches des fruits (ensachage/pièges). Possible aussi en carême sous irrigation
Margose (concombre amer) — austral,Margose (concombre amer),Cucurbitaceae,Momordica charantia,,44,,,,2,,8,,70,,80,,,,,tropical_austral,,a_revoir,true,,,,,,,,"Semis en début d'été austral (novembre), récolte de janvier à mars. Treillage vertical obligatoire. Récolter les fruits encore verts (moins amers). Chaleur et humidité de l'été austral idéales ; sensible aux mouches des "
Margose (concombre amer) — equatorial,Margose (concombre amer),Cucurbitaceae,Momordica charantia,,6,6,,,16,,8,,65,,80,,,,,equatorial,,a_revoir,true,,,,,,,,Semis en saison des pluies (février) et palissage sur treillage pour aérer le feuillage et limiter les maladies fongiques favorisées par l'humidité. Cultivable toute l'année sous irrigation. Récolter les fruits jeunes et
INRAE-MESCLUN-0234,Maïs,Poaceae,,Plein champ,,16,16,18,31,35,5,,112,,,,,Plantation,false,oceanique,Nord-Ouest,source_documentee,true,INRAE — Pépinière-Mesclun v1.1 · DOI 10.57745/IQVM2I · cycle : FRAB Bretagne,https://entrepot.recherche.data.gouv.fr/dataset.xhtml?persistentId=doi:10.57745/IQVM2I,inrae-mesclun-v1.1-cycles-0234,1.1,Licence Ouverte / Open Licence Etalab 2.0,2026-07-29T00:00:00.000Z,[2026-07-29] Fenêtres importées sans réduction depuis Pépinière-Mesclun v1.1. Culture source : Maïs doux — Maïs Doux.,
INRAE-MESCLUN-0235,Maïs,Poaceae,,Plein champ,,18,18,20,33,37,5,,112,,,,,Plantation,false,oceanique,Nord-Ouest,source_documentee,true,INRAE — Pépinière-Mesclun v1.1 · DOI 10.57745/IQVM2I · cycle : FRAB Bretagne,https://entrepot.recherche.data.gouv.fr/dataset.xhtml?persistentId=doi:10.57745/IQVM2I,inrae-mesclun-v1.1-cycles-0235,1.1,Licence Ouverte / Open Licence Etalab 2.0,2026-07-29T00:00:00.000Z,[2026-07-29] Fenêtres importées sans réduction depuis Pépinière-Mesclun v1.1. Culture source : Maïs doux — Maïs Doux.,
INRAE-MESCLUN-0236,Maïs,Poaceae,,Plein champ,20,,20,22,35,40,6,,119,,,,,Semis,false,oceanique,Nord-Ouest,source_documentee,true,INRAE — Pépinière-Mesclun v1.1 · DOI 10.57745/IQVM2I · cycle : FRAB Bretagne,https://entrepot.recherche.data.gouv.fr/dataset.xhtml?persistentId=doi:10.57745/IQVM2I,inrae-mesclun-v1.1-cycles-0236,1.1,Licence Ouverte / Open Licence Etalab 2.0,2026-07-29T00:00:00.000Z,[2026-07-29] Fenêtres importées sans réduction depuis Pépinière-Mesclun v1.1. Culture source : Maïs doux — Maïs Doux.,
INRAE-MESCLUN-0237,Maïs,Poaceae,,Plein champ,22,,22,24,37,42,6,,119,,,,,Semis,false,oceanique,Nord-Ouest,source_documentee,true,INRAE — Pépinière-Mesclun v1.1 · DOI 10.57745/IQVM2I · cycle : FRAB Bretagne,https://entrepot.recherche.data.gouv.fr/dataset.xhtml?persistentId=doi:10.57745/IQVM2I,inrae-mesclun-v1.1-cycles-0237,1.1,Licence Ouverte / Open Licence Etalab 2.0,2026-07-29T00:00:00.000Z,[2026-07-29] Fenêtres importées sans réduction depuis Pépinière-Mesclun v1.1. Culture source : Maïs doux — Maïs Doux.,
Mais-ete,Maïs,Poaceae,,Plein champ,16,,,,28,,4,,84,2,30,45,,,,,,a_revoir,true,ITAB Guides Légumes Bio (T1+T2) ; semencemag.fr (SNHF) ; Semailles densités semis,,,,,2026-05-15T14:00:05.379Z,Semis direct en lignes espacées 70-80 cm. Plante exigeante en eau et azote — bon précédent pour Brassicacées.,"Adapté climat France \n Source: ITAB, Standard Climat France (Valable 2026)"
INRAE-MESCLUN-0238,Melon,Cucurbitaceae,Cucumis melo,Sous abri,,18,18,20,31,37,7,,105,,,,,Plantation,false,oceanique,Nord-Ouest,source_documentee,true,INRAE — Pépinière-Mesclun v1.1 · DOI 10.57745/IQVM2I · cycle : FRAB Bretagne,https://entrepot.recherche.data.gouv.fr/dataset.xhtml?persistentId=doi:10.57745/IQVM2I,inrae-mesclun-v1.1-cycles-0238,1.1,Licence Ouverte / Open Licence Etalab 2.0,2026-07-29T00:00:00.000Z,[2026-07-29] Fenêtres importées sans réduction depuis Pépinière-Mesclun v1.1. Culture source : Melon — Melon.,
INRAE-MESCLUN-0239,Melon,Cucurbitaceae,Cucumis melo,Sous abri,,20,20,22,33,40,8,,112,,,,,Plantation,false,oceanique,Nord-Ouest,source_documentee,true,INRAE — Pépinière-Mesclun v1.1 · DOI 10.57745/IQVM2I · cycle : FRAB Bretagne,https://entrepot.recherche.data.gouv.fr/dataset.xhtml?persistentId=doi:10.57745/IQVM2I,inrae-mesclun-v1.1-cycles-0239,1.1,Licence Ouverte / Open Licence Etalab 2.0,2026-07-29T00:00:00.000Z,[2026-07-29] Fenêtres importées sans réduction depuis Pépinière-Mesclun v1.1. Culture source : Melon — Melon.,
INRAE-MESCLUN-0240,Melon,Cucurbitaceae,Cucumis melo,Sous abri,,22,22,24,35,40,6,,105,,,,,Plantation,false,oceanique,Nord-Ouest,source_documentee,true,INRAE — Pépinière-Mesclun v1.1 · DOI 10.57745/IQVM2I · cycle : FRAB Bretagne,https://entrepot.recherche.data.gouv.fr/dataset.xhtml?persistentId=doi:10.57745/IQVM2I,inrae-mesclun-v1.1-cycles-0240,1.1,Licence Ouverte / Open Licence Etalab 2.0,2026-07-29T00:00:00.000Z,[2026-07-29] Fenêtres importées sans réduction depuis Pépinière-Mesclun v1.1. Culture source : Melon — Melon.,
INRAE-MESCLUN-0241,Melon,Cucurbitaceae,Cucumis melo,Sous abri,,24,24,27,37,42,6,,98,,,,,Plantation,false,oceanique,Nord-Ouest,source_documentee,true,INRAE — Pépinière-Mesclun v1.1 · DOI 10.57745/IQVM2I · cycle : FRAB Bretagne,https://entrepot.recherche.data.gouv.fr/dataset.xhtml?persistentId=doi:10.57745/IQVM2I,inrae-mesclun-v1.1-cycles-0241,1.1,Licence Ouverte / Open Licence Etalab 2.0,2026-07-29T00:00:00.000Z,[2026-07-29] Fenêtres importées sans réduction depuis Pépinière-Mesclun v1.1. Culture source : Melon — Melon.,
INRAE-MESCLUN-0242,Melon,Cucurbitaceae,Cucumis melo,Sous abri,,14,14,16,27,33,7,,105,,,,,Plantation,true,oceanique,Nord-Ouest,source_documentee,true,INRAE — Pépinière-Mesclun v1.1 · DOI 10.57745/IQVM2I · cycle : FRAB Bretagne,https://entrepot.recherche.data.gouv.fr/dataset.xhtml?persistentId=doi:10.57745/IQVM2I,inrae-mesclun-v1.1-cycles-0242,1.1,Licence Ouverte / Open Licence Etalab 2.0,2026-07-29T00:00:00.000Z,[2026-07-29] Fenêtres importées sans réduction depuis Pépinière-Mesclun v1.1. Culture source : Melon — Melon.,
INRAE-MESCLUN-0243,Melon,Cucurbitaceae,Cucumis melo,Sous abri,,16,16,18,29,35,7,,105,,,,,Plantation,true,oceanique,Nord-Ouest,source_documentee,true,INRAE — Pépinière-Mesclun v1.1 · DOI 10.57745/IQVM2I · cycle : FRAB Bretagne,https://entrepot.recherche.data.gouv.fr/dataset.xhtml?persistentId=doi:10.57745/IQVM2I,inrae-mesclun-v1.1-cycles-0243,1.1,Licence Ouverte / Open Licence Etalab 2.0,2026-07-29T00:00:00.000Z,[2026-07-29] Fenêtres importées sans réduction depuis Pépinière-Mesclun v1.1. Culture source : Melon — Melon.,
INRAE-MESCLUN-0244,Melon,Cucurbitaceae,Cucumis melo,Plein champ,,20,20,22,33,40,8,,112,,,,,Plantation,false,oceanique,Nord-Ouest,source_documentee,true,INRAE — Pépinière-Mesclun v1.1 · DOI 10.57745/IQVM2I · cycle : FRAB Bretagne,https://entrepot.recherche.data.gouv.fr/dataset.xhtml?persistentId=doi:10.57745/IQVM2I,inrae-mesclun-v1.1-cycles-0244,1.1,Licence Ouverte / Open Licence Etalab 2.0,2026-07-29T00:00:00.000Z,[2026-07-29] Fenêtres importées sans réduction depuis Pépinière-Mesclun v1.1. Culture source : Melon — Melon.,
INRAE-MESCLUN-0245,Melon,Cucurbitaceae,Cucumis melo,Plein champ,,22,22,24,35,40,6,,105,,,,,Plantation,false,oceanique,Nord-Ouest,source_documentee,true,INRAE — Pépinière-Mesclun v1.1 · DOI 10.57745/IQVM2I · cycle : FRAB Bretagne,https://entrepot.recherche.data.gouv.fr/dataset.xhtml?persistentId=doi:10.57745/IQVM2I,inrae-mesclun-v1.1-cycles-0245,1.1,Licence Ouverte / Open Licence Etalab 2.0,2026-07-29T00:00:00.000Z,[2026-07-29] Fenêtres importées sans réduction depuis Pépinière-Mesclun v1.1. Culture source : Melon — Melon.,
INRAE-MESCLUN-0246,Melon,Cucurbitaceae,Cucumis melo,Plein champ,,24,24,27,37,42,6,,98,,,,,Plantation,false,oceanique,Nord-Ouest,source_documentee,true,INRAE — Pépinière-Mesclun v1.1 · DOI 10.57745/IQVM2I · cycle : FRAB Bretagne,https://entrepot.recherche.data.gouv.fr/dataset.xhtml?persistentId=doi:10.57745/IQVM2I,inrae-mesclun-v1.1-cycles-0246,1.1,Licence Ouverte / Open Licence Etalab 2.0,2026-07-29T00:00:00.000Z,[2026-07-29] Fenêtres importées sans réduction depuis Pépinière-Mesclun v1.1. Culture source : Melon — Melon.,
Melon-ete,Melon,Cucurbitaceae,Cucumis melo,Plein champ,14,18,,,26,,4,,84,1,100,150,,,,,,a_revoir,true,ITAB Guides Légumes Bio (T1+T2) ; semencemag.fr (SNHF) ; Semailles densités semis,,,,,2026-05-15T14:00:05.379Z,"Semis sous abri 6-8 semaines avant plantation. Sol > 18 °C, paillage chaud (BRF, plastique noir). Sensible au mildiou.","Adapté climat France \n Source: ITAB, Standard Climat France (Valable 2026)"
INRAE-MESCLUN-0247,Mesclun,,,Sous abri,,,10,11,17,23,7,,63,,,,,,false,oceanique,Nord-Ouest,source_documentee,true,INRAE — Pépinière-Mesclun v1.1 · DOI 10.57745/IQVM2I · cycle : FRAB Bretagne (Fiche),https://entrepot.recherche.data.gouv.fr/dataset.xhtml?persistentId=doi:10.57745/IQVM2I,inrae-mesclun-v1.1-cycles-0247,1.1,Licence Ouverte / Open Licence Etalab 2.0,2026-07-29T00:00:00.000Z,[2026-07-29] Fenêtres importées sans réduction depuis Pépinière-Mesclun v1.1. Culture source : Mesclun asiatique-moutarde.,Récolte : Plusieurs récoltes sur le cycle: 17-18; 22-23
INRAE-MESCLUN-0248,Mesclun,,,Sous abri,,,12,13,18,23,6,,56,,,,,,false,oceanique,Nord-Ouest,source_documentee,true,INRAE — Pépinière-Mesclun v1.1 · DOI 10.57745/IQVM2I · cycle : FRAB Bretagne (Fiche),https://entrepot.recherche.data.gouv.fr/dataset.xhtml?persistentId=doi:10.57745/IQVM2I,inrae-mesclun-v1.1-cycles-0248,1.1,Licence Ouverte / Open Licence Etalab 2.0,2026-07-29T00:00:00.000Z,[2026-07-29] Fenêtres importées sans réduction depuis Pépinière-Mesclun v1.1. Culture source : Mesclun asiatique-moutarde.,Récolte : Plusieurs récoltes sur le cycle: 18-18; 23
INRAE-MESCLUN-0249,Mesclun,,,Plein champ,,,14,15,20,26,7,,56,,,,,,false,oceanique,Nord-Ouest,source_documentee,true,INRAE — Pépinière-Mesclun v1.1 · DOI 10.57745/IQVM2I · cycle : FRAB Bretagne (Fiche),https://entrepot.recherche.data.gouv.fr/dataset.xhtml?persistentId=doi:10.57745/IQVM2I,inrae-mesclun-v1.1-cycles-0249,1.1,Licence Ouverte / Open Licence Etalab 2.0,2026-07-29T00:00:00.000Z,[2026-07-29] Fenêtres importées sans réduction depuis Pépinière-Mesclun v1.1. Culture source : Mesclun asiatique-moutarde.,Récolte : Plusieurs récoltes sur le cycle: 20-21; 25-26
INRAE-MESCLUN-0250,Mesclun,,,Plein champ,,,17,17,23,23,1,,42,,,,,,false,oceanique,Nord-Ouest,source_documentee,true,INRAE — Pépinière-Mesclun v1.1 · DOI 10.57745/IQVM2I · cycle : FRAB Bretagne (Fiche),https://entrepot.recherche.data.gouv.fr/dataset.xhtml?persistentId=doi:10.57745/IQVM2I,inrae-mesclun-v1.1-cycles-0250,1.1,Licence Ouverte / Open Licence Etalab 2.0,2026-07-29T00:00:00.000Z,[2026-07-29] Fenêtres importées sans réduction depuis Pépinière-Mesclun v1.1. Culture source : Mesclun asiatique-moutarde.,
INRAE-MESCLUN-0251,Mesclun,,,Plein champ,,,18,18,23,24,2,,42,,,,,,false,oceanique,Nord-Ouest,source_documentee,true,INRAE — Pépinière-Mesclun v1.1 · DOI 10.57745/IQVM2I · cycle : FRAB Bretagne (Fiche),https://entrepot.recherche.data.gouv.fr/dataset.xhtml?persistentId=doi:10.57745/IQVM2I,inrae-mesclun-v1.1-cycles-0251,1.1,Licence Ouverte / Open Licence Etalab 2.0,2026-07-29T00:00:00.000Z,[2026-07-29] Fenêtres importées sans réduction depuis Pépinière-Mesclun v1.1. Culture source : Mesclun asiatique-moutarde.,
INRAE-MESCLUN-0252,Mesclun,,,Plein champ,,,19,19,24,25,2,,42,,,,,,false,oceanique,Nord-Ouest,source_documentee,true,INRAE — Pépinière-Mesclun v1.1 · DOI 10.57745/IQVM2I · cycle : FRAB Bretagne (Fiche),https://entrepot.recherche.data.gouv.fr/dataset.xhtml?persistentId=doi:10.57745/IQVM2I,inrae-mesclun-v1.1-cycles-0252,1.1,Licence Ouverte / Open Licence Etalab 2.0,2026-07-29T00:00:00.000Z,[2026-07-29] Fenêtres importées sans réduction depuis Pépinière-Mesclun v1.1. Culture source : Mesclun asiatique-moutarde.,
INRAE-MESCLUN-0253,Mesclun,,,Plein champ,,,20,20,25,25,1,,35,,,,,,false,oceanique,Nord-Ouest,source_documentee,true,INRAE — Pépinière-Mesclun v1.1 · DOI 10.57745/IQVM2I · cycle : FRAB Bretagne (Fiche),https://entrepot.recherche.data.gouv.fr/dataset.xhtml?persistentId=doi:10.57745/IQVM2I,inrae-mesclun-v1.1-cycles-0253,1.1,Licence Ouverte / Open Licence Etalab 2.0,2026-07-29T00:00:00.000Z,[2026-07-29] Fenêtres importées sans réduction depuis Pépinière-Mesclun v1.1. Culture source : Mesclun asiatique-moutarde.,
INRAE-MESCLUN-0254,Mesclun,,,Plein champ,,,21,21,26,26,1,,35,,,,,,false,oceanique,Nord-Ouest,source_documentee,true,INRAE — Pépinière-Mesclun v1.1 · DOI 10.57745/IQVM2I · cycle : FRAB Bretagne (Fiche),https://entrepot.recherche.data.gouv.fr/dataset.xhtml?persistentId=doi:10.57745/IQVM2I,inrae-mesclun-v1.1-cycles-0254,1.1,Licence Ouverte / Open Licence Etalab 2.0,2026-07-29T00:00:00.000Z,[2026-07-29] Fenêtres importées sans réduction depuis Pépinière-Mesclun v1.1. Culture source : Mesclun asiatique-moutarde.,
INRAE-MESCLUN-0255,Mesclun,,,Plein champ,,,22,22,27,27,1,,35,,,,,,false,oceanique,Nord-Ouest,source_documentee,true,INRAE — Pépinière-Mesclun v1.1 · DOI 10.57745/IQVM2I · cycle : FRAB Bretagne (Fiche),https://entrepot.recherche.data.gouv.fr/dataset.xhtml?persistentId=doi:10.57745/IQVM2I,inrae-mesclun-v1.1-cycles-0255,1.1,Licence Ouverte / Open Licence Etalab 2.0,2026-07-29T00:00:00.000Z,[2026-07-29] Fenêtres importées sans réduction depuis Pépinière-Mesclun v1.1. Culture source : Mesclun asiatique-moutarde.,
INRAE-MESCLUN-0256,Mesclun,,,Plein champ,,,23,23,28,28,1,,35,,,,,,false,oceanique,Nord-Ouest,source_documentee,true,INRAE — Pépinière-Mesclun v1.1 · DOI 10.57745/IQVM2I · cycle : FRAB Bretagne (Fiche),https://entrepot.recherche.data.gouv.fr/dataset.xhtml?persistentId=doi:10.57745/IQVM2I,inrae-mesclun-v1.1-cycles-0256,1.1,Licence Ouverte / Open Licence Etalab 2.0,2026-07-29T00:00:00.000Z,[2026-07-29] Fenêtres importées sans réduction depuis Pépinière-Mesclun v1.1. Culture source : Mesclun asiatique-moutarde.,
INRAE-MESCLUN-0257,Mesclun,,,Plein champ,,,24,24,28,29,2,,35,,,,,,false,oceanique,Nord-Ouest,source_documentee,true,INRAE — Pépinière-Mesclun v1.1 · DOI 10.57745/IQVM2I · cycle : FRAB Bretagne (Fiche),https://entrepot.recherche.data.gouv.fr/dataset.xhtml?persistentId=doi:10.57745/IQVM2I,inrae-mesclun-v1.1-cycles-0257,1.1,Licence Ouverte / Open Licence Etalab 2.0,2026-07-29T00:00:00.000Z,[2026-07-29] Fenêtres importées sans réduction depuis Pépinière-Mesclun v1.1. Culture source : Mesclun asiatique-moutarde.,
INRAE-MESCLUN-0258,Mesclun,,,Plein champ,,,25,25,29,30,2,,35,,,,,,false,oceanique,Nord-Ouest,source_documentee,true,INRAE — Pépinière-Mesclun v1.1 · DOI 10.57745/IQVM2I · cycle : FRAB Bretagne (Fiche),https://entrepot.recherche.data.gouv.fr/dataset.xhtml?persistentId=doi:10.57745/IQVM2I,inrae-mesclun-v1.1-cycles-0258,1.1,Licence Ouverte / Open Licence Etalab 2.0,2026-07-29T00:00:00.000Z,[2026-07-29] Fenêtres importées sans réduction depuis Pépinière-Mesclun v1.1. Culture source : Mesclun asiatique-moutarde.,
INRAE-MESCLUN-0259,Mesclun,,,Plein champ,,,26,26,30,31,2,,35,,,,,,false,oceanique,Nord-Ouest,source_documentee,true,INRAE — Pépinière-Mesclun v1.1 · DOI 10.57745/IQVM2I · cycle : FRAB Bretagne (Fiche),https://entrepot.recherche.data.gouv.fr/dataset.xhtml?persistentId=doi:10.57745/IQVM2I,inrae-mesclun-v1.1-cycles-0259,1.1,Licence Ouverte / Open Licence Etalab 2.0,2026-07-29T00:00:00.000Z,[2026-07-29] Fenêtres importées sans réduction depuis Pépinière-Mesclun v1.1. Culture source : Mesclun asiatique-moutarde.,
INRAE-MESCLUN-0260,Mesclun,,,Plein champ,,,27,27,31,31,1,,28,,,,,,false,oceanique,Nord-Ouest,source_documentee,true,INRAE — Pépinière-Mesclun v1.1 · DOI 10.57745/IQVM2I · cycle : FRAB Bretagne (Fiche),https://entrepot.recherche.data.gouv.fr/dataset.xhtml?persistentId=doi:10.57745/IQVM2I,inrae-mesclun-v1.1-cycles-0260,1.1,Licence Ouverte / Open Licence Etalab 2.0,2026-07-29T00:00:00.000Z,[2026-07-29] Fenêtres importées sans réduction depuis Pépinière-Mesclun v1.1. Culture source : Mesclun asiatique-moutarde.,
INRAE-MESCLUN-0261,Mesclun,,,Plein champ,,,28,28,32,32,1,,28,,,,,,false,oceanique,Nord-Ouest,source_documentee,true,INRAE — Pépinière-Mesclun v1.1 · DOI 10.57745/IQVM2I · cycle : FRAB Bretagne (Fiche),https://entrepot.recherche.data.gouv.fr/dataset.xhtml?persistentId=doi:10.57745/IQVM2I,inrae-mesclun-v1.1-cycles-0261,1.1,Licence Ouverte / Open Licence Etalab 2.0,2026-07-29T00:00:00.000Z,[2026-07-29] Fenêtres importées sans réduction depuis Pépinière-Mesclun v1.1. Culture source : Mesclun asiatique-moutarde.,
INRAE-MESCLUN-0262,Mesclun,,,Plein champ,,,29,29,33,37,5,,42,,,,,,false,oceanique,Nord-Ouest,source_documentee,true,INRAE — Pépinière-Mesclun v1.1 · DOI 10.57745/IQVM2I · cycle : FRAB Bretagne (Fiche),https://entrepot.recherche.data.gouv.fr/dataset.xhtml?persistentId=doi:10.57745/IQVM2I,inrae-mesclun-v1.1-cycles-0262,1.1,Licence Ouverte / Open Licence Etalab 2.0,2026-07-29T00:00:00.000Z,[2026-07-29] Fenêtres importées sans réduction depuis Pépinière-Mesclun v1.1. Culture source : Mesclun asiatique-moutarde.,Récolte : Plusieurs récoltes sur le cycle: 33; 37
INRAE-MESCLUN-0263,Mesclun,,,Plein champ,,,30,30,34,38,5,,42,,,,,,false,oceanique,Nord-Ouest,source_documentee,true,INRAE — Pépinière-Mesclun v1.1 · DOI 10.57745/IQVM2I · cycle : FRAB Bretagne (Fiche),https://entrepot.recherche.data.gouv.fr/dataset.xhtml?persistentId=doi:10.57745/IQVM2I,inrae-mesclun-v1.1-cycles-0263,1.1,Licence Ouverte / Open Licence Etalab 2.0,2026-07-29T00:00:00.000Z,[2026-07-29] Fenêtres importées sans réduction depuis Pépinière-Mesclun v1.1. Culture source : Mesclun asiatique-moutarde.,Récolte : Plusieurs récoltes sur le cycle:34; 38
INRAE-MESCLUN-0264,Mesclun,,,Plein champ,,,31,31,35,39,5,,42,,,,,,false,oceanique,Nord-Ouest,source_documentee,true,INRAE — Pépinière-Mesclun v1.1 · DOI 10.57745/IQVM2I · cycle : FRAB Bretagne (Fiche),https://entrepot.recherche.data.gouv.fr/dataset.xhtml?persistentId=doi:10.57745/IQVM2I,inrae-mesclun-v1.1-cycles-0264,1.1,Licence Ouverte / Open Licence Etalab 2.0,2026-07-29T00:00:00.000Z,[2026-07-29] Fenêtres importées sans réduction depuis Pépinière-Mesclun v1.1. Culture source : Mesclun asiatique-moutarde.,Récolte : Plusieurs récoltes sur le cycle:35; 39
INRAE-MESCLUN-0265,Mesclun,,,Plein champ,,,32,32,36,41,6,,49,,,,,,false,oceanique,Nord-Ouest,source_documentee,true,INRAE — Pépinière-Mesclun v1.1 · DOI 10.57745/IQVM2I · cycle : FRAB Bretagne (Fiche),https://entrepot.recherche.data.gouv.fr/dataset.xhtml?persistentId=doi:10.57745/IQVM2I,inrae-mesclun-v1.1-cycles-0265,1.1,Licence Ouverte / Open Licence Etalab 2.0,2026-07-29T00:00:00.000Z,[2026-07-29] Fenêtres importées sans réduction depuis Pépinière-Mesclun v1.1. Culture source : Mesclun asiatique-moutarde.,Récolte : Plusieurs récoltes sur le cycle:36-37;41
INRAE-MESCLUN-0266,Mesclun,,,Plein champ,,,33,33,37,42,6,,49,,,,,,false,oceanique,Nord-Ouest,source_documentee,true,INRAE — Pépinière-Mesclun v1.1 · DOI 10.57745/IQVM2I · cycle : FRAB Bretagne (Fiche),https://entrepot.recherche.data.gouv.fr/dataset.xhtml?persistentId=doi:10.57745/IQVM2I,inrae-mesclun-v1.1-cycles-0266,1.1,Licence Ouverte / Open Licence Etalab 2.0,2026-07-29T00:00:00.000Z,[2026-07-29] Fenêtres importées sans réduction depuis Pépinière-Mesclun v1.1. Culture source : Mesclun asiatique-moutarde.,Récolte : Plusieurs récoltes sur le cycle:37-38;42
INRAE-MESCLUN-0267,Mesclun,,,Plein champ,,,34,34,39,45,7,,56,,,,,,false,oceanique,Nord-Ouest,source_documentee,true,INRAE — Pépinière-Mesclun v1.1 · DOI 10.57745/IQVM2I · cycle : FRAB Bretagne (Fiche),https://entrepot.recherche.data.gouv.fr/dataset.xhtml?persistentId=doi:10.57745/IQVM2I,inrae-mesclun-v1.1-cycles-0267,1.1,Licence Ouverte / Open Licence Etalab 2.0,2026-07-29T00:00:00.000Z,[2026-07-29] Fenêtres importées sans réduction depuis Pépinière-Mesclun v1.1. Culture source : Mesclun asiatique-moutarde.,Récolte : Plusieurs récoltes sur le cycle:39-40; 44-45
INRAE-MESCLUN-0268,Mesclun,,,Plein champ,,,35,35,40,46,7,,56,,,,,,false,oceanique,Nord-Ouest,source_documentee,true,INRAE — Pépinière-Mesclun v1.1 · DOI 10.57745/IQVM2I · cycle : FRAB Bretagne (Fiche),https://entrepot.recherche.data.gouv.fr/dataset.xhtml?persistentId=doi:10.57745/IQVM2I,inrae-mesclun-v1.1-cycles-0268,1.1,Licence Ouverte / Open Licence Etalab 2.0,2026-07-29T00:00:00.000Z,[2026-07-29] Fenêtres importées sans réduction depuis Pépinière-Mesclun v1.1. Culture source : Mesclun asiatique-moutarde.,Récolte : Plusieurs récoltes sur le cycle:40-41; 46
INRAE-MESCLUN-0269,Mesclun,,,Plein champ,,,36,36,41,42,2,,42,,,,,,false,oceanique,Nord-Ouest,source_documentee,true,INRAE — Pépinière-Mesclun v1.1 · DOI 10.57745/IQVM2I · cycle : FRAB Bretagne (Fiche),https://entrepot.recherche.data.gouv.fr/dataset.xhtml?persistentId=doi:10.57745/IQVM2I,inrae-mesclun-v1.1-cycles-0269,1.1,Licence Ouverte / Open Licence Etalab 2.0,2026-07-29T00:00:00.000Z,[2026-07-29] Fenêtres importées sans réduction depuis Pépinière-Mesclun v1.1. Culture source : Mesclun asiatique-moutarde.,
INRAE-MESCLUN-0270,Mesclun,,,Sous abri,,,37,37,42,14,25,,119,,,,,,false,oceanique,Nord-Ouest,source_documentee,true,INRAE — Pépinière-Mesclun v1.1 · DOI 10.57745/IQVM2I · cycle : FRAB Bretagne (Fiche),https://entrepot.recherche.data.gouv.fr/dataset.xhtml?persistentId=doi:10.57745/IQVM2I,inrae-mesclun-v1.1-cycles-0270,1.1,Licence Ouverte / Open Licence Etalab 2.0,2026-07-29T00:00:00.000Z,[2026-07-29] Fenêtres importées sans réduction depuis Pépinière-Mesclun v1.1. Culture source : Mesclun asiatique-moutarde.,Récolte : Plusieurs récoltes sur le cycle: 42-44; 48-50; 6-7; 12-14
INRAE-MESCLUN-0271,Mesclun,,,Sous abri,,,38,38,44,15,24,,126,,,,,,false,oceanique,Nord-Ouest,source_documentee,true,INRAE — Pépinière-Mesclun v1.1 · DOI 10.57745/IQVM2I · cycle : FRAB Bretagne (Fiche),https://entrepot.recherche.data.gouv.fr/dataset.xhtml?persistentId=doi:10.57745/IQVM2I,inrae-mesclun-v1.1-cycles-0271,1.1,Licence Ouverte / Open Licence Etalab 2.0,2026-07-29T00:00:00.000Z,[2026-07-29] Fenêtres importées sans réduction depuis Pépinière-Mesclun v1.1. Culture source : Mesclun asiatique-moutarde.,Récolte : Plusieurs récoltes sur le cycle: 44-45; 51-52; 7-8; 13-15
INRAE-MESCLUN-0272,Mesclun,,,Sous abri,,,40,40,45,17,25,,119,,,,,,false,oceanique,Nord-Ouest,source_documentee,true,INRAE — Pépinière-Mesclun v1.1 · DOI 10.57745/IQVM2I · cycle : FRAB Bretagne (Fiche),https://entrepot.recherche.data.gouv.fr/dataset.xhtml?persistentId=doi:10.57745/IQVM2I,inrae-mesclun-v1.1-cycles-0272,1.1,Licence Ouverte / Open Licence Etalab 2.0,2026-07-29T00:00:00.000Z,[2026-07-29] Fenêtres importées sans réduction depuis Pépinière-Mesclun v1.1. Culture source : Mesclun asiatique-moutarde.,Récolte : Plusieurs récoltes sur le cycle: 45-46;1-2; 9-10; 15-17
INRAE-MESCLUN-0273,Mesclun,,,Sous abri,,,9,9,18,25,8,,91,,,,,,false,oceanique,Nord-Ouest,source_documentee,true,INRAE — Pépinière-Mesclun v1.1 · DOI 10.57745/IQVM2I · cycle : FRAB Bretagne (Fiche),https://entrepot.recherche.data.gouv.fr/dataset.xhtml?persistentId=doi:10.57745/IQVM2I,inrae-mesclun-v1.1-cycles-0273,1.1,Licence Ouverte / Open Licence Etalab 2.0,2026-07-29T00:00:00.000Z,[2026-07-29] Fenêtres importées sans réduction depuis Pépinière-Mesclun v1.1. Culture source : Mesclun blette-betterave.,Récolte : Plusieurs récoltes sur le cycle:18-20;24-25
INRAE-MESCLUN-0274,Mesclun,,,Sous abri,,,10,10,19,26,8,,91,,,,,,false,oceanique,Nord-Ouest,source_documentee,true,INRAE — Pépinière-Mesclun v1.1 · DOI 10.57745/IQVM2I · cycle : FRAB Bretagne (Fiche),https://entrepot.recherche.data.gouv.fr/dataset.xhtml?persistentId=doi:10.57745/IQVM2I,inrae-mesclun-v1.1-cycles-0274,1.1,Licence Ouverte / Open Licence Etalab 2.0,2026-07-29T00:00:00.000Z,[2026-07-29] Fenêtres importées sans réduction depuis Pépinière-Mesclun v1.1. Culture source : Mesclun blette-betterave.,Récolte : Plusieurs récoltes sur le cycle:19-21;25-26
INRAE-MESCLUN-0275,Mesclun,,,Sous abri,,,11,11,19,26,8,,84,,,,,,false,oceanique,Nord-Ouest,source_documentee,true,INRAE — Pépinière-Mesclun v1.1 · DOI 10.57745/IQVM2I · cycle : FRAB Bretagne (Fiche),https://entrepot.recherche.data.gouv.fr/dataset.xhtml?persistentId=doi:10.57745/IQVM2I,inrae-mesclun-v1.1-cycles-0275,1.1,Licence Ouverte / Open Licence Etalab 2.0,2026-07-29T00:00:00.000Z,[2026-07-29] Fenêtres importées sans réduction depuis Pépinière-Mesclun v1.1. Culture source : Mesclun blette-betterave.,Récolte : Plusieurs récoltes sur le cycle:19-21;25-26
INRAE-MESCLUN-0276,Mesclun,,,Sous abri,,,12,12,20,27,8,,84,,,,,,false,oceanique,Nord-Ouest,source_documentee,true,INRAE — Pépinière-Mesclun v1.1 · DOI 10.57745/IQVM2I · cycle : FRAB Bretagne (Fiche),https://entrepot.recherche.data.gouv.fr/dataset.xhtml?persistentId=doi:10.57745/IQVM2I,inrae-mesclun-v1.1-cycles-0276,1.1,Licence Ouverte / Open Licence Etalab 2.0,2026-07-29T00:00:00.000Z,[2026-07-29] Fenêtres importées sans réduction depuis Pépinière-Mesclun v1.1. Culture source : Mesclun blette-betterave.,Récolte : Plusieurs récoltes sur le cycle:20-22;26-27
INRAE-MESCLUN-0277,Mesclun,,,Sous abri,,,13,13,21,27,7,,77,,,,,,false,oceanique,Nord-Ouest,source_documentee,true,INRAE — Pépinière-Mesclun v1.1 · DOI 10.57745/IQVM2I · cycle : FRAB Bretagne (Fiche),https://entrepot.recherche.data.gouv.fr/dataset.xhtml?persistentId=doi:10.57745/IQVM2I,inrae-mesclun-v1.1-cycles-0277,1.1,Licence Ouverte / Open Licence Etalab 2.0,2026-07-29T00:00:00.000Z,[2026-07-29] Fenêtres importées sans réduction depuis Pépinière-Mesclun v1.1. Culture source : Mesclun blette-betterave.,Récolte : Plusieurs récoltes sur le cycle:21-22;26-27
INRAE-MESCLUN-0278,Mesclun,,,Plein champ,,,14,14,22,29,8,,84,,,,,,false,oceanique,Nord-Ouest,source_documentee,true,INRAE — Pépinière-Mesclun v1.1 · DOI 10.57745/IQVM2I · cycle : FRAB Bretagne (Fiche),https://entrepot.recherche.data.gouv.fr/dataset.xhtml?persistentId=doi:10.57745/IQVM2I,inrae-mesclun-v1.1-cycles-0278,1.1,Licence Ouverte / Open Licence Etalab 2.0,2026-07-29T00:00:00.000Z,[2026-07-29] Fenêtres importées sans réduction depuis Pépinière-Mesclun v1.1. Culture source : Mesclun blette-betterave.,Récolte : Plusieurs récoltes sur le cycle:22-23;28-29
INRAE-MESCLUN-0279,Mesclun,,,Plein champ,,,15,15,23,29,7,,77,,,,,,false,oceanique,Nord-Ouest,source_documentee,true,INRAE — Pépinière-Mesclun v1.1 · DOI 10.57745/IQVM2I · cycle : FRAB Bretagne (Fiche),https://entrepot.recherche.data.gouv.fr/dataset.xhtml?persistentId=doi:10.57745/IQVM2I,inrae-mesclun-v1.1-cycles-0279,1.1,Licence Ouverte / Open Licence Etalab 2.0,2026-07-29T00:00:00.000Z,[2026-07-29] Fenêtres importées sans réduction depuis Pépinière-Mesclun v1.1. Culture source : Mesclun blette-betterave.,Récolte : Plusieurs récoltes sur le cycle:23-24;28-29
INRAE-MESCLUN-0280,Mesclun,,,Plein champ,,,16,16,24,30,7,,77,,,,,,false,oceanique,Nord-Ouest,source_documentee,true,INRAE — Pépinière-Mesclun v1.1 · DOI 10.57745/IQVM2I · cycle : FRAB Bretagne (Fiche),https://entrepot.recherche.data.gouv.fr/dataset.xhtml?persistentId=doi:10.57745/IQVM2I,inrae-mesclun-v1.1-cycles-0280,1.1,Licence Ouverte / Open Licence Etalab 2.0,2026-07-29T00:00:00.000Z,[2026-07-29] Fenêtres importées sans réduction depuis Pépinière-Mesclun v1.1. Culture source : Mesclun blette-betterave.,Récolte : Plusieurs récoltes sur le cycle:24-25;29-30
INRAE-MESCLUN-0281,Mesclun,,,Plein champ,,,17,17,25,31,7,,77,,,,,,false,oceanique,Nord-Ouest,source_documentee,true,INRAE — Pépinière-Mesclun v1.1 · DOI 10.57745/IQVM2I · cycle : FRAB Bretagne (Fiche),https://entrepot.recherche.data.gouv.fr/dataset.xhtml?persistentId=doi:10.57745/IQVM2I,inrae-mesclun-v1.1-cycles-0281,1.1,Licence Ouverte / Open Licence Etalab 2.0,2026-07-29T00:00:00.000Z,[2026-07-29] Fenêtres importées sans réduction depuis Pépinière-Mesclun v1.1. Culture source : Mesclun blette-betterave.,Récolte : Plusieurs récoltes sur le cycle:25-26;30-31
INRAE-MESCLUN-0282,Mesclun,,,Plein champ,,,18,18,25,31,7,,70,,,,,,false,oceanique,Nord-Ouest,source_documentee,true,INRAE — Pépinière-Mesclun v1.1 · DOI 10.57745/IQVM2I · cycle : FRAB Bretagne (Fiche),https://entrepot.recherche.data.gouv.fr/dataset.xhtml?persistentId=doi:10.57745/IQVM2I,inrae-mesclun-v1.1-cycles-0282,1.1,Licence Ouverte / Open Licence Etalab 2.0,2026-07-29T00:00:00.000Z,[2026-07-29] Fenêtres importées sans réduction depuis Pépinière-Mesclun v1.1. Culture source : Mesclun blette-betterave.,Récolte : Plusieurs récoltes sur le cycle:25-26;30-31
INRAE-MESCLUN-0283,Mesclun,,,Plein champ,,,19,19,26,32,7,,70,,,,,,false,oceanique,Nord-Ouest,source_documentee,true,INRAE — Pépinière-Mesclun v1.1 · DOI 10.57745/IQVM2I · cycle : FRAB Bretagne (Fiche),https://entrepot.recherche.data.gouv.fr/dataset.xhtml?persistentId=doi:10.57745/IQVM2I,inrae-mesclun-v1.1-cycles-0283,1.1,Licence Ouverte / Open Licence Etalab 2.0,2026-07-29T00:00:00.000Z,[2026-07-29] Fenêtres importées sans réduction depuis Pépinière-Mesclun v1.1. Culture source : Mesclun blette-betterave.,Récolte : Plusieurs récoltes sur le cycle:26-27;31-32
INRAE-MESCLUN-0284,Mesclun,,,Plein champ,,,20,20,27,33,7,,70,,,,,,false,oceanique,Nord-Ouest,source_documentee,true,INRAE — Pépinière-Mesclun v1.1 · DOI 10.57745/IQVM2I · cycle : FRAB Bretagne (Fiche),https://entrepot.recherche.data.gouv.fr/dataset.xhtml?persistentId=doi:10.57745/IQVM2I,inrae-mesclun-v1.1-cycles-0284,1.1,Licence Ouverte / Open Licence Etalab 2.0,2026-07-29T00:00:00.000Z,[2026-07-29] Fenêtres importées sans réduction depuis Pépinière-Mesclun v1.1. Culture source : Mesclun blette-betterave.,Récolte : Plusieurs récoltes sur le cycle:27-28;32-33
INRAE-MESCLUN-0285,Mesclun,,,Plein champ,,,21,21,28,34,7,,70,,,,,,false,oceanique,Nord-Ouest,source_documentee,true,INRAE — Pépinière-Mesclun v1.1 · DOI 10.57745/IQVM2I · cycle : FRAB Bretagne (Fiche),https://entrepot.recherche.data.gouv.fr/dataset.xhtml?persistentId=doi:10.57745/IQVM2I,inrae-mesclun-v1.1-cycles-0285,1.1,Licence Ouverte / Open Licence Etalab 2.0,2026-07-29T00:00:00.000Z,[2026-07-29] Fenêtres importées sans réduction depuis Pépinière-Mesclun v1.1. Culture source : Mesclun blette-betterave.,Récolte : Plusieurs récoltes sur le cycle:28-29;33-34
INRAE-MESCLUN-0286,Mesclun,,,Plein champ,,,22,22,29,35,7,,70,,,,,,false,oceanique,Nord-Ouest,source_documentee,true,INRAE — Pépinière-Mesclun v1.1 · DOI 10.57745/IQVM2I · cycle : FRAB Bretagne (Fiche),https://entrepot.recherche.data.gouv.fr/dataset.xhtml?persistentId=doi:10.57745/IQVM2I,inrae-mesclun-v1.1-cycles-0286,1.1,Licence Ouverte / Open Licence Etalab 2.0,2026-07-29T00:00:00.000Z,[2026-07-29] Fenêtres importées sans réduction depuis Pépinière-Mesclun v1.1. Culture source : Mesclun blette-betterave.,Récolte : Plusieurs récoltes sur le cycle:29-30;34-35
INRAE-MESCLUN-0287,Mesclun,,,Plein champ,,,23,23,29,35,7,,63,,,,,,false,oceanique,Nord-Ouest,source_documentee,true,INRAE — Pépinière-Mesclun v1.1 · DOI 10.57745/IQVM2I · cycle : FRAB Bretagne (Fiche),https://entrepot.recherche.data.gouv.fr/dataset.xhtml?persistentId=doi:10.57745/IQVM2I,inrae-mesclun-v1.1-cycles-0287,1.1,Licence Ouverte / Open Licence Etalab 2.0,2026-07-29T00:00:00.000Z,[2026-07-29] Fenêtres importées sans réduction depuis Pépinière-Mesclun v1.1. Culture source : Mesclun blette-betterave.,Récolte : Plusieurs récoltes sur le cycle:29-30;34-35
INRAE-MESCLUN-0288,Mesclun,,,Plein champ,,,24,24,30,36,7,,63,,,,,,false,oceanique,Nord-Ouest,source_documentee,true,INRAE — Pépinière-Mesclun v1.1 · DOI 10.57745/IQVM2I · cycle : FRAB Bretagne (Fiche),https://entrepot.recherche.data.gouv.fr/dataset.xhtml?persistentId=doi:10.57745/IQVM2I,inrae-mesclun-v1.1-cycles-0288,1.1,Licence Ouverte / Open Licence Etalab 2.0,2026-07-29T00:00:00.000Z,[2026-07-29] Fenêtres importées sans réduction depuis Pépinière-Mesclun v1.1. Culture source : Mesclun blette-betterave.,Récolte : Plusieurs récoltes sur le cycle:30-31;35-36
INRAE-MESCLUN-0289,Mesclun,,,Plein champ,,,25,25,31,37,7,,63,,,,,,false,oceanique,Nord-Ouest,source_documentee,true,INRAE — Pépinière-Mesclun v1.1 · DOI 10.57745/IQVM2I · cycle : FRAB Bretagne (Fiche),https://entrepot.recherche.data.gouv.fr/dataset.xhtml?persistentId=doi:10.57745/IQVM2I,inrae-mesclun-v1.1-cycles-0289,1.1,Licence Ouverte / Open Licence Etalab 2.0,2026-07-29T00:00:00.000Z,[2026-07-29] Fenêtres importées sans réduction depuis Pépinière-Mesclun v1.1. Culture source : Mesclun blette-betterave.,Récolte : Plusieurs récoltes sur le cycle:31-32;36-37
INRAE-MESCLUN-0290,Mesclun,,,Plein champ,,,26,26,31,37,7,,56,,,,,,false,oceanique,Nord-Ouest,source_documentee,true,INRAE — Pépinière-Mesclun v1.1 · DOI 10.57745/IQVM2I · cycle : FRAB Bretagne (Fiche),https://entrepot.recherche.data.gouv.fr/dataset.xhtml?persistentId=doi:10.57745/IQVM2I,inrae-mesclun-v1.1-cycles-0290,1.1,Licence Ouverte / Open Licence Etalab 2.0,2026-07-29T00:00:00.000Z,[2026-07-29] Fenêtres importées sans réduction depuis Pépinière-Mesclun v1.1. Culture source : Mesclun blette-betterave.,Récolte : Plusieurs récoltes sur le cycle:31-32;36-37
INRAE-MESCLUN-0291,Mesclun,,,Plein champ,,,27,27,32,38,7,,56,,,,,,false,oceanique,Nord-Ouest,source_documentee,true,INRAE — Pépinière-Mesclun v1.1 · DOI 10.57745/IQVM2I · cycle : FRAB Bretagne (Fiche),https://entrepot.recherche.data.gouv.fr/dataset.xhtml?persistentId=doi:10.57745/IQVM2I,inrae-mesclun-v1.1-cycles-0291,1.1,Licence Ouverte / Open Licence Etalab 2.0,2026-07-29T00:00:00.000Z,[2026-07-29] Fenêtres importées sans réduction depuis Pépinière-Mesclun v1.1. Culture source : Mesclun blette-betterave.,Récolte : Plusieurs récoltes sur le cycle:32-33;37-38
INRAE-MESCLUN-0292,Mesclun,,,Plein champ,,,28,28,33,39,7,,56,,,,,,false,oceanique,Nord-Ouest,source_documentee,true,INRAE — Pépinière-Mesclun v1.1 · DOI 10.57745/IQVM2I · cycle : FRAB Bretagne (Fiche),https://entrepot.recherche.data.gouv.fr/dataset.xhtml?persistentId=doi:10.57745/IQVM2I,inrae-mesclun-v1.1-cycles-0292,1.1,Licence Ouverte / Open Licence Etalab 2.0,2026-07-29T00:00:00.000Z,[2026-07-29] Fenêtres importées sans réduction depuis Pépinière-Mesclun v1.1. Culture source : Mesclun blette-betterave.,Récolte : Plusieurs récoltes sur le cycle:33-34;38-39
INRAE-MESCLUN-0293,Mesclun,,,Plein champ,,,29,29,34,41,8,,63,,,,,,false,oceanique,Nord-Ouest,source_documentee,true,INRAE — Pépinière-Mesclun v1.1 · DOI 10.57745/IQVM2I · cycle : FRAB Bretagne (Fiche),https://entrepot.recherche.data.gouv.fr/dataset.xhtml?persistentId=doi:10.57745/IQVM2I,inrae-mesclun-v1.1-cycles-0293,1.1,Licence Ouverte / Open Licence Etalab 2.0,2026-07-29T00:00:00.000Z,[2026-07-29] Fenêtres importées sans réduction depuis Pépinière-Mesclun v1.1. Culture source : Mesclun blette-betterave.,Récolte : Plusieurs récoltes sur le cycle:34-35;40-41
INRAE-MESCLUN-0294,Mesclun,,,Plein champ,,,30,30,35,42,8,,63,,,,,,false,oceanique,Nord-Ouest,source_documentee,true,INRAE — Pépinière-Mesclun v1.1 · DOI 10.57745/IQVM2I · cycle : FRAB Bretagne (Fiche),https://entrepot.recherche.data.gouv.fr/dataset.xhtml?persistentId=doi:10.57745/IQVM2I,inrae-mesclun-v1.1-cycles-0294,1.1,Licence Ouverte / Open Licence Etalab 2.0,2026-07-29T00:00:00.000Z,[2026-07-29] Fenêtres importées sans réduction depuis Pépinière-Mesclun v1.1. Culture source : Mesclun blette-betterave.,Récolte : Plusieurs récoltes sur le cycle:35-36;41-42
INRAE-MESCLUN-0295,Mesclun,,,Plein champ,,,31,31,36,43,8,,63,,,,,,false,oceanique,Nord-Ouest,source_documentee,true,INRAE — Pépinière-Mesclun v1.1 · DOI 10.57745/IQVM2I · cycle : FRAB Bretagne (Fiche),https://entrepot.recherche.data.gouv.fr/dataset.xhtml?persistentId=doi:10.57745/IQVM2I,inrae-mesclun-v1.1-cycles-0295,1.1,Licence Ouverte / Open Licence Etalab 2.0,2026-07-29T00:00:00.000Z,[2026-07-29] Fenêtres importées sans réduction depuis Pépinière-Mesclun v1.1. Culture source : Mesclun blette-betterave.,Récolte : Plusieurs récoltes sur le cycle:36-37;42-43
INRAE-MESCLUN-0296,Mesclun,,,Plein champ,,,32,32,38,45,8,,70,,,,,,false,oceanique,Nord-Ouest,source_documentee,true,INRAE — Pépinière-Mesclun v1.1 · DOI 10.57745/IQVM2I · cycle : FRAB Bretagne (Fiche),https://entrepot.recherche.data.gouv.fr/dataset.xhtml?persistentId=doi:10.57745/IQVM2I,inrae-mesclun-v1.1-cycles-0296,1.1,Licence Ouverte / Open Licence Etalab 2.0,2026-07-29T00:00:00.000Z,[2026-07-29] Fenêtres importées sans réduction depuis Pépinière-Mesclun v1.1. Culture source : Mesclun blette-betterave.,Récolte : Plusieurs récoltes sur le cycle:38-39;44-45
INRAE-MESCLUN-0297,Mesclun,,,Plein champ,,,33,33,39,46,8,,70,,,,,,false,oceanique,Nord-Ouest,source_documentee,true,INRAE — Pépinière-Mesclun v1.1 · DOI 10.57745/IQVM2I · cycle : FRAB Bretagne (Fiche),https://entrepot.recherche.data.gouv.fr/dataset.xhtml?persistentId=doi:10.57745/IQVM2I,inrae-mesclun-v1.1-cycles-0297,1.1,Licence Ouverte / Open Licence Etalab 2.0,2026-07-29T00:00:00.000Z,[2026-07-29] Fenêtres importées sans réduction depuis Pépinière-Mesclun v1.1. Culture source : Mesclun blette-betterave.,Récolte : Plusieurs récoltes sur le cycle:39-40;45-46
INRAE-MESCLUN-0298,Mesclun,,,Plein champ,,,34,34,41,48,8,,77,,,,,,false,oceanique,Nord-Ouest,source_documentee,true,INRAE — Pépinière-Mesclun v1.1 · DOI 10.57745/IQVM2I · cycle : FRAB Bretagne (Fiche),https://entrepot.recherche.data.gouv.fr/dataset.xhtml?persistentId=doi:10.57745/IQVM2I,inrae-mesclun-v1.1-cycles-0298,1.1,Licence Ouverte / Open Licence Etalab 2.0,2026-07-29T00:00:00.000Z,[2026-07-29] Fenêtres importées sans réduction depuis Pépinière-Mesclun v1.1. Culture source : Mesclun blette-betterave.,Récolte : Plusieurs récoltes sur le cycle:41-42;47-48
INRAE-MESCLUN-0299,Mesclun,,,Plein champ,,,35,35,42,50,9,,77,,,,,,false,oceanique,Nord-Ouest,source_documentee,true,INRAE — Pépinière-Mesclun v1.1 · DOI 10.57745/IQVM2I · cycle : FRAB Bretagne (Fiche),https://entrepot.recherche.data.gouv.fr/dataset.xhtml?persistentId=doi:10.57745/IQVM2I,inrae-mesclun-v1.1-cycles-0299,1.1,Licence Ouverte / Open Licence Etalab 2.0,2026-07-29T00:00:00.000Z,[2026-07-29] Fenêtres importées sans réduction depuis Pépinière-Mesclun v1.1. Culture source : Mesclun blette-betterave.,Récolte : Plusieurs récoltes sur le cycle:42-43;48-50
INRAE-MESCLUN-0300,Mesclun,,,Plein champ,,,36,36,43,44,2,,56,,,,,,false,oceanique,Nord-Ouest,source_documentee,true,INRAE — Pépinière-Mesclun v1.1 · DOI 10.57745/IQVM2I · cycle : FRAB Bretagne (Fiche),https://entrepot.recherche.data.gouv.fr/dataset.xhtml?persistentId=doi:10.57745/IQVM2I,inrae-mesclun-v1.1-cycles-0300,1.1,Licence Ouverte / Open Licence Etalab 2.0,2026-07-29T00:00:00.000Z,[2026-07-29] Fenêtres importées sans réduction depuis Pépinière-Mesclun v1.1. Culture source : Mesclun blette-betterave.,
INRAE-MESCLUN-0301,Mesclun,,,Sous abri,,,37,37,44,45,2,,56,,,,,,false,oceanique,Nord-Ouest,source_documentee,true,INRAE — Pépinière-Mesclun v1.1 · DOI 10.57745/IQVM2I · cycle : FRAB Bretagne (Fiche),https://entrepot.recherche.data.gouv.fr/dataset.xhtml?persistentId=doi:10.57745/IQVM2I,inrae-mesclun-v1.1-cycles-0301,1.1,Licence Ouverte / Open Licence Etalab 2.0,2026-07-29T00:00:00.000Z,[2026-07-29] Fenêtres importées sans réduction depuis Pépinière-Mesclun v1.1. Culture source : Mesclun blette-betterave.,Récolte : Plusieurs récoltes sur le cycle:44-45;52-52;7-8;13-15
INRAE-MESCLUN-0302,Mesclun,,,Sous abri,,,38,38,46,15,22,,133,,,,,,false,oceanique,Nord-Ouest,source_documentee,true,INRAE — Pépinière-Mesclun v1.1 · DOI 10.57745/IQVM2I · cycle : FRAB Bretagne (Fiche),https://entrepot.recherche.data.gouv.fr/dataset.xhtml?persistentId=doi:10.57745/IQVM2I,inrae-mesclun-v1.1-cycles-0302,1.1,Licence Ouverte / Open Licence Etalab 2.0,2026-07-29T00:00:00.000Z,[2026-07-29] Fenêtres importées sans réduction depuis Pépinière-Mesclun v1.1. Culture source : Mesclun blette-betterave.,Récolte : Plusieurs récoltes sur le cycle:46-48;3-5;10-12
INRAE-MESCLUN-0303,Mesclun,,,Sous abri,,,40,40,48,14,19,,119,,,,,,false,oceanique,Nord-Ouest,source_documentee,true,INRAE — Pépinière-Mesclun v1.1 · DOI 10.57745/IQVM2I · cycle : FRAB Bretagne (Fiche),https://entrepot.recherche.data.gouv.fr/dataset.xhtml?persistentId=doi:10.57745/IQVM2I,inrae-mesclun-v1.1-cycles-0303,1.1,Licence Ouverte / Open Licence Etalab 2.0,2026-07-29T00:00:00.000Z,[2026-07-29] Fenêtres importées sans réduction depuis Pépinière-Mesclun v1.1. Culture source : Mesclun blette-betterave.,Récolte : Plusieurs récoltes sur le cycle:48-50;5-7;12-14
INRAE-MESCLUN-0304,Mesclun,,,Sous abri,,,10,11,17,23,7,,63,,,,,,false,oceanique,Nord-Ouest,source_documentee,true,INRAE — Pépinière-Mesclun v1.1 · DOI 10.57745/IQVM2I · cycle : FRAB Bretagne (Fiche),https://entrepot.recherche.data.gouv.fr/dataset.xhtml?persistentId=doi:10.57745/IQVM2I,inrae-mesclun-v1.1-cycles-0304,1.1,Licence Ouverte / Open Licence Etalab 2.0,2026-07-29T00:00:00.000Z,[2026-07-29] Fenêtres importées sans réduction depuis Pépinière-Mesclun v1.1. Culture source : Mesclun épinard.,Récolte : Plusieurs récoltes sur le cycle:17-18;22-23
INRAE-MESCLUN-0305,Mesclun,,,Sous abri,,,12,13,18,23,6,,56,,,,,,false,oceanique,Nord-Ouest,source_documentee,true,INRAE — Pépinière-Mesclun v1.1 · DOI 10.57745/IQVM2I · cycle : FRAB Bretagne (Fiche),https://entrepot.recherche.data.gouv.fr/dataset.xhtml?persistentId=doi:10.57745/IQVM2I,inrae-mesclun-v1.1-cycles-0305,1.1,Licence Ouverte / Open Licence Etalab 2.0,2026-07-29T00:00:00.000Z,[2026-07-29] Fenêtres importées sans réduction depuis Pépinière-Mesclun v1.1. Culture source : Mesclun épinard.,Récolte : Plusieurs récoltes sur le cycle:18-19;23-23
INRAE-MESCLUN-0306,Mesclun,,,Plein champ,,,14,15,20,26,7,,56,,,,,,false,oceanique,Nord-Ouest,source_documentee,true,INRAE — Pépinière-Mesclun v1.1 · DOI 10.57745/IQVM2I · cycle : FRAB Bretagne (Fiche),https://entrepot.recherche.data.gouv.fr/dataset.xhtml?persistentId=doi:10.57745/IQVM2I,inrae-mesclun-v1.1-cycles-0306,1.1,Licence Ouverte / Open Licence Etalab 2.0,2026-07-29T00:00:00.000Z,[2026-07-29] Fenêtres importées sans réduction depuis Pépinière-Mesclun v1.1. Culture source : Mesclun épinard.,Récolte : Plusieurs récoltes sur le cycle:20-21;25-26
INRAE-MESCLUN-0307,Mesclun,,,Plein champ,,,16,16,22,26,5,,56,,,,,,false,oceanique,Nord-Ouest,source_documentee,true,INRAE — Pépinière-Mesclun v1.1 · DOI 10.57745/IQVM2I · cycle : FRAB Bretagne (Fiche),https://entrepot.recherche.data.gouv.fr/dataset.xhtml?persistentId=doi:10.57745/IQVM2I,inrae-mesclun-v1.1-cycles-0307,1.1,Licence Ouverte / Open Licence Etalab 2.0,2026-07-29T00:00:00.000Z,[2026-07-29] Fenêtres importées sans réduction depuis Pépinière-Mesclun v1.1. Culture source : Mesclun épinard.,Récolte : Plusieurs récoltes sur le cycle:22-22;26-26
INRAE-MESCLUN-0308,Mesclun,,,Plein champ,,,17,17,23,23,1,,42,,,,,,false,oceanique,Nord-Ouest,source_documentee,true,INRAE — Pépinière-Mesclun v1.1 · DOI 10.57745/IQVM2I · cycle : FRAB Bretagne (Fiche),https://entrepot.recherche.data.gouv.fr/dataset.xhtml?persistentId=doi:10.57745/IQVM2I,inrae-mesclun-v1.1-cycles-0308,1.1,Licence Ouverte / Open Licence Etalab 2.0,2026-07-29T00:00:00.000Z,[2026-07-29] Fenêtres importées sans réduction depuis Pépinière-Mesclun v1.1. Culture source : Mesclun épinard.,
INRAE-MESCLUN-0309,Mesclun,,,Plein champ,,,18,18,23,24,2,,42,,,,,,false,oceanique,Nord-Ouest,source_documentee,true,INRAE — Pépinière-Mesclun v1.1 · DOI 10.57745/IQVM2I · cycle : FRAB Bretagne (Fiche),https://entrepot.recherche.data.gouv.fr/dataset.xhtml?persistentId=doi:10.57745/IQVM2I,inrae-mesclun-v1.1-cycles-0309,1.1,Licence Ouverte / Open Licence Etalab 2.0,2026-07-29T00:00:00.000Z,[2026-07-29] Fenêtres importées sans réduction depuis Pépinière-Mesclun v1.1. Culture source : Mesclun épinard.,
INRAE-MESCLUN-0310,Mesclun,,,Plein champ,,,19,19,24,25,2,,42,,,,,,false,oceanique,Nord-Ouest,source_documentee,true,INRAE — Pépinière-Mesclun v1.1 · DOI 10.57745/IQVM2I · cycle : FRAB Bretagne (Fiche),https://entrepot.recherche.data.gouv.fr/dataset.xhtml?persistentId=doi:10.57745/IQVM2I,inrae-mesclun-v1.1-cycles-0310,1.1,Licence Ouverte / Open Licence Etalab 2.0,2026-07-29T00:00:00.000Z,[2026-07-29] Fenêtres importées sans réduction depuis Pépinière-Mesclun v1.1. Culture source : Mesclun épinard.,
INRAE-MESCLUN-0311,Mesclun,,,Plein champ,,,20,20,25,25,1,,35,,,,,,false,oceanique,Nord-Ouest,source_documentee,true,INRAE — Pépinière-Mesclun v1.1 · DOI 10.57745/IQVM2I · cycle : FRAB Bretagne (Fiche),https://entrepot.recherche.data.gouv.fr/dataset.xhtml?persistentId=doi:10.57745/IQVM2I,inrae-mesclun-v1.1-cycles-0311,1.1,Licence Ouverte / Open Licence Etalab 2.0,2026-07-29T00:00:00.000Z,[2026-07-29] Fenêtres importées sans réduction depuis Pépinière-Mesclun v1.1. Culture source : Mesclun épinard.,
INRAE-MESCLUN-0312,Mesclun,,,Plein champ,,,21,21,26,26,1,,35,,,,,,false,oceanique,Nord-Ouest,source_documentee,true,INRAE — Pépinière-Mesclun v1.1 · DOI 10.57745/IQVM2I · cycle : FRAB Bretagne (Fiche),https://entrepot.recherche.data.gouv.fr/dataset.xhtml?persistentId=doi:10.57745/IQVM2I,inrae-mesclun-v1.1-cycles-0312,1.1,Licence Ouverte / Open Licence Etalab 2.0,2026-07-29T00:00:00.000Z,[2026-07-29] Fenêtres importées sans réduction depuis Pépinière-Mesclun v1.1. Culture source : Mesclun épinard.,
INRAE-MESCLUN-0313,Mesclun,,,Plein champ,,,22,22,27,27,1,,35,,,,,,false,oceanique,Nord-Ouest,source_documentee,true,INRAE — Pépinière-Mesclun v1.1 · DOI 10.57745/IQVM2I · cycle : FRAB Bretagne (Fiche),https://entrepot.recherche.data.gouv.fr/dataset.xhtml?persistentId=doi:10.57745/IQVM2I,inrae-mesclun-v1.1-cycles-0313,1.1,Licence Ouverte / Open Licence Etalab 2.0,2026-07-29T00:00:00.000Z,[2026-07-29] Fenêtres importées sans réduction depuis Pépinière-Mesclun v1.1. Culture source : Mesclun épinard.,
INRAE-MESCLUN-0314,Mesclun,,,Plein champ,,,23,23,28,28,1,,35,,,,,,false,oceanique,Nord-Ouest,source_documentee,true,INRAE — Pépinière-Mesclun v1.1 · DOI 10.57745/IQVM2I · cycle : FRAB Bretagne (Fiche),https://entrepot.recherche.data.gouv.fr/dataset.xhtml?persistentId=doi:10.57745/IQVM2I,inrae-mesclun-v1.1-cycles-0314,1.1,Licence Ouverte / Open Licence Etalab 2.0,2026-07-29T00:00:00.000Z,[2026-07-29] Fenêtres importées sans réduction depuis Pépinière-Mesclun v1.1. Culture source : Mesclun épinard.,
INRAE-MESCLUN-0315,Mesclun,,,Plein champ,,,24,24,28,29,2,,35,,,,,,false,oceanique,Nord-Ouest,source_documentee,true,INRAE — Pépinière-Mesclun v1.1 · DOI 10.57745/IQVM2I · cycle : FRAB Bretagne (Fiche),https://entrepot.recherche.data.gouv.fr/dataset.xhtml?persistentId=doi:10.57745/IQVM2I,inrae-mesclun-v1.1-cycles-0315,1.1,Licence Ouverte / Open Licence Etalab 2.0,2026-07-29T00:00:00.000Z,[2026-07-29] Fenêtres importées sans réduction depuis Pépinière-Mesclun v1.1. Culture source : Mesclun épinard.,
INRAE-MESCLUN-0316,Mesclun,,,Plein champ,,,25,25,29,30,2,,35,,,,,,false,oceanique,Nord-Ouest,source_documentee,true,INRAE — Pépinière-Mesclun v1.1 · DOI 10.57745/IQVM2I · cycle : FRAB Bretagne (Fiche),https://entrepot.recherche.data.gouv.fr/dataset.xhtml?persistentId=doi:10.57745/IQVM2I,inrae-mesclun-v1.1-cycles-0316,1.1,Licence Ouverte / Open Licence Etalab 2.0,2026-07-29T00:00:00.000Z,[2026-07-29] Fenêtres importées sans réduction depuis Pépinière-Mesclun v1.1. Culture source : Mesclun épinard.,
INRAE-MESCLUN-0317,Mesclun,,,Plein champ,,,26,26,30,31,2,,35,,,,,,false,oceanique,Nord-Ouest,source_documentee,true,INRAE — Pépinière-Mesclun v1.1 · DOI 10.57745/IQVM2I · cycle : FRAB Bretagne (Fiche),https://entrepot.recherche.data.gouv.fr/dataset.xhtml?persistentId=doi:10.57745/IQVM2I,inrae-mesclun-v1.1-cycles-0317,1.1,Licence Ouverte / Open Licence Etalab 2.0,2026-07-29T00:00:00.000Z,[2026-07-29] Fenêtres importées sans réduction depuis Pépinière-Mesclun v1.1. Culture source : Mesclun épinard.,
INRAE-MESCLUN-0318,Mesclun,,,Plein champ,,,27,27,31,31,1,,28,,,,,,false,oceanique,Nord-Ouest,source_documentee,true,INRAE — Pépinière-Mesclun v1.1 · DOI 10.57745/IQVM2I · cycle : FRAB Bretagne (Fiche),https://entrepot.recherche.data.gouv.fr/dataset.xhtml?persistentId=doi:10.57745/IQVM2I,inrae-mesclun-v1.1-cycles-0318,1.1,Licence Ouverte / Open Licence Etalab 2.0,2026-07-29T00:00:00.000Z,[2026-07-29] Fenêtres importées sans réduction depuis Pépinière-Mesclun v1.1. Culture source : Mesclun épinard.,
INRAE-MESCLUN-0319,Mesclun,,,Plein champ,,,28,28,32,32,1,,28,,,,,,false,oceanique,Nord-Ouest,source_documentee,true,INRAE — Pépinière-Mesclun v1.1 · DOI 10.57745/IQVM2I · cycle : FRAB Bretagne (Fiche),https://entrepot.recherche.data.gouv.fr/dataset.xhtml?persistentId=doi:10.57745/IQVM2I,inrae-mesclun-v1.1-cycles-0319,1.1,Licence Ouverte / Open Licence Etalab 2.0,2026-07-29T00:00:00.000Z,[2026-07-29] Fenêtres importées sans réduction depuis Pépinière-Mesclun v1.1. Culture source : Mesclun épinard.,
INRAE-MESCLUN-0320,Mesclun,,,Plein champ,,,29,29,33,37,5,,42,,,,,,false,oceanique,Nord-Ouest,source_documentee,true,INRAE — Pépinière-Mesclun v1.1 · DOI 10.57745/IQVM2I · cycle : FRAB Bretagne (Fiche),https://entrepot.recherche.data.gouv.fr/dataset.xhtml?persistentId=doi:10.57745/IQVM2I,inrae-mesclun-v1.1-cycles-0320,1.1,Licence Ouverte / Open Licence Etalab 2.0,2026-07-29T00:00:00.000Z,[2026-07-29] Fenêtres importées sans réduction depuis Pépinière-Mesclun v1.1. Culture source : Mesclun épinard.,Récolte : Plusieurs récoltes sur le cycle:33-33;37-37
INRAE-MESCLUN-0321,Mesclun,,,Plein champ,,,30,30,34,38,5,,42,,,,,,false,oceanique,Nord-Ouest,source_documentee,true,INRAE — Pépinière-Mesclun v1.1 · DOI 10.57745/IQVM2I · cycle : FRAB Bretagne (Fiche),https://entrepot.recherche.data.gouv.fr/dataset.xhtml?persistentId=doi:10.57745/IQVM2I,inrae-mesclun-v1.1-cycles-0321,1.1,Licence Ouverte / Open Licence Etalab 2.0,2026-07-29T00:00:00.000Z,[2026-07-29] Fenêtres importées sans réduction depuis Pépinière-Mesclun v1.1. Culture source : Mesclun épinard.,Récolte : Plusieurs récoltes sur le cycle:34-34;38-38
INRAE-MESCLUN-0322,Mesclun,,,Plein champ,,,31,31,35,39,5,,42,,,,,,false,oceanique,Nord-Ouest,source_documentee,true,INRAE — Pépinière-Mesclun v1.1 · DOI 10.57745/IQVM2I · cycle : FRAB Bretagne (Fiche),https://entrepot.recherche.data.gouv.fr/dataset.xhtml?persistentId=doi:10.57745/IQVM2I,inrae-mesclun-v1.1-cycles-0322,1.1,Licence Ouverte / Open Licence Etalab 2.0,2026-07-29T00:00:00.000Z,[2026-07-29] Fenêtres importées sans réduction depuis Pépinière-Mesclun v1.1. Culture source : Mesclun épinard.,Récolte : Plusieurs récoltes sur le cycle:35-35;39-39
INRAE-MESCLUN-0323,Mesclun,,,Plein champ,,,32,32,36,41,6,,49,,,,,,false,oceanique,Nord-Ouest,source_documentee,true,INRAE — Pépinière-Mesclun v1.1 · DOI 10.57745/IQVM2I · cycle : FRAB Bretagne (Fiche),https://entrepot.recherche.data.gouv.fr/dataset.xhtml?persistentId=doi:10.57745/IQVM2I,inrae-mesclun-v1.1-cycles-0323,1.1,Licence Ouverte / Open Licence Etalab 2.0,2026-07-29T00:00:00.000Z,[2026-07-29] Fenêtres importées sans réduction depuis Pépinière-Mesclun v1.1. Culture source : Mesclun épinard.,Récolte : Plusieurs récoltes sur le cycle:36-37;41-41
INRAE-MESCLUN-0324,Mesclun,,,Plein champ,,,33,33,37,42,6,,49,,,,,,false,oceanique,Nord-Ouest,source_documentee,true,INRAE — Pépinière-Mesclun v1.1 · DOI 10.57745/IQVM2I · cycle : FRAB Bretagne (Fiche),https://entrepot.recherche.data.gouv.fr/dataset.xhtml?persistentId=doi:10.57745/IQVM2I,inrae-mesclun-v1.1-cycles-0324,1.1,Licence Ouverte / Open Licence Etalab 2.0,2026-07-29T00:00:00.000Z,[2026-07-29] Fenêtres importées sans réduction depuis Pépinière-Mesclun v1.1. Culture source : Mesclun épinard.,Récolte : Plusieurs récoltes sur le cycle:37-38;42-42
INRAE-MESCLUN-0325,Mesclun,,,Plein champ,,,34,34,39,45,7,,56,,,,,,false,oceanique,Nord-Ouest,source_documentee,true,INRAE — Pépinière-Mesclun v1.1 · DOI 10.57745/IQVM2I · cycle : FRAB Bretagne (Fiche),https://entrepot.recherche.data.gouv.fr/dataset.xhtml?persistentId=doi:10.57745/IQVM2I,inrae-mesclun-v1.1-cycles-0325,1.1,Licence Ouverte / Open Licence Etalab 2.0,2026-07-29T00:00:00.000Z,[2026-07-29] Fenêtres importées sans réduction depuis Pépinière-Mesclun v1.1. Culture source : Mesclun épinard.,Récolte : Plusieurs récoltes sur le cycle:39-40;44-45
INRAE-MESCLUN-0326,Mesclun,,,Plein champ,,,35,35,40,46,7,,56,,,,,,false,oceanique,Nord-Ouest,source_documentee,true,INRAE — Pépinière-Mesclun v1.1 · DOI 10.57745/IQVM2I · cycle : FRAB Bretagne (Fiche),https://entrepot.recherche.data.gouv.fr/dataset.xhtml?persistentId=doi:10.57745/IQVM2I,inrae-mesclun-v1.1-cycles-0326,1.1,Licence Ouverte / Open Licence Etalab 2.0,2026-07-29T00:00:00.000Z,[2026-07-29] Fenêtres importées sans réduction depuis Pépinière-Mesclun v1.1. Culture source : Mesclun épinard.,Récolte : Plusieurs récoltes sur le cycle:40-41;46-46
INRAE-MESCLUN-0327,Mesclun,,,Plein champ,,,36,36,41,42,2,,42,,,,,,false,oceanique,Nord-Ouest,source_documentee,true,INRAE — Pépinière-Mesclun v1.1 · DOI 10.57745/IQVM2I · cycle : FRAB Bretagne (Fiche),https://entrepot.recherche.data.gouv.fr/dataset.xhtml?persistentId=doi:10.57745/IQVM2I,inrae-mesclun-v1.1-cycles-0327,1.1,Licence Ouverte / Open Licence Etalab 2.0,2026-07-29T00:00:00.000Z,[2026-07-29] Fenêtres importées sans réduction depuis Pépinière-Mesclun v1.1. Culture source : Mesclun épinard.,
INRAE-MESCLUN-0328,Mesclun,,,Sous abri,,,37,37,42,14,25,,119,,,,,,false,oceanique,Nord-Ouest,source_documentee,true,INRAE — Pépinière-Mesclun v1.1 · DOI 10.57745/IQVM2I · cycle : FRAB Bretagne (Fiche),https://entrepot.recherche.data.gouv.fr/dataset.xhtml?persistentId=doi:10.57745/IQVM2I,inrae-mesclun-v1.1-cycles-0328,1.1,Licence Ouverte / Open Licence Etalab 2.0,2026-07-29T00:00:00.000Z,[2026-07-29] Fenêtres importées sans réduction depuis Pépinière-Mesclun v1.1. Culture source : Mesclun épinard.,Récolte : Plusieurs récoltes sur le cycle:42-44;48-50;6-7;12-14
INRAE-MESCLUN-0329,Mesclun,,,Sous abri,,,38,38,44,15,24,,126,,,,,,false,oceanique,Nord-Ouest,source_documentee,true,INRAE — Pépinière-Mesclun v1.1 · DOI 10.57745/IQVM2I · cycle : FRAB Bretagne (Fiche),https://entrepot.recherche.data.gouv.fr/dataset.xhtml?persistentId=doi:10.57745/IQVM2I,inrae-mesclun-v1.1-cycles-0329,1.1,Licence Ouverte / Open Licence Etalab 2.0,2026-07-29T00:00:00.000Z,[2026-07-29] Fenêtres importées sans réduction depuis Pépinière-Mesclun v1.1. Culture source : Mesclun épinard.,Récolte : Plusieurs récoltes sur le cycle:44-45;51-52;7-8;13-15
INRAE-MESCLUN-0330,Mesclun,,,Sous abri,,,40,40,45,17,25,,119,,,,,,false,oceanique,Nord-Ouest,source_documentee,true,INRAE — Pépinière-Mesclun v1.1 · DOI 10.57745/IQVM2I · cycle : FRAB Bretagne (Fiche),https://entrepot.recherche.data.gouv.fr/dataset.xhtml?persistentId=doi:10.57745/IQVM2I,inrae-mesclun-v1.1-cycles-0330,1.1,Licence Ouverte / Open Licence Etalab 2.0,2026-07-29T00:00:00.000Z,[2026-07-29] Fenêtres importées sans réduction depuis Pépinière-Mesclun v1.1. Culture source : Mesclun épinard.,Récolte : Plusieurs récoltes sur le cycle:45-46;1-2;9-10;15-17
INRAE-MESCLUN-0331,Mesclun,,,Sous abri,,,9,9,16,17,2,,56,,,,,,false,oceanique,Nord-Ouest,source_documentee,true,INRAE — Pépinière-Mesclun v1.1 · DOI 10.57745/IQVM2I · cycle : FRAB Bretagne (Fiche),https://entrepot.recherche.data.gouv.fr/dataset.xhtml?persistentId=doi:10.57745/IQVM2I,inrae-mesclun-v1.1-cycles-0331,1.1,Licence Ouverte / Open Licence Etalab 2.0,2026-07-29T00:00:00.000Z,[2026-07-29] Fenêtres importées sans réduction depuis Pépinière-Mesclun v1.1. Culture source : Mesclun salade-chicorée.,
INRAE-MESCLUN-0332,Mesclun,,,Sous abri,,,10,10,17,18,2,,56,,,,,,false,oceanique,Nord-Ouest,source_documentee,true,INRAE — Pépinière-Mesclun v1.1 · DOI 10.57745/IQVM2I · cycle : FRAB Bretagne (Fiche),https://entrepot.recherche.data.gouv.fr/dataset.xhtml?persistentId=doi:10.57745/IQVM2I,inrae-mesclun-v1.1-cycles-0332,1.1,Licence Ouverte / Open Licence Etalab 2.0,2026-07-29T00:00:00.000Z,[2026-07-29] Fenêtres importées sans réduction depuis Pépinière-Mesclun v1.1. Culture source : Mesclun salade-chicorée.,
INRAE-MESCLUN-0333,Mesclun,,,Sous abri,,,11,11,18,19,2,,56,,,,,,false,oceanique,Nord-Ouest,source_documentee,true,INRAE — Pépinière-Mesclun v1.1 · DOI 10.57745/IQVM2I · cycle : FRAB Bretagne (Fiche),https://entrepot.recherche.data.gouv.fr/dataset.xhtml?persistentId=doi:10.57745/IQVM2I,inrae-mesclun-v1.1-cycles-0333,1.1,Licence Ouverte / Open Licence Etalab 2.0,2026-07-29T00:00:00.000Z,[2026-07-29] Fenêtres importées sans réduction depuis Pépinière-Mesclun v1.1. Culture source : Mesclun salade-chicorée.,
INRAE-MESCLUN-0334,Mesclun,,,Sous abri,,,12,12,18,19,2,,49,,,,,,false,oceanique,Nord-Ouest,source_documentee,true,INRAE — Pépinière-Mesclun v1.1 · DOI 10.57745/IQVM2I · cycle : FRAB Bretagne (Fiche),https://entrepot.recherche.data.gouv.fr/dataset.xhtml?persistentId=doi:10.57745/IQVM2I,inrae-mesclun-v1.1-cycles-0334,1.1,Licence Ouverte / Open Licence Etalab 2.0,2026-07-29T00:00:00.000Z,[2026-07-29] Fenêtres importées sans réduction depuis Pépinière-Mesclun v1.1. Culture source : Mesclun salade-chicorée.,
INRAE-MESCLUN-0335,Mesclun,,,Sous abri,,,13,13,19,20,2,,49,,,,,,false,oceanique,Nord-Ouest,source_documentee,true,INRAE — Pépinière-Mesclun v1.1 · DOI 10.57745/IQVM2I · cycle : FRAB Bretagne (Fiche),https://entrepot.recherche.data.gouv.fr/dataset.xhtml?persistentId=doi:10.57745/IQVM2I,inrae-mesclun-v1.1-cycles-0335,1.1,Licence Ouverte / Open Licence Etalab 2.0,2026-07-29T00:00:00.000Z,[2026-07-29] Fenêtres importées sans réduction depuis Pépinière-Mesclun v1.1. Culture source : Mesclun salade-chicorée.,
INRAE-MESCLUN-0336,Mesclun,,,Plein champ,,,14,14,20,21,2,,49,,,,,,false,oceanique,Nord-Ouest,source_documentee,true,INRAE — Pépinière-Mesclun v1.1 · DOI 10.57745/IQVM2I · cycle : FRAB Bretagne (Fiche),https://entrepot.recherche.data.gouv.fr/dataset.xhtml?persistentId=doi:10.57745/IQVM2I,inrae-mesclun-v1.1-cycles-0336,1.1,Licence Ouverte / Open Licence Etalab 2.0,2026-07-29T00:00:00.000Z,[2026-07-29] Fenêtres importées sans réduction depuis Pépinière-Mesclun v1.1. Culture source : Mesclun salade-chicorée.,
INRAE-MESCLUN-0337,Mesclun,,,Plein champ,,,15,15,21,22,2,,49,,,,,,false,oceanique,Nord-Ouest,source_documentee,true,INRAE — Pépinière-Mesclun v1.1 · DOI 10.57745/IQVM2I · cycle : FRAB Bretagne (Fiche),https://entrepot.recherche.data.gouv.fr/dataset.xhtml?persistentId=doi:10.57745/IQVM2I,inrae-mesclun-v1.1-cycles-0337,1.1,Licence Ouverte / Open Licence Etalab 2.0,2026-07-29T00:00:00.000Z,[2026-07-29] Fenêtres importées sans réduction depuis Pépinière-Mesclun v1.1. Culture source : Mesclun salade-chicorée.,
INRAE-MESCLUN-0338,Mesclun,,,Plein champ,,,16,16,22,23,2,,49,,,,,,false,oceanique,Nord-Ouest,source_documentee,true,INRAE — Pépinière-Mesclun v1.1 · DOI 10.57745/IQVM2I · cycle : FRAB Bretagne (Fiche),https://entrepot.recherche.data.gouv.fr/dataset.xhtml?persistentId=doi:10.57745/IQVM2I,inrae-mesclun-v1.1-cycles-0338,1.1,Licence Ouverte / Open Licence Etalab 2.0,2026-07-29T00:00:00.000Z,[2026-07-29] Fenêtres importées sans réduction depuis Pépinière-Mesclun v1.1. Culture source : Mesclun salade-chicorée.,
INRAE-MESCLUN-0339,Mesclun,,,Plein champ,,,17,17,23,24,2,,49,,,,,,false,oceanique,Nord-Ouest,source_documentee,true,INRAE — Pépinière-Mesclun v1.1 · DOI 10.57745/IQVM2I · cycle : FRAB Bretagne (Fiche),https://entrepot.recherche.data.gouv.fr/dataset.xhtml?persistentId=doi:10.57745/IQVM2I,inrae-mesclun-v1.1-cycles-0339,1.1,Licence Ouverte / Open Licence Etalab 2.0,2026-07-29T00:00:00.000Z,[2026-07-29] Fenêtres importées sans réduction depuis Pépinière-Mesclun v1.1. Culture source : Mesclun salade-chicorée.,
INRAE-MESCLUN-0340,Mesclun,,,Plein champ,,,18,18,24,24,1,,42,,,,,,false,oceanique,Nord-Ouest,source_documentee,true,INRAE — Pépinière-Mesclun v1.1 · DOI 10.57745/IQVM2I · cycle : FRAB Bretagne (Fiche),https://entrepot.recherche.data.gouv.fr/dataset.xhtml?persistentId=doi:10.57745/IQVM2I,inrae-mesclun-v1.1-cycles-0340,1.1,Licence Ouverte / Open Licence Etalab 2.0,2026-07-29T00:00:00.000Z,[2026-07-29] Fenêtres importées sans réduction depuis Pépinière-Mesclun v1.1. Culture source : Mesclun salade-chicorée.,
INRAE-MESCLUN-0341,Mesclun,,,Plein champ,,,19,19,25,25,1,,42,,,,,,false,oceanique,Nord-Ouest,source_documentee,true,INRAE — Pépinière-Mesclun v1.1 · DOI 10.57745/IQVM2I · cycle : FRAB Bretagne (Fiche),https://entrepot.recherche.data.gouv.fr/dataset.xhtml?persistentId=doi:10.57745/IQVM2I,inrae-mesclun-v1.1-cycles-0341,1.1,Licence Ouverte / Open Licence Etalab 2.0,2026-07-29T00:00:00.000Z,[2026-07-29] Fenêtres importées sans réduction depuis Pépinière-Mesclun v1.1. Culture source : Mesclun salade-chicorée.,
INRAE-MESCLUN-0342,Mesclun,,,Plein champ,,,20,20,25,26,2,,42,,,,,,false,oceanique,Nord-Ouest,source_documentee,true,INRAE — Pépinière-Mesclun v1.1 · DOI 10.57745/IQVM2I · cycle : FRAB Bretagne (Fiche),https://entrepot.recherche.data.gouv.fr/dataset.xhtml?persistentId=doi:10.57745/IQVM2I,inrae-mesclun-v1.1-cycles-0342,1.1,Licence Ouverte / Open Licence Etalab 2.0,2026-07-29T00:00:00.000Z,[2026-07-29] Fenêtres importées sans réduction depuis Pépinière-Mesclun v1.1. Culture source : Mesclun salade-chicorée.,
INRAE-MESCLUN-0343,Mesclun,,,Plein champ,,,21,21,26,27,2,,42,,,,,,false,oceanique,Nord-Ouest,source_documentee,true,INRAE — Pépinière-Mesclun v1.1 · DOI 10.57745/IQVM2I · cycle : FRAB Bretagne (Fiche),https://entrepot.recherche.data.gouv.fr/dataset.xhtml?persistentId=doi:10.57745/IQVM2I,inrae-mesclun-v1.1-cycles-0343,1.1,Licence Ouverte / Open Licence Etalab 2.0,2026-07-29T00:00:00.000Z,[2026-07-29] Fenêtres importées sans réduction depuis Pépinière-Mesclun v1.1. Culture source : Mesclun salade-chicorée.,
INRAE-MESCLUN-0344,Mesclun,,,Plein champ,,,22,22,27,28,2,,42,,,,,,false,oceanique,Nord-Ouest,source_documentee,true,INRAE — Pépinière-Mesclun v1.1 · DOI 10.57745/IQVM2I · cycle : FRAB Bretagne (Fiche),https://entrepot.recherche.data.gouv.fr/dataset.xhtml?persistentId=doi:10.57745/IQVM2I,inrae-mesclun-v1.1-cycles-0344,1.1,Licence Ouverte / Open Licence Etalab 2.0,2026-07-29T00:00:00.000Z,[2026-07-29] Fenêtres importées sans réduction depuis Pépinière-Mesclun v1.1. Culture source : Mesclun salade-chicorée.,
INRAE-MESCLUN-0345,Mesclun,,,Plein champ,,,23,23,29,29,1,,42,,,,,,false,oceanique,Nord-Ouest,source_documentee,true,INRAE — Pépinière-Mesclun v1.1 · DOI 10.57745/IQVM2I · cycle : FRAB Bretagne (Fiche),https://entrepot.recherche.data.gouv.fr/dataset.xhtml?persistentId=doi:10.57745/IQVM2I,inrae-mesclun-v1.1-cycles-0345,1.1,Licence Ouverte / Open Licence Etalab 2.0,2026-07-29T00:00:00.000Z,[2026-07-29] Fenêtres importées sans réduction depuis Pépinière-Mesclun v1.1. Culture source : Mesclun salade-chicorée.,
INRAE-MESCLUN-0346,Mesclun,,,Plein champ,,,24,24,29,29,1,,35,,,,,,false,oceanique,Nord-Ouest,source_documentee,true,INRAE — Pépinière-Mesclun v1.1 · DOI 10.57745/IQVM2I · cycle : FRAB Bretagne (Fiche),https://entrepot.recherche.data.gouv.fr/dataset.xhtml?persistentId=doi:10.57745/IQVM2I,inrae-mesclun-v1.1-cycles-0346,1.1,Licence Ouverte / Open Licence Etalab 2.0,2026-07-29T00:00:00.000Z,[2026-07-29] Fenêtres importées sans réduction depuis Pépinière-Mesclun v1.1. Culture source : Mesclun salade-chicorée.,
INRAE-MESCLUN-0347,Mesclun,,,Plein champ,,,25,25,30,30,1,,35,,,,,,false,oceanique,Nord-Ouest,source_documentee,true,INRAE — Pépinière-Mesclun v1.1 · DOI 10.57745/IQVM2I · cycle : FRAB Bretagne (Fiche),https://entrepot.recherche.data.gouv.fr/dataset.xhtml?persistentId=doi:10.57745/IQVM2I,inrae-mesclun-v1.1-cycles-0347,1.1,Licence Ouverte / Open Licence Etalab 2.0,2026-07-29T00:00:00.000Z,[2026-07-29] Fenêtres importées sans réduction depuis Pépinière-Mesclun v1.1. Culture source : Mesclun salade-chicorée.,
INRAE-MESCLUN-0348,Mesclun,,,Plein champ,,,26,26,31,31,1,,35,,,,,,false,oceanique,Nord-Ouest,source_documentee,true,INRAE — Pépinière-Mesclun v1.1 · DOI 10.57745/IQVM2I · cycle : FRAB Bretagne (Fiche),https://entrepot.recherche.data.gouv.fr/dataset.xhtml?persistentId=doi:10.57745/IQVM2I,inrae-mesclun-v1.1-cycles-0348,1.1,Licence Ouverte / Open Licence Etalab 2.0,2026-07-29T00:00:00.000Z,[2026-07-29] Fenêtres importées sans réduction depuis Pépinière-Mesclun v1.1. Culture source : Mesclun salade-chicorée.,
INRAE-MESCLUN-0349,Mesclun,,,Plein champ,,,27,27,31,32,2,,35,,,,,,false,oceanique,Nord-Ouest,source_documentee,true,INRAE — Pépinière-Mesclun v1.1 · DOI 10.57745/IQVM2I · cycle : FRAB Bretagne (Fiche),https://entrepot.recherche.data.gouv.fr/dataset.xhtml?persistentId=doi:10.57745/IQVM2I,inrae-mesclun-v1.1-cycles-0349,1.1,Licence Ouverte / Open Licence Etalab 2.0,2026-07-29T00:00:00.000Z,[2026-07-29] Fenêtres importées sans réduction depuis Pépinière-Mesclun v1.1. Culture source : Mesclun salade-chicorée.,
INRAE-MESCLUN-0350,Mesclun,,,Plein champ,,,28,28,32,33,2,,35,,,,,,false,oceanique,Nord-Ouest,source_documentee,true,INRAE — Pépinière-Mesclun v1.1 · DOI 10.57745/IQVM2I · cycle : FRAB Bretagne (Fiche),https://entrepot.recherche.data.gouv.fr/dataset.xhtml?persistentId=doi:10.57745/IQVM2I,inrae-mesclun-v1.1-cycles-0350,1.1,Licence Ouverte / Open Licence Etalab 2.0,2026-07-29T00:00:00.000Z,[2026-07-29] Fenêtres importées sans réduction depuis Pépinière-Mesclun v1.1. Culture source : Mesclun salade-chicorée.,
INRAE-MESCLUN-0351,Mesclun,,,Plein champ,,,29,29,33,34,2,,35,,,,,,false,oceanique,Nord-Ouest,source_documentee,true,INRAE — Pépinière-Mesclun v1.1 · DOI 10.57745/IQVM2I · cycle : FRAB Bretagne (Fiche),https://entrepot.recherche.data.gouv.fr/dataset.xhtml?persistentId=doi:10.57745/IQVM2I,inrae-mesclun-v1.1-cycles-0351,1.1,Licence Ouverte / Open Licence Etalab 2.0,2026-07-29T00:00:00.000Z,[2026-07-29] Fenêtres importées sans réduction depuis Pépinière-Mesclun v1.1. Culture source : Mesclun salade-chicorée.,
INRAE-MESCLUN-0352,Mesclun,,,Plein champ,,,30,30,34,35,2,,35,,,,,,false,oceanique,Nord-Ouest,source_documentee,true,INRAE — Pépinière-Mesclun v1.1 · DOI 10.57745/IQVM2I · cycle : FRAB Bretagne (Fiche),https://entrepot.recherche.data.gouv.fr/dataset.xhtml?persistentId=doi:10.57745/IQVM2I,inrae-mesclun-v1.1-cycles-0352,1.1,Licence Ouverte / Open Licence Etalab 2.0,2026-07-29T00:00:00.000Z,[2026-07-29] Fenêtres importées sans réduction depuis Pépinière-Mesclun v1.1. Culture source : Mesclun salade-chicorée.,
INRAE-MESCLUN-0353,Mesclun,,,Plein champ,,,31,31,35,36,2,,35,,,,,,false,oceanique,Nord-Ouest,source_documentee,true,INRAE — Pépinière-Mesclun v1.1 · DOI 10.57745/IQVM2I · cycle : FRAB Bretagne (Fiche),https://entrepot.recherche.data.gouv.fr/dataset.xhtml?persistentId=doi:10.57745/IQVM2I,inrae-mesclun-v1.1-cycles-0353,1.1,Licence Ouverte / Open Licence Etalab 2.0,2026-07-29T00:00:00.000Z,[2026-07-29] Fenêtres importées sans réduction depuis Pépinière-Mesclun v1.1. Culture source : Mesclun salade-chicorée.,
INRAE-MESCLUN-0354,Mesclun,,,Plein champ,,,32,32,37,37,1,,35,,,,,,false,oceanique,Nord-Ouest,source_documentee,true,INRAE — Pépinière-Mesclun v1.1 · DOI 10.57745/IQVM2I · cycle : FRAB Bretagne (Fiche),https://entrepot.recherche.data.gouv.fr/dataset.xhtml?persistentId=doi:10.57745/IQVM2I,inrae-mesclun-v1.1-cycles-0354,1.1,Licence Ouverte / Open Licence Etalab 2.0,2026-07-29T00:00:00.000Z,[2026-07-29] Fenêtres importées sans réduction depuis Pépinière-Mesclun v1.1. Culture source : Mesclun salade-chicorée.,
INRAE-MESCLUN-0355,Mesclun,,,Plein champ,,,33,33,38,38,1,,35,,,,,,false,oceanique,Nord-Ouest,source_documentee,true,INRAE — Pépinière-Mesclun v1.1 · DOI 10.57745/IQVM2I · cycle : FRAB Bretagne (Fiche),https://entrepot.recherche.data.gouv.fr/dataset.xhtml?persistentId=doi:10.57745/IQVM2I,inrae-mesclun-v1.1-cycles-0355,1.1,Licence Ouverte / Open Licence Etalab 2.0,2026-07-29T00:00:00.000Z,[2026-07-29] Fenêtres importées sans réduction depuis Pépinière-Mesclun v1.1. Culture source : Mesclun salade-chicorée.,
INRAE-MESCLUN-0356,Mesclun,,,Plein champ,,,34,34,39,40,2,,42,,,,,,false,oceanique,Nord-Ouest,source_documentee,true,INRAE — Pépinière-Mesclun v1.1 · DOI 10.57745/IQVM2I · cycle : FRAB Bretagne (Fiche),https://entrepot.recherche.data.gouv.fr/dataset.xhtml?persistentId=doi:10.57745/IQVM2I,inrae-mesclun-v1.1-cycles-0356,1.1,Licence Ouverte / Open Licence Etalab 2.0,2026-07-29T00:00:00.000Z,[2026-07-29] Fenêtres importées sans réduction depuis Pépinière-Mesclun v1.1. Culture source : Mesclun salade-chicorée.,
INRAE-MESCLUN-0357,Mesclun,,,Plein champ,,,35,35,40,41,2,,42,,,,,,false,oceanique,Nord-Ouest,source_documentee,true,INRAE — Pépinière-Mesclun v1.1 · DOI 10.57745/IQVM2I · cycle : FRAB Bretagne (Fiche),https://entrepot.recherche.data.gouv.fr/dataset.xhtml?persistentId=doi:10.57745/IQVM2I,inrae-mesclun-v1.1-cycles-0357,1.1,Licence Ouverte / Open Licence Etalab 2.0,2026-07-29T00:00:00.000Z,[2026-07-29] Fenêtres importées sans réduction depuis Pépinière-Mesclun v1.1. Culture source : Mesclun salade-chicorée.,
INRAE-MESCLUN-0358,Mesclun,,,Plein champ,,,36,36,42,43,2,,49,,,,,,false,oceanique,Nord-Ouest,source_documentee,true,INRAE — Pépinière-Mesclun v1.1 · DOI 10.57745/IQVM2I · cycle : FRAB Bretagne (Fiche),https://entrepot.recherche.data.gouv.fr/dataset.xhtml?persistentId=doi:10.57745/IQVM2I,inrae-mesclun-v1.1-cycles-0358,1.1,Licence Ouverte / Open Licence Etalab 2.0,2026-07-29T00:00:00.000Z,[2026-07-29] Fenêtres importées sans réduction depuis Pépinière-Mesclun v1.1. Culture source : Mesclun salade-chicorée.,
INRAE-MESCLUN-0359,Mesclun,,,Sous abri,,,37,37,43,44,2,,49,,,,,,false,oceanique,Nord-Ouest,source_documentee,true,INRAE — Pépinière-Mesclun v1.1 · DOI 10.57745/IQVM2I · cycle : FRAB Bretagne (Fiche),https://entrepot.recherche.data.gouv.fr/dataset.xhtml?persistentId=doi:10.57745/IQVM2I,inrae-mesclun-v1.1-cycles-0359,1.1,Licence Ouverte / Open Licence Etalab 2.0,2026-07-29T00:00:00.000Z,[2026-07-29] Fenêtres importées sans réduction depuis Pépinière-Mesclun v1.1. Culture source : Mesclun salade-chicorée.,
INRAE-MESCLUN-0360,Mesclun,,,Sous abri,,,38,38,44,46,3,,49,,,,,,false,oceanique,Nord-Ouest,source_documentee,true,INRAE — Pépinière-Mesclun v1.1 · DOI 10.57745/IQVM2I · cycle : FRAB Bretagne (Fiche),https://entrepot.recherche.data.gouv.fr/dataset.xhtml?persistentId=doi:10.57745/IQVM2I,inrae-mesclun-v1.1-cycles-0360,1.1,Licence Ouverte / Open Licence Etalab 2.0,2026-07-29T00:00:00.000Z,[2026-07-29] Fenêtres importées sans réduction depuis Pépinière-Mesclun v1.1. Culture source : Mesclun salade-chicorée.,
INRAE-MESCLUN-0361,Mesclun,,,Sous abri,,,40,40,45,47,3,,42,,,,,,false,oceanique,Nord-Ouest,source_documentee,true,INRAE — Pépinière-Mesclun v1.1 · DOI 10.57745/IQVM2I · cycle : FRAB Bretagne (Fiche),https://entrepot.recherche.data.gouv.fr/dataset.xhtml?persistentId=doi:10.57745/IQVM2I,inrae-mesclun-v1.1-cycles-0361,1.1,Licence Ouverte / Open Licence Etalab 2.0,2026-07-29T00:00:00.000Z,[2026-07-29] Fenêtres importées sans réduction depuis Pépinière-Mesclun v1.1. Culture source : Mesclun salade-chicorée.,
EV-Moutarde-automne,Moutarde,Brassicaceae,Sinapis alba,,34,,,,46,,4,,84,2,22,33,3,,,,,a_revoir,true,ITAB Guides Légumes Bio (T1+T2) ; semencemag.fr (SNHF) ; Semailles densités semis,,,,,2026-05-15T14:00:05.379Z,Engrais vert / couvre-sol — semis direct à la volée puis enfouissement avant montée à graines. Améliore la structure du sol.,"Adapté climat France \n Source: ITAB, Standard Climat France (Valable 2026)"
INRAE-MESCLUN-0223,Mâche,Valerianaceae,Valerianella locusta,Sous abri,,1,1,3,11,16,6,,84,,,,,Plantation,false,oceanique,Nord-Ouest,source_documentee,true,INRAE — Pépinière-Mesclun v1.1 · DOI 10.57745/IQVM2I · cycle : FRAB Bretagne,https://entrepot.recherche.data.gouv.fr/dataset.xhtml?persistentId=doi:10.57745/IQVM2I,inrae-mesclun-v1.1-cycles-0223,1.1,Licence Ouverte / Open Licence Etalab 2.0,2026-07-29T00:00:00.000Z,[2026-07-29] Fenêtres importées sans réduction depuis Pépinière-Mesclun v1.1. Culture source : Mâche — Mâche plantée.,
INRAE-MESCLUN-0224,Mâche,Valerianaceae,Valerianella locusta,Sous abri,,3,3,5,14,18,5,,84,,,,,Plantation,false,oceanique,Nord-Ouest,source_documentee,true,INRAE — Pépinière-Mesclun v1.1 · DOI 10.57745/IQVM2I · cycle : FRAB Bretagne,https://entrepot.recherche.data.gouv.fr/dataset.xhtml?persistentId=doi:10.57745/IQVM2I,inrae-mesclun-v1.1-cycles-0224,1.1,Licence Ouverte / Open Licence Etalab 2.0,2026-07-29T00:00:00.000Z,[2026-07-29] Fenêtres importées sans réduction depuis Pépinière-Mesclun v1.1. Culture source : Mâche — Mâche plantée.,
INRAE-MESCLUN-0225,Mâche,Valerianaceae,Valerianella locusta,Sous abri,,37,37,40,42,44,3,,28,,,,,Plantation,false,oceanique,Nord-Ouest,source_documentee,true,INRAE — Pépinière-Mesclun v1.1 · DOI 10.57745/IQVM2I · cycle : FRAB Bretagne,https://entrepot.recherche.data.gouv.fr/dataset.xhtml?persistentId=doi:10.57745/IQVM2I,inrae-mesclun-v1.1-cycles-0225,1.1,Licence Ouverte / Open Licence Etalab 2.0,2026-07-29T00:00:00.000Z,[2026-07-29] Fenêtres importées sans réduction depuis Pépinière-Mesclun v1.1. Culture source : Mâche — Mâche plantée.,
INRAE-MESCLUN-0226,Mâche,Valerianaceae,Valerianella locusta,Sous abri,,40,40,42,44,46,3,,28,,,,,Plantation,false,oceanique,Nord-Ouest,source_documentee,true,INRAE — Pépinière-Mesclun v1.1 · DOI 10.57745/IQVM2I · cycle : FRAB Bretagne,https://entrepot.recherche.data.gouv.fr/dataset.xhtml?persistentId=doi:10.57745/IQVM2I,inrae-mesclun-v1.1-cycles-0226,1.1,Licence Ouverte / Open Licence Etalab 2.0,2026-07-29T00:00:00.000Z,[2026-07-29] Fenêtres importées sans réduction depuis Pépinière-Mesclun v1.1. Culture source : Mâche — Mâche plantée.,
INRAE-MESCLUN-0227,Mâche,Valerianaceae,Valerianella locusta,Sous abri,,42,42,44,46,50,5,,35,,,,,Plantation,false,oceanique,Nord-Ouest,source_documentee,true,INRAE — Pépinière-Mesclun v1.1 · DOI 10.57745/IQVM2I · cycle : FRAB Bretagne,https://entrepot.recherche.data.gouv.fr/dataset.xhtml?persistentId=doi:10.57745/IQVM2I,inrae-mesclun-v1.1-cycles-0227,1.1,Licence Ouverte / Open Licence Etalab 2.0,2026-07-29T00:00:00.000Z,[2026-07-29] Fenêtres importées sans réduction depuis Pépinière-Mesclun v1.1. Culture source : Mâche — Mâche plantée.,
INRAE-MESCLUN-0228,Mâche,Valerianaceae,Valerianella locusta,Sous abri,,44,44,46,50,3,6,,56,,,,,Plantation,false,oceanique,Nord-Ouest,source_documentee,true,INRAE — Pépinière-Mesclun v1.1 · DOI 10.57745/IQVM2I · cycle : FRAB Bretagne,https://entrepot.recherche.data.gouv.fr/dataset.xhtml?persistentId=doi:10.57745/IQVM2I,inrae-mesclun-v1.1-cycles-0228,1.1,Licence Ouverte / Open Licence Etalab 2.0,2026-07-29T00:00:00.000Z,[2026-07-29] Fenêtres importées sans réduction depuis Pépinière-Mesclun v1.1. Culture source : Mâche — Mâche plantée.,
INRAE-MESCLUN-0229,Mâche,Valerianaceae,Valerianella locusta,Sous abri,,46,46,48,3,7,5,,70,,,,,Plantation,false,oceanique,Nord-Ouest,source_documentee,true,INRAE — Pépinière-Mesclun v1.1 · DOI 10.57745/IQVM2I · cycle : FRAB Bretagne,https://entrepot.recherche.data.gouv.fr/dataset.xhtml?persistentId=doi:10.57745/IQVM2I,inrae-mesclun-v1.1-cycles-0229,1.1,Licence Ouverte / Open Licence Etalab 2.0,2026-07-29T00:00:00.000Z,[2026-07-29] Fenêtres importées sans réduction depuis Pépinière-Mesclun v1.1. Culture source : Mâche — Mâche plantée.,
INRAE-MESCLUN-0230,Mâche,Valerianaceae,Valerianella locusta,Sous abri,,48,48,50,5,9,5,,70,,,,,Plantation,false,oceanique,Nord-Ouest,source_documentee,true,INRAE — Pépinière-Mesclun v1.1 · DOI 10.57745/IQVM2I · cycle : FRAB Bretagne,https://entrepot.recherche.data.gouv.fr/dataset.xhtml?persistentId=doi:10.57745/IQVM2I,inrae-mesclun-v1.1-cycles-0230,1.1,Licence Ouverte / Open Licence Etalab 2.0,2026-07-29T00:00:00.000Z,[2026-07-29] Fenêtres importées sans réduction depuis Pépinière-Mesclun v1.1. Culture source : Mâche — Mâche plantée.,
INRAE-MESCLUN-0231,Mâche,Valerianaceae,Valerianella locusta,Sous abri,,50,50,52,9,14,6,,91,,,,,Plantation,false,oceanique,Nord-Ouest,source_documentee,true,INRAE — Pépinière-Mesclun v1.1 · DOI 10.57745/IQVM2I · cycle : FRAB Bretagne,https://entrepot.recherche.data.gouv.fr/dataset.xhtml?persistentId=doi:10.57745/IQVM2I,inrae-mesclun-v1.1-cycles-0231,1.1,Licence Ouverte / Open Licence Etalab 2.0,2026-07-29T00:00:00.000Z,[2026-07-29] Fenêtres importées sans réduction depuis Pépinière-Mesclun v1.1. Culture source : Mâche — Mâche plantée.,
INRAE-MESCLUN-0232,Mâche,Valerianaceae,Valerianella locusta,Plein champ,,33,33,35,37,42,6,,42,,,,,Plantation,false,oceanique,Nord-Ouest,source_documentee,true,INRAE — Pépinière-Mesclun v1.1 · DOI 10.57745/IQVM2I · cycle : FRAB Bretagne,https://entrepot.recherche.data.gouv.fr/dataset.xhtml?persistentId=doi:10.57745/IQVM2I,inrae-mesclun-v1.1-cycles-0232,1.1,Licence Ouverte / Open Licence Etalab 2.0,2026-07-29T00:00:00.000Z,[2026-07-29] Fenêtres importées sans réduction depuis Pépinière-Mesclun v1.1. Culture source : Mâche — Mâche plantée.,
INRAE-MESCLUN-0233,Mâche,Valerianaceae,Valerianella locusta,Plein champ,,35,35,37,40,44,5,,42,,,,,Plantation,false,oceanique,Nord-Ouest,source_documentee,true,INRAE — Pépinière-Mesclun v1.1 · DOI 10.57745/IQVM2I · cycle : FRAB Bretagne,https://entrepot.recherche.data.gouv.fr/dataset.xhtml?persistentId=doi:10.57745/IQVM2I,inrae-mesclun-v1.1-cycles-0233,1.1,Licence Ouverte / Open Licence Etalab 2.0,2026-07-29T00:00:00.000Z,[2026-07-29] Fenêtres importées sans réduction depuis Pépinière-Mesclun v1.1. Culture source : Mâche — Mâche plantée.,
Mache-automne,Mâche,Valerianaceae,Valerianella locusta,Plein champ,36,,,,48,,4,,84,2,30,45,3,,,,,a_revoir,true,ITAB Guides Légumes Bio (T1+T2) ; semencemag.fr (SNHF) ; Semailles densités semis,,,,,2026-05-15T14:00:05.379Z,Semis échelonné toutes les 2 semaines pour étaler la récolte. Sol frais et drainé.,"Adapté climat France \n Source: ITAB, Standard Climat France (Valable 2026)"
Mache-ete,Mâche,Valerianaceae,Valerianella locusta,Plein champ,23,,,,35,,4,,84,2,30,45,3,,,,,a_revoir,true,ITAB Guides Légumes Bio (T1+T2) ; semencemag.fr (SNHF) ; Semailles densités semis,,,,,2026-05-15T14:00:05.379Z,Semis échelonné toutes les 2 semaines pour étaler la récolte. Sol frais et drainé.,"Adapté climat France \n Source: ITAB, Standard Climat France (Valable 2026)"
Mache-hiver,Mâche,Valerianaceae,Valerianella locusta,Plein champ,49,,,,9,,4,,84,2,30,45,3,,,,,a_revoir,true,ITAB Guides Légumes Bio (T1+T2) ; semencemag.fr (SNHF) ; Semailles densités semis,,,,,2026-05-15T14:00:05.379Z,Semis échelonné toutes les 2 semaines pour étaler la récolte. Sol frais et drainé.,"Adapté climat France \n Source: ITAB, Standard Climat France (Valable 2026)"
Mache-printemps,Mâche,Valerianaceae,Valerianella locusta,Plein champ,10,,,,22,,4,,84,2,30,45,3,,,,,a_revoir,true,ITAB Guides Légumes Bio (T1+T2) ; semencemag.fr (SNHF) ; Semailles densités semis,,,,,2026-05-15T14:00:05.379Z,Semis échelonné toutes les 2 semaines pour étaler la récolte. Sol frais et drainé.,"Adapté climat France \n Source: ITAB, Standard Climat France (Valable 2026)"
EV-Commerce-automne,Mélange,,,Plein champ,36,40,,,48,,4,,84,2,30,45,3.33,,,,,a_revoir,true,ITAB Guides Légumes Bio (T1+T2) ; semencemag.fr (SNHF) ; Semailles densités semis,,,,,2026-05-15T14:00:05.379Z,Engrais vert / couvre-sol — semis direct à la volée puis enfouissement avant montée à graines. Améliore la structure du sol.,"Adapté climat France \n Source: ITAB, Standard Climat France (Valable 2026)"
EV-Mix-Seigle-automne,Mélange,,,Plein champ,33,37,,,45,,4,,84,2,30,45,13,,,,,a_revoir,true,ITAB Guides Légumes Bio (T1+T2) ; semencemag.fr (SNHF) ; Semailles densités semis,,,,,2026-05-15T14:00:05.379Z,Engrais vert / couvre-sol — semis direct à la volée puis enfouissement avant montée à graines. Améliore la structure du sol.,"Seigle 8 g/m²  \n  \n Vesce 4 g/m²  \n  \n Moutarde 0,5 g/m²  \n  \n Phacélie 0,5 g/m²"
EV-Mix-Seigle-automne-serre,Mélange,,,Sous abri,38,42,,,50,,4,28,84,2,30,45,13,,,,,a_revoir,true,ITAB Guides Légumes Bio (T1+T2) ; semencemag.fr (SNHF) ; Semailles densités semis,,,,,2026-05-15T14:00:05.379Z,Engrais vert / couvre-sol — semis direct à la volée puis enfouissement avant montée à graines. Améliore la structure du sol.,"Seigle 8 g/m²  \n  \n Vesce 4 g/m²  \n  \n Moutarde 0,5 g/m²  \n  \n Phacélie 0,5 g/m²"
EV-Mix-Sorgho-printemps,Mélange,,,Plein champ,16,20,,,28,,4,,84,2,30,45,2.9,,,,,a_revoir,true,ITAB Guides Légumes Bio (T1+T2) ; semencemag.fr (SNHF) ; Semailles densités semis,,,,,2026-05-15T14:00:05.379Z,Engrais vert / couvre-sol — semis direct à la volée puis enfouissement avant montée à graines. Améliore la structure du sol.,Sorgo 1 g/m²  \n  \n Trèfle 0.375 g/m²  \n  \n Mélilot 0.5 g/m²  \n  \n Sarrasin 1.25 g/m²
EV-Mix-Sorgho-printemps-serre,Mélange,,,Sous abri,12,16,,,24,,4,28,84,2,30,45,2.9,,,,,a_revoir,true,ITAB Guides Légumes Bio (T1+T2) ; semencemag.fr (SNHF) ; Semailles densités semis,,,,,2026-05-15T14:00:05.379Z,Engrais vert / couvre-sol — semis direct à la volée puis enfouissement avant montée à graines. Améliore la structure du sol.,Sorgo 1 g/m²  \n  \n Trèfle 0.375 g/m²  \n  \n Mélilot 0.5 g/m²  \n  \n Sarrasin 1.25 g/m²
INRAE-MESCLUN-0002,Mélange,,,Plein champ,20,,20,26,35,39,5,,98,,,,,Semis,false,oceanique,Nord-Ouest,source_documentee,true,INRAE — Pépinière-Mesclun v1.1 · DOI 10.57745/IQVM2I · référence de cycle non renseignée,https://entrepot.recherche.data.gouv.fr/dataset.xhtml?persistentId=doi:10.57745/IQVM2I,inrae-mesclun-v1.1-cycles-0002,1.1,Licence Ouverte / Open Licence Etalab 2.0,2026-07-29T00:00:00.000Z,[2026-07-29] Fenêtres importées sans réduction depuis Pépinière-Mesclun v1.1. Culture source : Couvert végétal — Couvert d'été.,Récolte : Pas de récolte de légumes
INRAE-MESCLUN-0003,Mélange,,,Plein champ,35,,35,46,9,22,14,,189,,,,,Semis,false,oceanique,Nord-Ouest,source_documentee,true,INRAE — Pépinière-Mesclun v1.1 · DOI 10.57745/IQVM2I · référence de cycle non renseignée,https://entrepot.recherche.data.gouv.fr/dataset.xhtml?persistentId=doi:10.57745/IQVM2I,inrae-mesclun-v1.1-cycles-0003,1.1,Licence Ouverte / Open Licence Etalab 2.0,2026-07-29T00:00:00.000Z,[2026-07-29] Fenêtres importées sans réduction depuis Pépinière-Mesclun v1.1. Culture source : Couvert végétal — Couvert d'hiver.,Récolte : Pas de récolte de légumes
INRAE-MESCLUN-0004,Mélange,,,Plein champ,1,,1,1,52,52,1,,357,,,,,Semis,false,oceanique,Nord-Ouest,source_documentee,true,INRAE — Pépinière-Mesclun v1.1 · DOI 10.57745/IQVM2I · référence de cycle non renseignée,https://entrepot.recherche.data.gouv.fr/dataset.xhtml?persistentId=doi:10.57745/IQVM2I,inrae-mesclun-v1.1-cycles-0004,1.1,Licence Ouverte / Open Licence Etalab 2.0,2026-07-29T00:00:00.000Z,[2026-07-29] Fenêtres importées sans réduction depuis Pépinière-Mesclun v1.1. Culture source : Couvert végétal — Couvert d'au moins un an.,Récolte : Pas de récolte de légumes (on pourrait aussi avoir des couverts sur plusieurs années mais pour l'instant on gère que sur un an)
INRAE-MESCLUN-0005,Mélange,,,Sous abri,20,,20,26,35,39,5,,98,,,,,Semis,false,oceanique,Nord-Ouest,source_documentee,true,INRAE — Pépinière-Mesclun v1.1 · DOI 10.57745/IQVM2I · référence de cycle non renseignée,https://entrepot.recherche.data.gouv.fr/dataset.xhtml?persistentId=doi:10.57745/IQVM2I,inrae-mesclun-v1.1-cycles-0005,1.1,Licence Ouverte / Open Licence Etalab 2.0,2026-07-29T00:00:00.000Z,[2026-07-29] Fenêtres importées sans réduction depuis Pépinière-Mesclun v1.1. Culture source : Couvert végétal — Couvert d'été.,Récolte : Pas de récolte de légumes
INRAE-MESCLUN-0006,Mélange,,,Sous abri,35,,35,46,9,22,14,,189,,,,,Semis,false,oceanique,Nord-Ouest,source_documentee,true,INRAE — Pépinière-Mesclun v1.1 · DOI 10.57745/IQVM2I · référence de cycle non renseignée,https://entrepot.recherche.data.gouv.fr/dataset.xhtml?persistentId=doi:10.57745/IQVM2I,inrae-mesclun-v1.1-cycles-0006,1.1,Licence Ouverte / Open Licence Etalab 2.0,2026-07-29T00:00:00.000Z,[2026-07-29] Fenêtres importées sans réduction depuis Pépinière-Mesclun v1.1. Culture source : Couvert végétal — Couvert d'hiver.,Récolte : Pas de récolte de légumes
INRAE-MESCLUN-0007,Mélange,,,Sous abri,1,,1,1,52,52,1,,357,,,,,Semis,false,oceanique,Nord-Ouest,source_documentee,true,INRAE — Pépinière-Mesclun v1.1 · DOI 10.57745/IQVM2I · référence de cycle non renseignée,https://entrepot.recherche.data.gouv.fr/dataset.xhtml?persistentId=doi:10.57745/IQVM2I,inrae-mesclun-v1.1-cycles-0007,1.1,Licence Ouverte / Open Licence Etalab 2.0,2026-07-29T00:00:00.000Z,[2026-07-29] Fenêtres importées sans réduction depuis Pépinière-Mesclun v1.1. Culture source : Couvert végétal — Couvert d'au moins un an.,Récolte : Pas de récolte de légumes (on pourrait aussi avoir des couverts sur plusieurs années mais pour l'instant on gère que sur un an)
INRAE-MESCLUN-0362,Navet,Brassicaceae,Brassica rapa,Plein champ,31,,31,35,40,52,13,,91,,,,,Semis,false,oceanique,Nord-Ouest,source_documentee,true,INRAE — Pépinière-Mesclun v1.1 · DOI 10.57745/IQVM2I · cycle : FRAB Bretagne,https://entrepot.recherche.data.gouv.fr/dataset.xhtml?persistentId=doi:10.57745/IQVM2I,inrae-mesclun-v1.1-cycles-0362,1.1,Licence Ouverte / Open Licence Etalab 2.0,2026-07-29T00:00:00.000Z,[2026-07-29] Fenêtres importées sans réduction depuis Pépinière-Mesclun v1.1. Culture source : Navet conservation — Navet.,
INRAE-MESCLUN-0363,Navet,Brassicaceae,Brassica rapa,Sous abri,,1,1,3,9,14,6,,70,,,,,Plantation,true,oceanique,Nord-Ouest,source_documentee,true,INRAE — Pépinière-Mesclun v1.1 · DOI 10.57745/IQVM2I · cycle : FRAB Bretagne,https://entrepot.recherche.data.gouv.fr/dataset.xhtml?persistentId=doi:10.57745/IQVM2I,inrae-mesclun-v1.1-cycles-0363,1.1,Licence Ouverte / Open Licence Etalab 2.0,2026-07-29T00:00:00.000Z,[2026-07-29] Fenêtres importées sans réduction depuis Pépinière-Mesclun v1.1. Culture source : Navet frais — Navet botte.,
INRAE-MESCLUN-0364,Navet,Brassicaceae,Brassica rapa,Sous abri,,5,5,7,14,18,5,,70,,,,,Plantation,true,oceanique,Nord-Ouest,source_documentee,true,INRAE — Pépinière-Mesclun v1.1 · DOI 10.57745/IQVM2I · cycle : FRAB Bretagne,https://entrepot.recherche.data.gouv.fr/dataset.xhtml?persistentId=doi:10.57745/IQVM2I,inrae-mesclun-v1.1-cycles-0364,1.1,Licence Ouverte / Open Licence Etalab 2.0,2026-07-29T00:00:00.000Z,[2026-07-29] Fenêtres importées sans réduction depuis Pépinière-Mesclun v1.1. Culture source : Navet frais — Navet botte.,
INRAE-MESCLUN-0365,Navet,Brassicaceae,Brassica rapa,Sous abri,,9,9,11,18,22,5,,70,,,,,Plantation,true,oceanique,Nord-Ouest,source_documentee,true,INRAE — Pépinière-Mesclun v1.1 · DOI 10.57745/IQVM2I · cycle : FRAB Bretagne,https://entrepot.recherche.data.gouv.fr/dataset.xhtml?persistentId=doi:10.57745/IQVM2I,inrae-mesclun-v1.1-cycles-0365,1.1,Licence Ouverte / Open Licence Etalab 2.0,2026-07-29T00:00:00.000Z,[2026-07-29] Fenêtres importées sans réduction depuis Pépinière-Mesclun v1.1. Culture source : Navet frais — Navet botte.,
INRAE-MESCLUN-0366,Navet,Brassicaceae,Brassica rapa,Plein champ,,14,14,16,22,27,6,,70,,,,,Plantation,false,oceanique,Nord-Ouest,source_documentee,true,INRAE — Pépinière-Mesclun v1.1 · DOI 10.57745/IQVM2I · cycle : FRAB Bretagne,https://entrepot.recherche.data.gouv.fr/dataset.xhtml?persistentId=doi:10.57745/IQVM2I,inrae-mesclun-v1.1-cycles-0366,1.1,Licence Ouverte / Open Licence Etalab 2.0,2026-07-29T00:00:00.000Z,[2026-07-29] Fenêtres importées sans réduction depuis Pépinière-Mesclun v1.1. Culture source : Navet frais — Navet botte.,
INRAE-MESCLUN-0367,Navet,Brassicaceae,Brassica rapa,Plein champ,,9,9,11,18,22,5,,70,,,,,Plantation,true,oceanique,Nord-Ouest,source_documentee,true,INRAE — Pépinière-Mesclun v1.1 · DOI 10.57745/IQVM2I · cycle : FRAB Bretagne,https://entrepot.recherche.data.gouv.fr/dataset.xhtml?persistentId=doi:10.57745/IQVM2I,inrae-mesclun-v1.1-cycles-0367,1.1,Licence Ouverte / Open Licence Etalab 2.0,2026-07-29T00:00:00.000Z,[2026-07-29] Fenêtres importées sans réduction depuis Pépinière-Mesclun v1.1. Culture source : Navet frais — Navet botte.,
Navet-automne,Navet,Brassicaceae,Brassica rapa,Plein champ,32,,,,46,,4,,98,2,20,30,3,,,,,a_revoir,true,ITAB Guides Légumes Bio (T1+T2) ; semencemag.fr (SNHF) ; Semailles densités semis,,,,,2026-05-15T14:00:05.379Z,"Semis direct, racine pivot — ne pas repiquer. Éclaircir à 5-8 cm. Récolte 60-80 jours selon variété.","Adapté climat France \n Source: ITAB, Standard Climat France (Valable 2026)"
Navet-automne-tardive,Navet,Brassicaceae,Brassica rapa,Plein champ,29,,,,43,,4,,98,2,20,30,3,,,,,a_revoir,true,ITAB Guides Légumes Bio (T1+T2) ; semencemag.fr (SNHF) ; Semailles densités semis,,,,,2026-05-15T14:00:05.379Z,"Semis direct, racine pivot — ne pas repiquer. Éclaircir à 5-8 cm. Récolte 60-80 jours selon variété.","Adapté climat France \n Source: ITAB, Standard Climat France (Valable 2026)"
Navet-ete,Navet,Brassicaceae,Brassica rapa,Plein champ,14,,,,28,,4,,98,2,20,30,3,,,,,a_revoir,true,ITAB Guides Légumes Bio (T1+T2) ; semencemag.fr (SNHF) ; Semailles densités semis,,,,,2026-05-15T14:00:05.379Z,"Semis direct, racine pivot — ne pas repiquer. Éclaircir à 5-8 cm. Récolte 60-80 jours selon variété.","Adapté climat France \n Source: ITAB, Standard Climat France (Valable 2026)"
Navet-printemps,Navet,Brassicaceae,Brassica rapa,Plein champ,18,,,,32,,4,,98,2,20,30,3,,,,,a_revoir,true,ITAB Guides Légumes Bio (T1+T2) ; semencemag.fr (SNHF) ; Semailles densités semis,,,,,2026-05-15T14:00:05.379Z,"Semis direct, racine pivot — ne pas repiquer. Éclaircir à 5-8 cm. Récolte 60-80 jours selon variété.","Adapté climat France \n Source: ITAB, Standard Climat France (Valable 2026)"
Navet-printemps-precoce,Navet,Brassicaceae,Brassica rapa,Plein champ,12,,,,26,,4,,98,2,20,30,3,,,,,a_revoir,true,ITAB Guides Légumes Bio (T1+T2) ; semencemag.fr (SNHF) ; Semailles densités semis,,,,,2026-05-15T14:00:05.379Z,"Semis direct, racine pivot — ne pas repiquer. Éclaircir à 5-8 cm. Récolte 60-80 jours selon variété.","Adapté climat France \n Source: ITAB, Standard Climat France (Valable 2026)"
INRAE-MESCLUN-0370,Oignon,Alliaceae,Allium cepa,Plein champ,,9,9,14,31,35,5,,147,,,,,Plantation,false,oceanique,Nord-Ouest,source_documentee,true,INRAE — Pépinière-Mesclun v1.1 · DOI 10.57745/IQVM2I · cycle : FRAB Bretagne,https://entrepot.recherche.data.gouv.fr/dataset.xhtml?persistentId=doi:10.57745/IQVM2I,inrae-mesclun-v1.1-cycles-0370,1.1,Licence Ouverte / Open Licence Etalab 2.0,2026-07-29T00:00:00.000Z,[2026-07-29] Fenêtres importées sans réduction depuis Pépinière-Mesclun v1.1. Culture source : Oignon conservation — Oignon couleur bulbille.,Implantation : Bulbille
INRAE-MESCLUN-0371,Oignon,Alliaceae,Allium cepa,Plein champ,,14,14,18,33,40,8,,147,,,,,Plantation,false,oceanique,Nord-Ouest,source_documentee,true,INRAE — Pépinière-Mesclun v1.1 · DOI 10.57745/IQVM2I · cycle : FRAB Bretagne,https://entrepot.recherche.data.gouv.fr/dataset.xhtml?persistentId=doi:10.57745/IQVM2I,inrae-mesclun-v1.1-cycles-0371,1.1,Licence Ouverte / Open Licence Etalab 2.0,2026-07-29T00:00:00.000Z,[2026-07-29] Fenêtres importées sans réduction depuis Pépinière-Mesclun v1.1. Culture source : Oignon conservation — Oignon couleur motte.,Implantation : Motte
INRAE-MESCLUN-0372,Oignon,Alliaceae,Allium cepa,Sous abri,,5,5,7,20,24,5,,112,,,,,Plantation,false,oceanique,Nord-Ouest,source_documentee,true,INRAE — Pépinière-Mesclun v1.1 · DOI 10.57745/IQVM2I · cycle : FRAB Bretagne,https://entrepot.recherche.data.gouv.fr/dataset.xhtml?persistentId=doi:10.57745/IQVM2I,inrae-mesclun-v1.1-cycles-0372,1.1,Licence Ouverte / Open Licence Etalab 2.0,2026-07-29T00:00:00.000Z,[2026-07-29] Fenêtres importées sans réduction depuis Pépinière-Mesclun v1.1. Culture source : Oignon frais ou botte — Oignon blanc.,
INRAE-MESCLUN-0373,Oignon,Alliaceae,Allium cepa,Sous abri,,37,37,40,14,18,5,,203,,,,,Plantation,false,oceanique,Nord-Ouest,source_documentee,true,INRAE — Pépinière-Mesclun v1.1 · DOI 10.57745/IQVM2I · cycle : FRAB Bretagne,https://entrepot.recherche.data.gouv.fr/dataset.xhtml?persistentId=doi:10.57745/IQVM2I,inrae-mesclun-v1.1-cycles-0373,1.1,Licence Ouverte / Open Licence Etalab 2.0,2026-07-29T00:00:00.000Z,[2026-07-29] Fenêtres importées sans réduction depuis Pépinière-Mesclun v1.1. Culture source : Oignon frais ou botte — Oignon blanc.,
INRAE-MESCLUN-0374,Oignon,Alliaceae,Allium cepa,Sous abri,,42,42,44,16,20,5,,189,,,,,Plantation,false,oceanique,Nord-Ouest,source_documentee,true,INRAE — Pépinière-Mesclun v1.1 · DOI 10.57745/IQVM2I · cycle : FRAB Bretagne,https://entrepot.recherche.data.gouv.fr/dataset.xhtml?persistentId=doi:10.57745/IQVM2I,inrae-mesclun-v1.1-cycles-0374,1.1,Licence Ouverte / Open Licence Etalab 2.0,2026-07-29T00:00:00.000Z,[2026-07-29] Fenêtres importées sans réduction depuis Pépinière-Mesclun v1.1. Culture source : Oignon frais ou botte — Oignon blanc.,
INRAE-MESCLUN-0375,Oignon,Alliaceae,Allium cepa,Plein champ,,9,9,11,22,29,8,,112,,,,,Plantation,false,oceanique,Nord-Ouest,source_documentee,true,INRAE — Pépinière-Mesclun v1.1 · DOI 10.57745/IQVM2I · cycle : FRAB Bretagne,https://entrepot.recherche.data.gouv.fr/dataset.xhtml?persistentId=doi:10.57745/IQVM2I,inrae-mesclun-v1.1-cycles-0375,1.1,Licence Ouverte / Open Licence Etalab 2.0,2026-07-29T00:00:00.000Z,[2026-07-29] Fenêtres importées sans réduction depuis Pépinière-Mesclun v1.1. Culture source : Oignon frais ou botte — Oignon blanc.,
INRAE-MESCLUN-0376,Oignon,Alliaceae,Allium cepa,Sous abri,,5,5,7,20,27,8,,126,,,,,Plantation,false,oceanique,Nord-Ouest,source_documentee,true,INRAE — Pépinière-Mesclun v1.1 · DOI 10.57745/IQVM2I · cycle : FRAB Bretagne,https://entrepot.recherche.data.gouv.fr/dataset.xhtml?persistentId=doi:10.57745/IQVM2I,inrae-mesclun-v1.1-cycles-0376,1.1,Licence Ouverte / Open Licence Etalab 2.0,2026-07-29T00:00:00.000Z,[2026-07-29] Fenêtres importées sans réduction depuis Pépinière-Mesclun v1.1. Culture source : Oignon frais ou botte — Oignon couleur motte.,Implantation : Motte
Oignon-automne-serre,Oignon,Alliaceae,Allium cepa,Sous abri,36,40,,,48,,4,28,84,3,18,27,3,,,,,a_revoir,true,ITAB Guides Légumes Bio (T1+T2) ; semencemag.fr (SNHF) ; Semailles densités semis,,,,,2026-05-15T14:00:05.379Z,Semis direct ou bulbilles. Rotation 4 ans minimum (Alliacées sensibles à la pourriture blanche).,"Adapté climat France \n Source: ITAB, Standard Climat France (Valable 2026)"
Oignon-hiver-serre,Oignon,Alliaceae,Allium cepa,Sous abri,49,1,,,9,,4,4,84,3,18,27,3,,,,,a_revoir,true,ITAB Guides Légumes Bio (T1+T2) ; semencemag.fr (SNHF) ; Semailles densités semis,,,,,2026-05-15T14:00:05.379Z,Semis direct ou bulbilles. Rotation 4 ans minimum (Alliacées sensibles à la pourriture blanche).,"Adapté climat France \n Source: ITAB, Standard Climat France (Valable 2026)"
Oignon-printemps,Oignon,Alliaceae,Allium cepa,Plein champ,8,12,,,20,,4,,84,3,18,27,3,,,,,a_revoir,true,ITAB Guides Légumes Bio (T1+T2) ; semencemag.fr (SNHF) ; Semailles densités semis,,,,,2026-05-15T14:00:05.379Z,Semis direct ou bulbilles. Rotation 4 ans minimum (Alliacées sensibles à la pourriture blanche).,"Adapté climat France \n Source: ITAB, Standard Climat France (Valable 2026)"
Oignon-printemps-bulbilles,Oignon,Alliaceae,Allium cepa,Plein champ,10,14,,,22,,4,,84,3,18,27,3,,,,,a_revoir,true,ITAB Guides Légumes Bio (T1+T2) ; semencemag.fr (SNHF) ; Semailles densités semis,,,,,2026-05-15T14:00:05.379Z,Semis direct ou bulbilles. Rotation 4 ans minimum (Alliacées sensibles à la pourriture blanche).,"Adapté climat France \n Source: ITAB, Standard Climat France (Valable 2026)"
Origan,Origan,Lamiaceae,Origanum vulgare,,10,14,,,22,,4,,84,2,40,60,,,,,,a_revoir,true,ITAB Guides Légumes Bio (T1+T2) ; semencemag.fr (SNHF) ; Semailles densités semis,,,,,2026-05-15T14:00:05.379Z,"Aromatique semis direct ou godet. Sol drainé, exposition ensoleillée. Récolte échelonnée des feuilles fraîches.","Adapté climat France \n Source: ITAB, Standard Climat France (Valable 2026)"
Oseille de Guinée (roselle) — antilles,Oseille de Guinée (roselle),Malvaceae,Hibiscus sabdariffa,,26,,,,48,,4,,155,,90,,,,,tropical_antilles,,a_revoir,true,,,,,,,,"Semis en début d'hivernage (fin juin-juillet, sem. 26) : la plante bénéficie des pluies pour sa croissance végétative, puis fleurit à l'entrée du carême quand les jours raccourcissent. Récolte des calices en nov.-déc. (s"
Oseille de Guinée (roselle) — austral,Oseille de Guinée (roselle),Malvaceae,Hibiscus sabdariffa,,46,,,,20,,6,,180,,90,,,,,tropical_austral,,a_revoir,true,,,,,,,,"Semis direct en début de saison chaude et pluvieuse (novembre, S46) pour une croissance végétative maximale pendant l'été austral. La floraison se déclenche naturellement quand les jours raccourcissent (mars-avril) ; réc"
Oseille de Guinée (roselle) — equatorial,Oseille de Guinée (roselle),Malvaceae,Hibiscus sabdariffa,,18,,,,46,,6,,185,,80,,,,,equatorial,,a_revoir,true,,,,,,,,"Culture créole traditionnelle en Guyane. Semis direct en début de grande saison des pluies (mai, ~sem. 18) : la plante fait toute sa croissance végétative pendant l'hivernage. Floraison de jours courts vers oct.-nov., ré"
INRAE-MESCLUN-0377,Panais,Apiaceae,,Plein champ,20,,20,24,40,52,13,,168,,,,,Semis,false,oceanique,Nord-Ouest,source_documentee,true,INRAE — Pépinière-Mesclun v1.1 · DOI 10.57745/IQVM2I · cycle : FRAB Bretagne,https://entrepot.recherche.data.gouv.fr/dataset.xhtml?persistentId=doi:10.57745/IQVM2I,inrae-mesclun-v1.1-cycles-0377,1.1,Licence Ouverte / Open Licence Etalab 2.0,2026-07-29T00:00:00.000Z,[2026-07-29] Fenêtres importées sans réduction depuis Pépinière-Mesclun v1.1. Culture source : Panais — Panais.,
Panais,Panais,Apiaceae,,Plein champ,14,,,,26,,4,,84,2,25,37,5,,,,,a_revoir,true,ITAB Guides Légumes Bio (T1+T2) ; semencemag.fr (SNHF) ; Semailles densités semis,,,,,2026-05-15T14:00:05.379Z,Semis direct uniquement (la racine pivot ne supporte pas le repiquage). Éclaircir à 5 cm sur le rang à 4 vraies feuilles.,"Adapté climat France \n Source: ITAB, Standard Climat France (Valable 2026)"
Papayer — antilles,Papayer,Caricaceae,Carica papaya,,,22,,,10,,40,,300,,250,,,,,tropical_antilles,,a_revoir,true,,,,,,,,"Semis/repiquage début hivernage (S22) ; premières papayes ~10 mois plus tard, en carême. Cultiver des pieds hermaphrodites ou en mélange pour la pollinisation. Sensible au vent (cyclones) et à l'excès d'eau."
Papayer — austral,Papayer,Caricaceae,Carica papaya,,,40,,,27,,52,,300,,250,,,,,tropical_austral,,a_revoir,true,,,,,,,,"Semis en fin d'hiver austral (sept.) pour repiquage au retour des pluies (oct.-nov.) ; premiers fruits l'été austral suivant, puis récolte continue toute l'année sur pied en production. Renouveler la parcelle tous les 2-"
Papayer — equatorial,Papayer,Caricaceae,Carica papaya,,,15,,,46,,40,,270,,250,,,,,equatorial,,a_revoir,true,,,,,,,,"Semis pépinière fin de petit été de mars (sem.8), repiquage à l'entrée des grandes pluies (sem.15). Récolte continue à partir de ~9 mois. Très sensible à l'excès d'eau au collet (pourritures) : planter sur billon ou butt"
INRAE-MESCLUN-0378,Pastèque,Cucurbitaceae,Citrullus lanatus,Sous abri,,18,18,20,33,37,5,,112,,,,,Plantation,false,oceanique,Nord-Ouest,source_documentee,true,INRAE — Pépinière-Mesclun v1.1 · DOI 10.57745/IQVM2I · cycle : FRAB Bretagne,https://entrepot.recherche.data.gouv.fr/dataset.xhtml?persistentId=doi:10.57745/IQVM2I,inrae-mesclun-v1.1-cycles-0378,1.1,Licence Ouverte / Open Licence Etalab 2.0,2026-07-29T00:00:00.000Z,[2026-07-29] Fenêtres importées sans réduction depuis Pépinière-Mesclun v1.1. Culture source : Pastèque — Pastèque.,
INRAE-MESCLUN-0379,Pastèque,Cucurbitaceae,Citrullus lanatus,Sous abri,,20,20,22,35,40,6,,119,,,,,Plantation,false,oceanique,Nord-Ouest,source_documentee,true,INRAE — Pépinière-Mesclun v1.1 · DOI 10.57745/IQVM2I · cycle : FRAB Bretagne,https://entrepot.recherche.data.gouv.fr/dataset.xhtml?persistentId=doi:10.57745/IQVM2I,inrae-mesclun-v1.1-cycles-0379,1.1,Licence Ouverte / Open Licence Etalab 2.0,2026-07-29T00:00:00.000Z,[2026-07-29] Fenêtres importées sans réduction depuis Pépinière-Mesclun v1.1. Culture source : Pastèque — Pastèque.,
INRAE-MESCLUN-0380,Pastèque,Cucurbitaceae,Citrullus lanatus,Sous abri,,16,16,18,31,35,5,,112,,,,,Plantation,true,oceanique,Nord-Ouest,source_documentee,true,INRAE — Pépinière-Mesclun v1.1 · DOI 10.57745/IQVM2I · cycle : FRAB Bretagne,https://entrepot.recherche.data.gouv.fr/dataset.xhtml?persistentId=doi:10.57745/IQVM2I,inrae-mesclun-v1.1-cycles-0380,1.1,Licence Ouverte / Open Licence Etalab 2.0,2026-07-29T00:00:00.000Z,[2026-07-29] Fenêtres importées sans réduction depuis Pépinière-Mesclun v1.1. Culture source : Pastèque — Pastèque.,
INRAE-MESCLUN-0381,Pastèque,Cucurbitaceae,Citrullus lanatus,Plein champ,,20,20,22,35,40,6,,119,,,,,Plantation,false,oceanique,Nord-Ouest,source_documentee,true,INRAE — Pépinière-Mesclun v1.1 · DOI 10.57745/IQVM2I · cycle : FRAB Bretagne,https://entrepot.recherche.data.gouv.fr/dataset.xhtml?persistentId=doi:10.57745/IQVM2I,inrae-mesclun-v1.1-cycles-0381,1.1,Licence Ouverte / Open Licence Etalab 2.0,2026-07-29T00:00:00.000Z,[2026-07-29] Fenêtres importées sans réduction depuis Pépinière-Mesclun v1.1. Culture source : Pastèque — Pastèque.,
INRAE-MESCLUN-0382,Patate douce,Convolvulaceae,,Sous abri,,20,20,22,37,44,8,,140,,,,,Plantation,false,oceanique,Nord-Ouest,source_documentee,true,INRAE — Pépinière-Mesclun v1.1 · DOI 10.57745/IQVM2I · cycle : FRAB Bretagne,https://entrepot.recherche.data.gouv.fr/dataset.xhtml?persistentId=doi:10.57745/IQVM2I,inrae-mesclun-v1.1-cycles-0382,1.1,Licence Ouverte / Open Licence Etalab 2.0,2026-07-29T00:00:00.000Z,[2026-07-29] Fenêtres importées sans réduction depuis Pépinière-Mesclun v1.1. Culture source : Patate douce — Patate douce.,
INRAE-MESCLUN-0383,Patate douce,Convolvulaceae,,Plein champ,,20,20,22,40,44,5,,147,,,,,Plantation,false,oceanique,Nord-Ouest,source_documentee,true,INRAE — Pépinière-Mesclun v1.1 · DOI 10.57745/IQVM2I · cycle : FRAB Bretagne,https://entrepot.recherche.data.gouv.fr/dataset.xhtml?persistentId=doi:10.57745/IQVM2I,inrae-mesclun-v1.1-cycles-0383,1.1,Licence Ouverte / Open Licence Etalab 2.0,2026-07-29T00:00:00.000Z,[2026-07-29] Fenêtres importées sans réduction depuis Pépinière-Mesclun v1.1. Culture source : Patate douce — Patate douce.,
INRAE-MESCLUN-0384,Patate douce,Convolvulaceae,,Plein champ,,22,22,24,42,46,5,,147,,,,,Plantation,false,oceanique,Nord-Ouest,source_documentee,true,INRAE — Pépinière-Mesclun v1.1 · DOI 10.57745/IQVM2I · cycle : FRAB Bretagne,https://entrepot.recherche.data.gouv.fr/dataset.xhtml?persistentId=doi:10.57745/IQVM2I,inrae-mesclun-v1.1-cycles-0384,1.1,Licence Ouverte / Open Licence Etalab 2.0,2026-07-29T00:00:00.000Z,[2026-07-29] Fenêtres importées sans réduction depuis Pépinière-Mesclun v1.1. Culture source : Patate douce — Patate douce.,
Patate douce — antilles,Patate douce,Convolvulaceae,,,38,,,,4,,4,,135,,35,,,,,tropical_antilles,,a_revoir,true,,,,,,,,"Bouturage en fin d'hivernage (septembre) : la culture profite de l'humidité résiduelle puis grossit et se récolte en carême, où les tubercules se conservent mieux (moins de pourriture). Éviter les excès d'azote qui font "
Patate douce — austral,Patate douce,Convolvulaceae,,,45,45,,,13,,6,,140,,35,,,,,tropical_austral,,a_revoir,true,,,,,,,,"Boutures plantées en début d'été austral (novembre), récolte en fin d'été (mars-avril). Éviter l'excès d'azote qui favorise les fanes au détriment des tubercules. Rustique, tolère la sécheresse une fois installée. Feuill"
Patate douce — equatorial,Patate douce,Convolvulaceae,,,22,22,,,40,,6,,130,,40,,,,,equatorial,,a_revoir,true,,,,,,,,"Plantation en fin de grande saison des pluies (fin mai-juin) pour que la tubérisation se fasse en conditions plus sèches (récolte en octobre, saison sèche). Un excès d'azote ou d'eau favorise le feuillage au détriment de"
Patate-douce-automne,Patate douce,Convolvulaceae,,Plein champ,45,49,,,5,,4,,84,1,50,75,,,,,,a_revoir,true,ITAB Guides Légumes Bio (T1+T2) ; semencemag.fr (SNHF) ; Semailles densités semis,,,,,2026-05-15T14:00:05.379Z,"À VALIDER 2026-05-14 : cycle planté S49 → récolté S5 douteux pour patate douce (plante tropicale, besoin chaleur, récolte oct-nov en France).","Adapté climat France \n Source: ITAB, Standard Climat France (Valable 2026)"
INRAE-MESCLUN-0389,Persil,Apiaceae,Petroselinum crispum,Sous abri,,5,5,7,11,16,6,,56,,,,,Plantation,false,oceanique,Nord-Ouest,source_documentee,true,INRAE — Pépinière-Mesclun v1.1 · DOI 10.57745/IQVM2I · cycle : FRAB Bretagne,https://entrepot.recherche.data.gouv.fr/dataset.xhtml?persistentId=doi:10.57745/IQVM2I,inrae-mesclun-v1.1-cycles-0389,1.1,Licence Ouverte / Open Licence Etalab 2.0,2026-07-29T00:00:00.000Z,[2026-07-29] Fenêtres importées sans réduction depuis Pépinière-Mesclun v1.1. Culture source : Persil — Persil.,
INRAE-MESCLUN-0390,Persil,Apiaceae,Petroselinum crispum,Sous abri,,37,37,40,44,14,23,,112,,,,,Plantation,false,oceanique,Nord-Ouest,source_documentee,true,INRAE — Pépinière-Mesclun v1.1 · DOI 10.57745/IQVM2I · cycle : FRAB Bretagne,https://entrepot.recherche.data.gouv.fr/dataset.xhtml?persistentId=doi:10.57745/IQVM2I,inrae-mesclun-v1.1-cycles-0390,1.1,Licence Ouverte / Open Licence Etalab 2.0,2026-07-29T00:00:00.000Z,[2026-07-29] Fenêtres importées sans réduction depuis Pépinière-Mesclun v1.1. Culture source : Persil — Persil.,Récolte : Plusieurs récoltes sur le cycle:44-48;1-5;9-14
INRAE-MESCLUN-0391,Persil,Apiaceae,Petroselinum crispum,Sous abri,,42,42,44,48,9,14,,84,,,,,Plantation,false,oceanique,Nord-Ouest,source_documentee,true,INRAE — Pépinière-Mesclun v1.1 · DOI 10.57745/IQVM2I · cycle : FRAB Bretagne,https://entrepot.recherche.data.gouv.fr/dataset.xhtml?persistentId=doi:10.57745/IQVM2I,inrae-mesclun-v1.1-cycles-0391,1.1,Licence Ouverte / Open Licence Etalab 2.0,2026-07-29T00:00:00.000Z,[2026-07-29] Fenêtres importées sans réduction depuis Pépinière-Mesclun v1.1. Culture source : Persil — Persil.,Récolte : Plusieurs récoltes sur le cycle:48-52;5-9
INRAE-MESCLUN-0392,Persil,Apiaceae,Petroselinum crispum,Plein champ,,9,9,11,16,24,9,,70,,,,,Plantation,false,oceanique,Nord-Ouest,source_documentee,true,INRAE — Pépinière-Mesclun v1.1 · DOI 10.57745/IQVM2I · cycle : FRAB Bretagne,https://entrepot.recherche.data.gouv.fr/dataset.xhtml?persistentId=doi:10.57745/IQVM2I,inrae-mesclun-v1.1-cycles-0392,1.1,Licence Ouverte / Open Licence Etalab 2.0,2026-07-29T00:00:00.000Z,[2026-07-29] Fenêtres importées sans réduction depuis Pépinière-Mesclun v1.1. Culture source : Persil — Persil.,
INRAE-MESCLUN-0393,Persil,Apiaceae,Petroselinum crispum,Plein champ,,18,18,20,22,29,8,,49,,,,,Plantation,false,oceanique,Nord-Ouest,source_documentee,true,INRAE — Pépinière-Mesclun v1.1 · DOI 10.57745/IQVM2I · cycle : FRAB Bretagne,https://entrepot.recherche.data.gouv.fr/dataset.xhtml?persistentId=doi:10.57745/IQVM2I,inrae-mesclun-v1.1-cycles-0393,1.1,Licence Ouverte / Open Licence Etalab 2.0,2026-07-29T00:00:00.000Z,[2026-07-29] Fenêtres importées sans réduction depuis Pépinière-Mesclun v1.1. Culture source : Persil — Persil.,
INRAE-MESCLUN-0394,Persil,Apiaceae,Petroselinum crispum,Plein champ,,22,22,24,27,33,7,,49,,,,,Plantation,false,oceanique,Nord-Ouest,source_documentee,true,INRAE — Pépinière-Mesclun v1.1 · DOI 10.57745/IQVM2I · cycle : FRAB Bretagne,https://entrepot.recherche.data.gouv.fr/dataset.xhtml?persistentId=doi:10.57745/IQVM2I,inrae-mesclun-v1.1-cycles-0394,1.1,Licence Ouverte / Open Licence Etalab 2.0,2026-07-29T00:00:00.000Z,[2026-07-29] Fenêtres importées sans réduction depuis Pépinière-Mesclun v1.1. Culture source : Persil — Persil.,
INRAE-MESCLUN-0395,Persil,Apiaceae,Petroselinum crispum,Plein champ,,27,27,29,31,37,7,,42,,,,,Plantation,false,oceanique,Nord-Ouest,source_documentee,true,INRAE — Pépinière-Mesclun v1.1 · DOI 10.57745/IQVM2I · cycle : FRAB Bretagne,https://entrepot.recherche.data.gouv.fr/dataset.xhtml?persistentId=doi:10.57745/IQVM2I,inrae-mesclun-v1.1-cycles-0395,1.1,Licence Ouverte / Open Licence Etalab 2.0,2026-07-29T00:00:00.000Z,[2026-07-29] Fenêtres importées sans réduction depuis Pépinière-Mesclun v1.1. Culture source : Persil — Persil.,
INRAE-MESCLUN-0396,Persil,Apiaceae,Petroselinum crispum,Plein champ,,31,31,33,35,44,10,,56,,,,,Plantation,false,oceanique,Nord-Ouest,source_documentee,true,INRAE — Pépinière-Mesclun v1.1 · DOI 10.57745/IQVM2I · cycle : FRAB Bretagne,https://entrepot.recherche.data.gouv.fr/dataset.xhtml?persistentId=doi:10.57745/IQVM2I,inrae-mesclun-v1.1-cycles-0396,1.1,Licence Ouverte / Open Licence Etalab 2.0,2026-07-29T00:00:00.000Z,[2026-07-29] Fenêtres importées sans réduction depuis Pépinière-Mesclun v1.1. Culture source : Persil — Persil.,
Persil,Persil,Apiaceae,Petroselinum crispum,Plein champ,10,,,,21,,20,,84,3,18,27,,,,,,a_revoir,true,ITAB Guides Légumes Bio (T1+T2) ; semencemag.fr (SNHF) ; Semailles densités semis,,,,,2026-05-15T14:00:05.379Z,"Aromatique semis direct ou godet. Sol drainé, exposition ensoleillée. Récolte échelonnée des feuilles fraîches.","Adapté climat France \n Source: ITAB, Standard Climat France (Valable 2026)"
INRAE-MESCLUN-0397,Petit pois,Fabaceae,Pisum sativum,Sous abri,,5,5,7,18,22,5,,98,,,,,Plantation,false,oceanique,Nord-Ouest,source_documentee,true,INRAE — Pépinière-Mesclun v1.1 · DOI 10.57745/IQVM2I · cycle : FRAB Bretagne,https://entrepot.recherche.data.gouv.fr/dataset.xhtml?persistentId=doi:10.57745/IQVM2I,inrae-mesclun-v1.1-cycles-0397,1.1,Licence Ouverte / Open Licence Etalab 2.0,2026-07-29T00:00:00.000Z,[2026-07-29] Fenêtres importées sans réduction depuis Pépinière-Mesclun v1.1. Culture source : Petit pois et mange tout — Petit pois.,
INRAE-MESCLUN-0398,Petit pois,Fabaceae,Pisum sativum,Sous abri,42,,42,44,16,20,5,,189,,,,,Semis,false,oceanique,Nord-Ouest,source_documentee,true,INRAE — Pépinière-Mesclun v1.1 · DOI 10.57745/IQVM2I · cycle : FRAB Bretagne,https://entrepot.recherche.data.gouv.fr/dataset.xhtml?persistentId=doi:10.57745/IQVM2I,inrae-mesclun-v1.1-cycles-0398,1.1,Licence Ouverte / Open Licence Etalab 2.0,2026-07-29T00:00:00.000Z,[2026-07-29] Fenêtres importées sans réduction depuis Pépinière-Mesclun v1.1. Culture source : Petit pois et mange tout — Petit pois.,
INRAE-MESCLUN-0399,Petit pois,Fabaceae,Pisum sativum,Plein champ,,9,9,11,22,27,6,,105,,,,,Plantation,false,oceanique,Nord-Ouest,source_documentee,true,INRAE — Pépinière-Mesclun v1.1 · DOI 10.57745/IQVM2I · cycle : FRAB Bretagne,https://entrepot.recherche.data.gouv.fr/dataset.xhtml?persistentId=doi:10.57745/IQVM2I,inrae-mesclun-v1.1-cycles-0399,1.1,Licence Ouverte / Open Licence Etalab 2.0,2026-07-29T00:00:00.000Z,[2026-07-29] Fenêtres importées sans réduction depuis Pépinière-Mesclun v1.1. Culture source : Petit pois et mange tout — Petit pois.,
INRAE-MESCLUN-0400,Petit pois,Fabaceae,Pisum sativum,Sous abri,,5,5,7,16,20,5,,84,,,,,Plantation,false,oceanique,Nord-Ouest,source_documentee,true,INRAE — Pépinière-Mesclun v1.1 · DOI 10.57745/IQVM2I · cycle : FRAB Bretagne,https://entrepot.recherche.data.gouv.fr/dataset.xhtml?persistentId=doi:10.57745/IQVM2I,inrae-mesclun-v1.1-cycles-0400,1.1,Licence Ouverte / Open Licence Etalab 2.0,2026-07-29T00:00:00.000Z,[2026-07-29] Fenêtres importées sans réduction depuis Pépinière-Mesclun v1.1. Culture source : Petit pois et mange tout — Petit pois Mange tout.,
INRAE-MESCLUN-0401,Petit pois,Fabaceae,Pisum sativum,Sous abri,42,,42,44,14,18,5,,175,,,,,Semis,false,oceanique,Nord-Ouest,source_documentee,true,INRAE — Pépinière-Mesclun v1.1 · DOI 10.57745/IQVM2I · cycle : FRAB Bretagne,https://entrepot.recherche.data.gouv.fr/dataset.xhtml?persistentId=doi:10.57745/IQVM2I,inrae-mesclun-v1.1-cycles-0401,1.1,Licence Ouverte / Open Licence Etalab 2.0,2026-07-29T00:00:00.000Z,[2026-07-29] Fenêtres importées sans réduction depuis Pépinière-Mesclun v1.1. Culture source : Petit pois et mange tout — Petit pois Mange tout.,
INRAE-MESCLUN-0402,Petit pois,Fabaceae,Pisum sativum,Plein champ,,9,9,11,20,24,5,,84,,,,,Plantation,false,oceanique,Nord-Ouest,source_documentee,true,INRAE — Pépinière-Mesclun v1.1 · DOI 10.57745/IQVM2I · cycle : FRAB Bretagne,https://entrepot.recherche.data.gouv.fr/dataset.xhtml?persistentId=doi:10.57745/IQVM2I,inrae-mesclun-v1.1-cycles-0402,1.1,Licence Ouverte / Open Licence Etalab 2.0,2026-07-29T00:00:00.000Z,[2026-07-29] Fenêtres importées sans réduction depuis Pépinière-Mesclun v1.1. Culture source : Petit pois et mange tout — Petit pois Mange tout.,
Petit-pois-printemps,Petit pois,Fabaceae,Pisum sativum,Plein champ,10,,,,22,,4,,84,3,15,22,50,,,,,a_revoir,true,ITAB Guides Légumes Bio (T1+T2) ; semencemag.fr (SNHF) ; Semailles densités semis,,,,,2026-05-15T14:00:05.379Z,"Semis direct dense, tuteurer les variétés grimpantes. Fixateur d'azote — bénéfique en rotation après légume-feuille.","Adapté climat France \n Source: ITAB, Standard Climat France (Valable 2026)"
EV-Phacelie-automne,Phacélie,Hydrophyllaceae,,,32,,,,44,,4,,84,2,30,45,1,,,,,a_revoir,true,ITAB Guides Légumes Bio (T1+T2) ; semencemag.fr (SNHF) ; Semailles densités semis,,,,,2026-05-15T14:00:05.379Z,Engrais vert / couvre-sol — semis direct à la volée puis enfouissement avant montée à graines. Améliore la structure du sol.,"Adapté climat France \n Source: ITAB, Standard Climat France (Valable 2026)"
Physalis,Physalis,Solanaceae,,Plein champ,10,14,,,22,,4,,84,2,30,45,,,,,,a_revoir,true,ITAB Guides Légumes Bio (T1+T2) ; semencemag.fr (SNHF) ; Semailles densités semis,,,,,2026-05-15T14:00:05.379Z,"Plant repiqué après gelées. Sol > 18 °C, exposition plein sud. Tuteur recommandé pour variétés à gros fruits.","Adapté climat France \n Source: ITAB, Standard Climat France (Valable 2026)"
INRAE-MESCLUN-0403,Piment,Solanaceae,Capsicum annuum,Sous abri,,18,18,20,38,44,7,,154,,,,,Plantation,false,oceanique,Nord-Ouest,source_documentee,true,INRAE — Pépinière-Mesclun v1.1 · DOI 10.57745/IQVM2I · cycle : FRAB Bretagne et expertise,https://entrepot.recherche.data.gouv.fr/dataset.xhtml?persistentId=doi:10.57745/IQVM2I,inrae-mesclun-v1.1-cycles-0403,1.1,Licence Ouverte / Open Licence Etalab 2.0,2026-07-29T00:00:00.000Z,[2026-07-29] Fenêtres importées sans réduction depuis Pépinière-Mesclun v1.1. Culture source : Piment.,
INRAE-MESCLUN-0404,Piment,Solanaceae,Capsicum annuum,Sous abri,,14,14,16,36,42,7,,168,,,,,Plantation,true,oceanique,Nord-Ouest,source_documentee,true,INRAE — Pépinière-Mesclun v1.1 · DOI 10.57745/IQVM2I · cycle : FRAB Bretagne et expertise,https://entrepot.recherche.data.gouv.fr/dataset.xhtml?persistentId=doi:10.57745/IQVM2I,inrae-mesclun-v1.1-cycles-0404,1.1,Licence Ouverte / Open Licence Etalab 2.0,2026-07-29T00:00:00.000Z,[2026-07-29] Fenêtres importées sans réduction depuis Pépinière-Mesclun v1.1. Culture source : Piment.,Implantation : Plastique thermique
Piment antillais — antilles,Piment antillais,Solanaceae,Capsicum chinense,,,6,,,24,,20,,120,,60,,,,,tropical_antilles,,a_revoir,true,,,,,,,,"Semis en pépinière en carême (février), repiquage après les premières pluies ; production longue s'étendant sur l'hivernage et au-delà. Surveiller mouches des fruits et anthracnose en saison humide."
Piment antillais — equatorial,Piment antillais,Solanaceae,Capsicum chinense,,,12,,,25,,30,,100,,60,,,,,equatorial,,a_revoir,true,,,,,,,,"Semis en pépinière en février, repiquage vers mars sur sol drainant ; récolte étalée à partir de mai et sur plus de six mois, la plante restant productive plusieurs saisons. Surveiller la mouche des fruits et les puceron"
INRAE-MESCLUN-0405,Poireau,Alliaceae,Allium porrum,Plein champ,,16,16,18,31,40,10,,133,,,,,Plantation,false,oceanique,Nord-Ouest,source_documentee,true,INRAE — Pépinière-Mesclun v1.1 · DOI 10.57745/IQVM2I · cycle : FRAB Bretagne,https://entrepot.recherche.data.gouv.fr/dataset.xhtml?persistentId=doi:10.57745/IQVM2I,inrae-mesclun-v1.1-cycles-0405,1.1,Licence Ouverte / Open Licence Etalab 2.0,2026-07-29T00:00:00.000Z,[2026-07-29] Fenêtres importées sans réduction depuis Pépinière-Mesclun v1.1. Culture source : Poireau — Poireau.,
INRAE-MESCLUN-0406,Poireau,Alliaceae,Allium porrum,Plein champ,,22,22,24,37,48,12,,140,,,,,Plantation,false,oceanique,Nord-Ouest,source_documentee,true,INRAE — Pépinière-Mesclun v1.1 · DOI 10.57745/IQVM2I · cycle : FRAB Bretagne,https://entrepot.recherche.data.gouv.fr/dataset.xhtml?persistentId=doi:10.57745/IQVM2I,inrae-mesclun-v1.1-cycles-0406,1.1,Licence Ouverte / Open Licence Etalab 2.0,2026-07-29T00:00:00.000Z,[2026-07-29] Fenêtres importées sans réduction depuis Pépinière-Mesclun v1.1. Culture source : Poireau — Poireau.,
INRAE-MESCLUN-0407,Poireau,Alliaceae,Allium porrum,Plein champ,,27,27,29,46,16,23,,203,,,,,Plantation,false,oceanique,Nord-Ouest,source_documentee,true,INRAE — Pépinière-Mesclun v1.1 · DOI 10.57745/IQVM2I · cycle : FRAB Bretagne,https://entrepot.recherche.data.gouv.fr/dataset.xhtml?persistentId=doi:10.57745/IQVM2I,inrae-mesclun-v1.1-cycles-0407,1.1,Licence Ouverte / Open Licence Etalab 2.0,2026-07-29T00:00:00.000Z,[2026-07-29] Fenêtres importées sans réduction depuis Pépinière-Mesclun v1.1. Culture source : Poireau — Poireau.,
INRAE-MESCLUN-0408,Poireau,Alliaceae,Allium porrum,Sous abri,,5,5,7,20,27,8,,126,,,,,Plantation,false,oceanique,Nord-Ouest,source_documentee,true,INRAE — Pépinière-Mesclun v1.1 · DOI 10.57745/IQVM2I · cycle : FRAB Bretagne,https://entrepot.recherche.data.gouv.fr/dataset.xhtml?persistentId=doi:10.57745/IQVM2I,inrae-mesclun-v1.1-cycles-0408,1.1,Licence Ouverte / Open Licence Etalab 2.0,2026-07-29T00:00:00.000Z,[2026-07-29] Fenêtres importées sans réduction depuis Pépinière-Mesclun v1.1. Culture source : Poireau — Poireau botte.,
INRAE-MESCLUN-0409,Poireau,Alliaceae,Allium porrum,Plein champ,,11,11,14,27,33,7,,119,,,,,Plantation,false,oceanique,Nord-Ouest,source_documentee,true,INRAE — Pépinière-Mesclun v1.1 · DOI 10.57745/IQVM2I · cycle : FRAB Bretagne,https://entrepot.recherche.data.gouv.fr/dataset.xhtml?persistentId=doi:10.57745/IQVM2I,inrae-mesclun-v1.1-cycles-0409,1.1,Licence Ouverte / Open Licence Etalab 2.0,2026-07-29T00:00:00.000Z,[2026-07-29] Fenêtres importées sans réduction depuis Pépinière-Mesclun v1.1. Culture source : Poireau — Poireau botte.,
Poireau-automne,Poireau,Alliaceae,Allium porrum,Plein champ,31,35,,,43,,4,,84,2,20,30,,,,,,a_revoir,true,ITAB Guides Légumes Bio (T1+T2) ; semencemag.fr (SNHF) ; Semailles densités semis,,,,,2026-05-15T14:00:05.379Z,Plant repiqué en pépinière 6-8 semaines puis transplanté. Buttage régulier pour blanchir le fût.,"Adapté climat France \n Source: ITAB, Standard Climat France (Valable 2026)"
Poireau-printemps,Poireau,Alliaceae,Allium porrum,,8,12,,,20,,4,,84,2,20,30,,,,,,a_revoir,true,ITAB Guides Légumes Bio (T1+T2) ; semencemag.fr (SNHF) ; Semailles densités semis,,,,,2026-05-15T14:00:05.379Z,Plant repiqué en pépinière 6-8 semaines puis transplanté. Buttage régulier pour blanchir le fût.,"Adapté climat France \n Source: ITAB, Standard Climat France (Valable 2026)"
Poireau-printemps-precoce,Poireau,Alliaceae,Allium porrum,Plein champ,7,11,,,19,,4,,84,2,20,30,,,,,,a_revoir,true,ITAB Guides Légumes Bio (T1+T2) ; semencemag.fr (SNHF) ; Semailles densités semis,,,,,2026-05-15T14:00:05.379Z,Plant repiqué en pépinière 6-8 semaines puis transplanté. Buttage régulier pour blanchir le fût.,"Adapté climat France \n Source: ITAB, Standard Climat France (Valable 2026)"
Poireau-printemps-tardive,Poireau,Alliaceae,Allium porrum,Plein champ,12,16,,,24,,4,,84,2,20,30,,,,,,a_revoir,true,ITAB Guides Légumes Bio (T1+T2) ; semencemag.fr (SNHF) ; Semailles densités semis,,,,,2026-05-15T14:00:05.379Z,Plant repiqué en pépinière 6-8 semaines puis transplanté. Buttage régulier pour blanchir le fût.,"Adapté climat France \n Source: ITAB, Standard Climat France (Valable 2026)"
Pois-hiver,Pois,Fabaceae,Pisum sativum,Plein champ,42,,,,2,,4,,84,3,15,22,50,,,,,a_revoir,true,ITAB Guides Légumes Bio (T1+T2) ; semencemag.fr (SNHF) ; Semailles densités semis,,,,,2026-05-15T14:00:05.379Z,"Corrigé 2026-05-14 (audit Marc) : récolte était S2, aberrant. Pois d'hiver semés oct → récolte avril-mai (variétés 'Iris', 'Douce Provence').","Adapté climat France \n Source: ITAB, Standard Climat France (Valable 2026)"
Pois-printemps,Pois,Fabaceae,Pisum sativum,Plein champ,7,,,,19,,4,,84,3,15,22,50,,,,,a_revoir,true,ITAB Guides Légumes Bio (T1+T2) ; semencemag.fr (SNHF) ; Semailles densités semis,,,,,2026-05-15T14:00:05.379Z,"Semis direct dense, tuteurer les variétés grimpantes. Fixateur d'azote — bénéfique en rotation après légume-feuille.","Adapté climat France \n Source: ITAB, Standard Climat France (Valable 2026)"
Pois d'Angole — antilles,Pois d'Angole,Fabaceae,Cajanus cajan,,,26,,,2,,8,,200,,100,,,,,tropical_antilles,,a_revoir,true,,,,,,,,"Semis en hivernage (juillet) pour un développement végétatif sous les pluies ; floraison et gousses en carême (récolte de Noël/janvier, période traditionnelle). Légumineuse fixatrice, peu exigeante, idéale en bordure et "
Pois d'Angole — austral,Pois d'Angole,Fabaceae,Cajanus cajan,,,48,,,24,,10,,180,,100,,,,,tropical_austral,,a_revoir,true,,,,,,,,Semis en été austral (novembre-décembre). Floraison en jours courts : récolte des pois frais en hiver austral (juin-août). Légumineuse qui enrichit le sol et sert de haie/brise-vent. Rabattre après récolte pour relancer
Pois d'Angole — equatorial,Pois d'Angole,Fabaceae,Cajanus cajan,,,48,,,30,,12,,230,,100,,,,,equatorial,,a_revoir,true,,,,,,,,"Semis au retour des pluies (décembre) ; floraison puis récolte des gousses vertes vers juillet-août, la maturation des graines profitant du temps plus sec. Rustique, tolère la sécheresse et les sols pauvres ; peut être r"
INRAE-MESCLUN-0410,Poivron,Solanaceae,Capsicum annuum,Sous abri,,18,18,20,26,42,17,,105,,,,,Plantation,false,oceanique,Nord-Ouest,source_documentee,true,INRAE — Pépinière-Mesclun v1.1 · DOI 10.57745/IQVM2I · cycle : FRAB Bretagne,https://entrepot.recherche.data.gouv.fr/dataset.xhtml?persistentId=doi:10.57745/IQVM2I,inrae-mesclun-v1.1-cycles-0410,1.1,Licence Ouverte / Open Licence Etalab 2.0,2026-07-29T00:00:00.000Z,[2026-07-29] Fenêtres importées sans réduction depuis Pépinière-Mesclun v1.1. Culture source : Poivron — Poivron.,
INRAE-MESCLUN-0411,Poivron,Solanaceae,Capsicum annuum,Sous abri,,14,14,16,24,40,17,,119,,,,,Plantation,true,oceanique,Nord-Ouest,source_documentee,true,INRAE — Pépinière-Mesclun v1.1 · DOI 10.57745/IQVM2I · cycle : FRAB Bretagne,https://entrepot.recherche.data.gouv.fr/dataset.xhtml?persistentId=doi:10.57745/IQVM2I,inrae-mesclun-v1.1-cycles-0411,1.1,Licence Ouverte / Open Licence Etalab 2.0,2026-07-29T00:00:00.000Z,[2026-07-29] Fenêtres importées sans réduction depuis Pépinière-Mesclun v1.1. Culture source : Poivron — Poivron.,Implantation : Plastique thermique
Poivron-printemps,Poivron,Solanaceae,Capsicum annuum,,6,10,,,18,,4,,84,1,57,85,,,,,,a_revoir,true,ITAB Guides Légumes Bio (T1+T2) ; semencemag.fr (SNHF) ; Semailles densités semis,,,,,2026-05-15T14:00:05.379Z,"Plant repiqué après gelées. Sol > 18 °C, exposition plein sud. Tuteur recommandé pour variétés à gros fruits.","Adapté climat France \n Source: ITAB, Standard Climat France (Valable 2026)"
Poivron-printemps-serre,Poivron,Solanaceae,Capsicum annuum,Sous abri,6,10,,,18,,4,28,84,1,57,85,,,,,,a_revoir,true,ITAB Guides Légumes Bio (T1+T2) ; semencemag.fr (SNHF) ; Semailles densités semis,,,,,2026-05-15T14:00:05.379Z,"Plant repiqué après gelées. Sol > 18 °C, exposition plein sud. Tuteur recommandé pour variétés à gros fruits.","Adapté climat France \n Source: ITAB, Standard Climat France (Valable 2026)"
Poivron-piment-printemps,Poivron piment,Solanaceae,,Plein champ,10,14,,,22,,4,,84,1,50,75,,,,,,a_revoir,true,ITAB Guides Légumes Bio (T1+T2) ; semencemag.fr (SNHF) ; Semailles densités semis,,,,,2026-05-15T14:00:05.379Z,"Plant repiqué après gelées. Sol > 18 °C, exposition plein sud. Tuteur recommandé pour variétés à gros fruits.","Adapté climat France \n Source: ITAB, Standard Climat France (Valable 2026)"
Poivron-piment-printemps-serre,Poivron piment,Solanaceae,,Sous abri,7,11,,,19,,4,28,84,1,50,75,,,,,,a_revoir,true,ITAB Guides Légumes Bio (T1+T2) ; semencemag.fr (SNHF) ; Semailles densités semis,,,,,2026-05-15T14:00:05.379Z,"Plant repiqué après gelées. Sol > 18 °C, exposition plein sud. Tuteur recommandé pour variétés à gros fruits.","Adapté climat France \n Source: ITAB, Standard Climat France (Valable 2026)"
INRAE-MESCLUN-0385,Pomme de terre,Solanaceae,Solanum tuberosum,Plein champ,,16,16,18,35,44,10,,161,,,,,Plantation,false,oceanique,Nord-Ouest,source_documentee,true,INRAE — Pépinière-Mesclun v1.1 · DOI 10.57745/IQVM2I · cycle : FRAB Bretagne,https://entrepot.recherche.data.gouv.fr/dataset.xhtml?persistentId=doi:10.57745/IQVM2I,inrae-mesclun-v1.1-cycles-0385,1.1,Licence Ouverte / Open Licence Etalab 2.0,2026-07-29T00:00:00.000Z,[2026-07-29] Fenêtres importées sans réduction depuis Pépinière-Mesclun v1.1. Culture source : PDT conservation — Pomme de terre.,
INRAE-MESCLUN-0386,Pomme de terre,Solanaceae,Solanum tuberosum,Plein champ,,11,11,14,24,35,12,,119,,,,,Plantation,true,oceanique,Nord-Ouest,source_documentee,true,INRAE — Pépinière-Mesclun v1.1 · DOI 10.57745/IQVM2I · cycle : FRAB Bretagne,https://entrepot.recherche.data.gouv.fr/dataset.xhtml?persistentId=doi:10.57745/IQVM2I,inrae-mesclun-v1.1-cycles-0386,1.1,Licence Ouverte / Open Licence Etalab 2.0,2026-07-29T00:00:00.000Z,[2026-07-29] Fenêtres importées sans réduction depuis Pépinière-Mesclun v1.1. Culture source : PDT conservation — Pomme de terre.,
INRAE-MESCLUN-0387,Pomme de terre,Solanaceae,Solanum tuberosum,Sous abri,,5,5,7,18,27,10,,119,,,,,Plantation,true,oceanique,Nord-Ouest,source_documentee,true,INRAE — Pépinière-Mesclun v1.1 · DOI 10.57745/IQVM2I · cycle : FRAB Bretagne,https://entrepot.recherche.data.gouv.fr/dataset.xhtml?persistentId=doi:10.57745/IQVM2I,inrae-mesclun-v1.1-cycles-0387,1.1,Licence Ouverte / Open Licence Etalab 2.0,2026-07-29T00:00:00.000Z,[2026-07-29] Fenêtres importées sans réduction depuis Pépinière-Mesclun v1.1. Culture source : PDT primeur — Pomme de terre.,
INRAE-MESCLUN-0388,Pomme de terre,Solanaceae,Solanum tuberosum,Sous abri,,48,48,50,14,18,5,,133,,,,,Plantation,true,oceanique,Nord-Ouest,source_documentee,true,INRAE — Pépinière-Mesclun v1.1 · DOI 10.57745/IQVM2I · cycle : FRAB Bretagne,https://entrepot.recherche.data.gouv.fr/dataset.xhtml?persistentId=doi:10.57745/IQVM2I,inrae-mesclun-v1.1-cycles-0388,1.1,Licence Ouverte / Open Licence Etalab 2.0,2026-07-29T00:00:00.000Z,[2026-07-29] Fenêtres importées sans réduction depuis Pépinière-Mesclun v1.1. Culture source : PDT primeur — Pomme de terre.,
Pomme-de-terre-ete,Pomme de terre,Solanaceae,Solanum tuberosum,Plein champ,16,20,,,28,,4,,84,1,44,66,150,,,,,a_revoir,true,ITAB Guides Légumes Bio (T1+T2) ; semencemag.fr (SNHF) ; Semailles densités semis,,,,,2026-05-15T14:00:05.379Z,"Plantation des tubercules à 10 cm de profondeur, en lignes espacées de 70 cm. Buttage à 30 cm de hauteur.","Adapté climat France \n Source: ITAB, Standard Climat France (Valable 2026)"
Pomme-de-terre-printemps-hative,Pomme de terre,Solanaceae,Solanum tuberosum,Plein champ,12,16,,,24,,4,,84,1,44,66,150,,,,,a_revoir,true,ITAB Guides Légumes Bio (T1+T2) ; semencemag.fr (SNHF) ; Semailles densités semis,,,,,2026-05-15T14:00:05.379Z,"Plantation des tubercules à 10 cm de profondeur, en lignes espacées de 70 cm. Buttage à 30 cm de hauteur.","Adapté climat France \n Source: ITAB, Standard Climat France (Valable 2026)"
Potimarron,Potimarron,Cucurbitaceae,Cucurbita maxima,,16,20,,,28,,4,,84,2,30,45,,,,,,a_revoir,true,ITAB Guides Légumes Bio (T1+T2) ; semencemag.fr (SNHF) ; Semailles densités semis,,,,,2026-05-15T14:00:05.379Z,"Semis sous abri 6-8 semaines avant plantation. Sol > 18 °C, paillage chaud (BRF, plastique noir). Sensible au mildiou.","Adapté climat France \n Source: ITAB, Standard Climat France (Valable 2026)"
Potiron,Potiron,Cucurbitaceae,Cucurbita pepo,Plein champ,16,20,,,28,,4,,84,1,141,211,,,,,,a_revoir,true,ITAB Guides Légumes Bio (T1+T2) ; semencemag.fr (SNHF) ; Semailles densités semis,,,,,2026-05-15T14:00:05.379Z,"Semis sous abri 6-8 semaines avant plantation. Sol > 18 °C, paillage chaud (BRF, plastique noir). Sensible au mildiou.","Adapté climat France \n Source: ITAB, Standard Climat France (Valable 2026)"
INRAE-MESCLUN-0412,Pourpier,Portulacaceae,Portulaca oleracea,Sous abri,,,10,11,17,23,7,,63,,,,,,false,oceanique,Nord-Ouest,source_documentee,true,"INRAE — Pépinière-Mesclun v1.1 · DOI 10.57745/IQVM2I · cycle : FRAB Bretagne (Fiche, jeunes pousse épinard considéré comme pourpier par expertise)",https://entrepot.recherche.data.gouv.fr/dataset.xhtml?persistentId=doi:10.57745/IQVM2I,inrae-mesclun-v1.1-cycles-0412,1.1,Licence Ouverte / Open Licence Etalab 2.0,2026-07-29T00:00:00.000Z,[2026-07-29] Fenêtres importées sans réduction depuis Pépinière-Mesclun v1.1. Culture source : Pourpier.,Récolte : Plusieurs récoltes sur le cycle:17-18;22-23
INRAE-MESCLUN-0413,Pourpier,Portulacaceae,Portulaca oleracea,Sous abri,,,12,13,18,23,6,,56,,,,,,false,oceanique,Nord-Ouest,source_documentee,true,"INRAE — Pépinière-Mesclun v1.1 · DOI 10.57745/IQVM2I · cycle : FRAB Bretagne (Fiche, jeunes pousse épinard considéré comme pourpier par expertise)",https://entrepot.recherche.data.gouv.fr/dataset.xhtml?persistentId=doi:10.57745/IQVM2I,inrae-mesclun-v1.1-cycles-0413,1.1,Licence Ouverte / Open Licence Etalab 2.0,2026-07-29T00:00:00.000Z,[2026-07-29] Fenêtres importées sans réduction depuis Pépinière-Mesclun v1.1. Culture source : Pourpier.,Récolte : Plusieurs récoltes sur le cycle:18-19;23-23
INRAE-MESCLUN-0414,Pourpier,Portulacaceae,Portulaca oleracea,Plein champ,,,14,15,20,26,7,,56,,,,,,false,oceanique,Nord-Ouest,source_documentee,true,"INRAE — Pépinière-Mesclun v1.1 · DOI 10.57745/IQVM2I · cycle : FRAB Bretagne (Fiche, jeunes pousse épinard considéré comme pourpier par expertise)",https://entrepot.recherche.data.gouv.fr/dataset.xhtml?persistentId=doi:10.57745/IQVM2I,inrae-mesclun-v1.1-cycles-0414,1.1,Licence Ouverte / Open Licence Etalab 2.0,2026-07-29T00:00:00.000Z,[2026-07-29] Fenêtres importées sans réduction depuis Pépinière-Mesclun v1.1. Culture source : Pourpier.,Récolte : Plusieurs récoltes sur le cycle:20-21;25-26
INRAE-MESCLUN-0415,Pourpier,Portulacaceae,Portulaca oleracea,Plein champ,,,16,16,22,26,5,,56,,,,,,false,oceanique,Nord-Ouest,source_documentee,true,"INRAE — Pépinière-Mesclun v1.1 · DOI 10.57745/IQVM2I · cycle : FRAB Bretagne (Fiche, jeunes pousse épinard considéré comme pourpier par expertise)",https://entrepot.recherche.data.gouv.fr/dataset.xhtml?persistentId=doi:10.57745/IQVM2I,inrae-mesclun-v1.1-cycles-0415,1.1,Licence Ouverte / Open Licence Etalab 2.0,2026-07-29T00:00:00.000Z,[2026-07-29] Fenêtres importées sans réduction depuis Pépinière-Mesclun v1.1. Culture source : Pourpier.,Récolte : Plusieurs récoltes sur le cycle:22-22;26-26
INRAE-MESCLUN-0416,Pourpier,Portulacaceae,Portulaca oleracea,Plein champ,,,17,17,23,23,1,,42,,,,,,false,oceanique,Nord-Ouest,source_documentee,true,"INRAE — Pépinière-Mesclun v1.1 · DOI 10.57745/IQVM2I · cycle : FRAB Bretagne (Fiche, jeunes pousse épinard considéré comme pourpier par expertise)",https://entrepot.recherche.data.gouv.fr/dataset.xhtml?persistentId=doi:10.57745/IQVM2I,inrae-mesclun-v1.1-cycles-0416,1.1,Licence Ouverte / Open Licence Etalab 2.0,2026-07-29T00:00:00.000Z,[2026-07-29] Fenêtres importées sans réduction depuis Pépinière-Mesclun v1.1. Culture source : Pourpier.,
INRAE-MESCLUN-0417,Pourpier,Portulacaceae,Portulaca oleracea,Plein champ,,,18,18,23,24,2,,42,,,,,,false,oceanique,Nord-Ouest,source_documentee,true,"INRAE — Pépinière-Mesclun v1.1 · DOI 10.57745/IQVM2I · cycle : FRAB Bretagne (Fiche, jeunes pousse épinard considéré comme pourpier par expertise)",https://entrepot.recherche.data.gouv.fr/dataset.xhtml?persistentId=doi:10.57745/IQVM2I,inrae-mesclun-v1.1-cycles-0417,1.1,Licence Ouverte / Open Licence Etalab 2.0,2026-07-29T00:00:00.000Z,[2026-07-29] Fenêtres importées sans réduction depuis Pépinière-Mesclun v1.1. Culture source : Pourpier.,
INRAE-MESCLUN-0418,Pourpier,Portulacaceae,Portulaca oleracea,Plein champ,,,19,19,24,25,2,,42,,,,,,false,oceanique,Nord-Ouest,source_documentee,true,"INRAE — Pépinière-Mesclun v1.1 · DOI 10.57745/IQVM2I · cycle : FRAB Bretagne (Fiche, jeunes pousse épinard considéré comme pourpier par expertise)",https://entrepot.recherche.data.gouv.fr/dataset.xhtml?persistentId=doi:10.57745/IQVM2I,inrae-mesclun-v1.1-cycles-0418,1.1,Licence Ouverte / Open Licence Etalab 2.0,2026-07-29T00:00:00.000Z,[2026-07-29] Fenêtres importées sans réduction depuis Pépinière-Mesclun v1.1. Culture source : Pourpier.,
INRAE-MESCLUN-0419,Pourpier,Portulacaceae,Portulaca oleracea,Plein champ,,,20,20,25,25,1,,35,,,,,,false,oceanique,Nord-Ouest,source_documentee,true,"INRAE — Pépinière-Mesclun v1.1 · DOI 10.57745/IQVM2I · cycle : FRAB Bretagne (Fiche, jeunes pousse épinard considéré comme pourpier par expertise)",https://entrepot.recherche.data.gouv.fr/dataset.xhtml?persistentId=doi:10.57745/IQVM2I,inrae-mesclun-v1.1-cycles-0419,1.1,Licence Ouverte / Open Licence Etalab 2.0,2026-07-29T00:00:00.000Z,[2026-07-29] Fenêtres importées sans réduction depuis Pépinière-Mesclun v1.1. Culture source : Pourpier.,
INRAE-MESCLUN-0420,Pourpier,Portulacaceae,Portulaca oleracea,Plein champ,,,21,21,26,26,1,,35,,,,,,false,oceanique,Nord-Ouest,source_documentee,true,"INRAE — Pépinière-Mesclun v1.1 · DOI 10.57745/IQVM2I · cycle : FRAB Bretagne (Fiche, jeunes pousse épinard considéré comme pourpier par expertise)",https://entrepot.recherche.data.gouv.fr/dataset.xhtml?persistentId=doi:10.57745/IQVM2I,inrae-mesclun-v1.1-cycles-0420,1.1,Licence Ouverte / Open Licence Etalab 2.0,2026-07-29T00:00:00.000Z,[2026-07-29] Fenêtres importées sans réduction depuis Pépinière-Mesclun v1.1. Culture source : Pourpier.,
INRAE-MESCLUN-0421,Pourpier,Portulacaceae,Portulaca oleracea,Plein champ,,,22,22,27,27,1,,35,,,,,,false,oceanique,Nord-Ouest,source_documentee,true,"INRAE — Pépinière-Mesclun v1.1 · DOI 10.57745/IQVM2I · cycle : FRAB Bretagne (Fiche, jeunes pousse épinard considéré comme pourpier par expertise)",https://entrepot.recherche.data.gouv.fr/dataset.xhtml?persistentId=doi:10.57745/IQVM2I,inrae-mesclun-v1.1-cycles-0421,1.1,Licence Ouverte / Open Licence Etalab 2.0,2026-07-29T00:00:00.000Z,[2026-07-29] Fenêtres importées sans réduction depuis Pépinière-Mesclun v1.1. Culture source : Pourpier.,
INRAE-MESCLUN-0422,Pourpier,Portulacaceae,Portulaca oleracea,Plein champ,,,23,23,28,28,1,,35,,,,,,false,oceanique,Nord-Ouest,source_documentee,true,"INRAE — Pépinière-Mesclun v1.1 · DOI 10.57745/IQVM2I · cycle : FRAB Bretagne (Fiche, jeunes pousse épinard considéré comme pourpier par expertise)",https://entrepot.recherche.data.gouv.fr/dataset.xhtml?persistentId=doi:10.57745/IQVM2I,inrae-mesclun-v1.1-cycles-0422,1.1,Licence Ouverte / Open Licence Etalab 2.0,2026-07-29T00:00:00.000Z,[2026-07-29] Fenêtres importées sans réduction depuis Pépinière-Mesclun v1.1. Culture source : Pourpier.,
INRAE-MESCLUN-0423,Pourpier,Portulacaceae,Portulaca oleracea,Plein champ,,,24,24,28,29,2,,35,,,,,,false,oceanique,Nord-Ouest,source_documentee,true,"INRAE — Pépinière-Mesclun v1.1 · DOI 10.57745/IQVM2I · cycle : FRAB Bretagne (Fiche, jeunes pousse épinard considéré comme pourpier par expertise)",https://entrepot.recherche.data.gouv.fr/dataset.xhtml?persistentId=doi:10.57745/IQVM2I,inrae-mesclun-v1.1-cycles-0423,1.1,Licence Ouverte / Open Licence Etalab 2.0,2026-07-29T00:00:00.000Z,[2026-07-29] Fenêtres importées sans réduction depuis Pépinière-Mesclun v1.1. Culture source : Pourpier.,
INRAE-MESCLUN-0424,Pourpier,Portulacaceae,Portulaca oleracea,Plein champ,,,25,25,29,30,2,,35,,,,,,false,oceanique,Nord-Ouest,source_documentee,true,"INRAE — Pépinière-Mesclun v1.1 · DOI 10.57745/IQVM2I · cycle : FRAB Bretagne (Fiche, jeunes pousse épinard considéré comme pourpier par expertise)",https://entrepot.recherche.data.gouv.fr/dataset.xhtml?persistentId=doi:10.57745/IQVM2I,inrae-mesclun-v1.1-cycles-0424,1.1,Licence Ouverte / Open Licence Etalab 2.0,2026-07-29T00:00:00.000Z,[2026-07-29] Fenêtres importées sans réduction depuis Pépinière-Mesclun v1.1. Culture source : Pourpier.,
INRAE-MESCLUN-0425,Pourpier,Portulacaceae,Portulaca oleracea,Plein champ,,,26,26,30,31,2,,35,,,,,,false,oceanique,Nord-Ouest,source_documentee,true,"INRAE — Pépinière-Mesclun v1.1 · DOI 10.57745/IQVM2I · cycle : FRAB Bretagne (Fiche, jeunes pousse épinard considéré comme pourpier par expertise)",https://entrepot.recherche.data.gouv.fr/dataset.xhtml?persistentId=doi:10.57745/IQVM2I,inrae-mesclun-v1.1-cycles-0425,1.1,Licence Ouverte / Open Licence Etalab 2.0,2026-07-29T00:00:00.000Z,[2026-07-29] Fenêtres importées sans réduction depuis Pépinière-Mesclun v1.1. Culture source : Pourpier.,
INRAE-MESCLUN-0426,Pourpier,Portulacaceae,Portulaca oleracea,Plein champ,,,27,27,31,31,1,,28,,,,,,false,oceanique,Nord-Ouest,source_documentee,true,"INRAE — Pépinière-Mesclun v1.1 · DOI 10.57745/IQVM2I · cycle : FRAB Bretagne (Fiche, jeunes pousse épinard considéré comme pourpier par expertise)",https://entrepot.recherche.data.gouv.fr/dataset.xhtml?persistentId=doi:10.57745/IQVM2I,inrae-mesclun-v1.1-cycles-0426,1.1,Licence Ouverte / Open Licence Etalab 2.0,2026-07-29T00:00:00.000Z,[2026-07-29] Fenêtres importées sans réduction depuis Pépinière-Mesclun v1.1. Culture source : Pourpier.,
INRAE-MESCLUN-0427,Pourpier,Portulacaceae,Portulaca oleracea,Plein champ,,,28,28,32,32,1,,28,,,,,,false,oceanique,Nord-Ouest,source_documentee,true,"INRAE — Pépinière-Mesclun v1.1 · DOI 10.57745/IQVM2I · cycle : FRAB Bretagne (Fiche, jeunes pousse épinard considéré comme pourpier par expertise)",https://entrepot.recherche.data.gouv.fr/dataset.xhtml?persistentId=doi:10.57745/IQVM2I,inrae-mesclun-v1.1-cycles-0427,1.1,Licence Ouverte / Open Licence Etalab 2.0,2026-07-29T00:00:00.000Z,[2026-07-29] Fenêtres importées sans réduction depuis Pépinière-Mesclun v1.1. Culture source : Pourpier.,
INRAE-MESCLUN-0428,Pourpier,Portulacaceae,Portulaca oleracea,Plein champ,,,29,29,33,37,5,,42,,,,,,false,oceanique,Nord-Ouest,source_documentee,true,"INRAE — Pépinière-Mesclun v1.1 · DOI 10.57745/IQVM2I · cycle : FRAB Bretagne (Fiche, jeunes pousse épinard considéré comme pourpier par expertise)",https://entrepot.recherche.data.gouv.fr/dataset.xhtml?persistentId=doi:10.57745/IQVM2I,inrae-mesclun-v1.1-cycles-0428,1.1,Licence Ouverte / Open Licence Etalab 2.0,2026-07-29T00:00:00.000Z,[2026-07-29] Fenêtres importées sans réduction depuis Pépinière-Mesclun v1.1. Culture source : Pourpier.,Récolte : Plusieurs récoltes sur le cycle:33-33;37-37
INRAE-MESCLUN-0429,Pourpier,Portulacaceae,Portulaca oleracea,Plein champ,,,30,30,34,38,5,,42,,,,,,false,oceanique,Nord-Ouest,source_documentee,true,"INRAE — Pépinière-Mesclun v1.1 · DOI 10.57745/IQVM2I · cycle : FRAB Bretagne (Fiche, jeunes pousse épinard considéré comme pourpier par expertise)",https://entrepot.recherche.data.gouv.fr/dataset.xhtml?persistentId=doi:10.57745/IQVM2I,inrae-mesclun-v1.1-cycles-0429,1.1,Licence Ouverte / Open Licence Etalab 2.0,2026-07-29T00:00:00.000Z,[2026-07-29] Fenêtres importées sans réduction depuis Pépinière-Mesclun v1.1. Culture source : Pourpier.,Récolte : Plusieurs récoltes sur le cycle:34-34;38-38
INRAE-MESCLUN-0430,Pourpier,Portulacaceae,Portulaca oleracea,Plein champ,,,31,31,35,39,5,,42,,,,,,false,oceanique,Nord-Ouest,source_documentee,true,"INRAE — Pépinière-Mesclun v1.1 · DOI 10.57745/IQVM2I · cycle : FRAB Bretagne (Fiche, jeunes pousse épinard considéré comme pourpier par expertise)",https://entrepot.recherche.data.gouv.fr/dataset.xhtml?persistentId=doi:10.57745/IQVM2I,inrae-mesclun-v1.1-cycles-0430,1.1,Licence Ouverte / Open Licence Etalab 2.0,2026-07-29T00:00:00.000Z,[2026-07-29] Fenêtres importées sans réduction depuis Pépinière-Mesclun v1.1. Culture source : Pourpier.,Récolte : Plusieurs récoltes sur le cycle:35-35;39-39
INRAE-MESCLUN-0431,Pourpier,Portulacaceae,Portulaca oleracea,Plein champ,,,32,32,36,41,6,,49,,,,,,false,oceanique,Nord-Ouest,source_documentee,true,"INRAE — Pépinière-Mesclun v1.1 · DOI 10.57745/IQVM2I · cycle : FRAB Bretagne (Fiche, jeunes pousse épinard considéré comme pourpier par expertise)",https://entrepot.recherche.data.gouv.fr/dataset.xhtml?persistentId=doi:10.57745/IQVM2I,inrae-mesclun-v1.1-cycles-0431,1.1,Licence Ouverte / Open Licence Etalab 2.0,2026-07-29T00:00:00.000Z,[2026-07-29] Fenêtres importées sans réduction depuis Pépinière-Mesclun v1.1. Culture source : Pourpier.,Récolte : Plusieurs récoltes sur le cycle:36-37;41-41
INRAE-MESCLUN-0432,Pourpier,Portulacaceae,Portulaca oleracea,Plein champ,,,33,33,37,42,6,,49,,,,,,false,oceanique,Nord-Ouest,source_documentee,true,"INRAE — Pépinière-Mesclun v1.1 · DOI 10.57745/IQVM2I · cycle : FRAB Bretagne (Fiche, jeunes pousse épinard considéré comme pourpier par expertise)",https://entrepot.recherche.data.gouv.fr/dataset.xhtml?persistentId=doi:10.57745/IQVM2I,inrae-mesclun-v1.1-cycles-0432,1.1,Licence Ouverte / Open Licence Etalab 2.0,2026-07-29T00:00:00.000Z,[2026-07-29] Fenêtres importées sans réduction depuis Pépinière-Mesclun v1.1. Culture source : Pourpier.,Récolte : Plusieurs récoltes sur le cycle:37-38;42-42
INRAE-MESCLUN-0433,Pourpier,Portulacaceae,Portulaca oleracea,Plein champ,,,34,34,39,45,7,,56,,,,,,false,oceanique,Nord-Ouest,source_documentee,true,"INRAE — Pépinière-Mesclun v1.1 · DOI 10.57745/IQVM2I · cycle : FRAB Bretagne (Fiche, jeunes pousse épinard considéré comme pourpier par expertise)",https://entrepot.recherche.data.gouv.fr/dataset.xhtml?persistentId=doi:10.57745/IQVM2I,inrae-mesclun-v1.1-cycles-0433,1.1,Licence Ouverte / Open Licence Etalab 2.0,2026-07-29T00:00:00.000Z,[2026-07-29] Fenêtres importées sans réduction depuis Pépinière-Mesclun v1.1. Culture source : Pourpier.,Récolte : Plusieurs récoltes sur le cycle:39-40;44-45
INRAE-MESCLUN-0434,Pourpier,Portulacaceae,Portulaca oleracea,Plein champ,,,35,35,40,46,7,,56,,,,,,false,oceanique,Nord-Ouest,source_documentee,true,"INRAE — Pépinière-Mesclun v1.1 · DOI 10.57745/IQVM2I · cycle : FRAB Bretagne (Fiche, jeunes pousse épinard considéré comme pourpier par expertise)",https://entrepot.recherche.data.gouv.fr/dataset.xhtml?persistentId=doi:10.57745/IQVM2I,inrae-mesclun-v1.1-cycles-0434,1.1,Licence Ouverte / Open Licence Etalab 2.0,2026-07-29T00:00:00.000Z,[2026-07-29] Fenêtres importées sans réduction depuis Pépinière-Mesclun v1.1. Culture source : Pourpier.,Récolte : Plusieurs récoltes sur le cycle:40-41;46-46
INRAE-MESCLUN-0435,Pourpier,Portulacaceae,Portulaca oleracea,Plein champ,,,36,36,41,42,2,,42,,,,,,false,oceanique,Nord-Ouest,source_documentee,true,"INRAE — Pépinière-Mesclun v1.1 · DOI 10.57745/IQVM2I · cycle : FRAB Bretagne (Fiche, jeunes pousse épinard considéré comme pourpier par expertise)",https://entrepot.recherche.data.gouv.fr/dataset.xhtml?persistentId=doi:10.57745/IQVM2I,inrae-mesclun-v1.1-cycles-0435,1.1,Licence Ouverte / Open Licence Etalab 2.0,2026-07-29T00:00:00.000Z,[2026-07-29] Fenêtres importées sans réduction depuis Pépinière-Mesclun v1.1. Culture source : Pourpier.,
INRAE-MESCLUN-0436,Pourpier,Portulacaceae,Portulaca oleracea,Sous abri,,,37,37,42,14,25,,119,,,,,,false,oceanique,Nord-Ouest,source_documentee,true,"INRAE — Pépinière-Mesclun v1.1 · DOI 10.57745/IQVM2I · cycle : FRAB Bretagne (Fiche, jeunes pousse épinard considéré comme pourpier par expertise)",https://entrepot.recherche.data.gouv.fr/dataset.xhtml?persistentId=doi:10.57745/IQVM2I,inrae-mesclun-v1.1-cycles-0436,1.1,Licence Ouverte / Open Licence Etalab 2.0,2026-07-29T00:00:00.000Z,[2026-07-29] Fenêtres importées sans réduction depuis Pépinière-Mesclun v1.1. Culture source : Pourpier.,Récolte : Plusieurs récoltes sur le cycle:42-44;48-50;6-7;12-14
INRAE-MESCLUN-0437,Pourpier,Portulacaceae,Portulaca oleracea,Sous abri,,,38,38,44,15,24,,126,,,,,,false,oceanique,Nord-Ouest,source_documentee,true,"INRAE — Pépinière-Mesclun v1.1 · DOI 10.57745/IQVM2I · cycle : FRAB Bretagne (Fiche, jeunes pousse épinard considéré comme pourpier par expertise)",https://entrepot.recherche.data.gouv.fr/dataset.xhtml?persistentId=doi:10.57745/IQVM2I,inrae-mesclun-v1.1-cycles-0437,1.1,Licence Ouverte / Open Licence Etalab 2.0,2026-07-29T00:00:00.000Z,[2026-07-29] Fenêtres importées sans réduction depuis Pépinière-Mesclun v1.1. Culture source : Pourpier.,Récolte : Plusieurs récoltes sur le cycle:44-45;51-52;7-8;13-15
INRAE-MESCLUN-0438,Pourpier,Portulacaceae,Portulaca oleracea,Sous abri,,,40,40,45,17,25,,119,,,,,,false,oceanique,Nord-Ouest,source_documentee,true,"INRAE — Pépinière-Mesclun v1.1 · DOI 10.57745/IQVM2I · cycle : FRAB Bretagne (Fiche, jeunes pousse épinard considéré comme pourpier par expertise)",https://entrepot.recherche.data.gouv.fr/dataset.xhtml?persistentId=doi:10.57745/IQVM2I,inrae-mesclun-v1.1-cycles-0438,1.1,Licence Ouverte / Open Licence Etalab 2.0,2026-07-29T00:00:00.000Z,[2026-07-29] Fenêtres importées sans réduction depuis Pépinière-Mesclun v1.1. Culture source : Pourpier.,Récolte : Plusieurs récoltes sur le cycle:45-46;1-2;9-10;15-17
INRAE-MESCLUN-0441,Radis,Brassicaceae,Raphanus sativus,Sous abri,2,,2,2,11,12,2,,70,,,,,Semis,true,oceanique,Nord-Ouest,source_documentee,true,INRAE — Pépinière-Mesclun v1.1 · DOI 10.57745/IQVM2I · cycle : FRAB Bretagne,https://entrepot.recherche.data.gouv.fr/dataset.xhtml?persistentId=doi:10.57745/IQVM2I,inrae-mesclun-v1.1-cycles-0441,1.1,Licence Ouverte / Open Licence Etalab 2.0,2026-07-29T00:00:00.000Z,[2026-07-29] Fenêtres importées sans réduction depuis Pépinière-Mesclun v1.1. Culture source : Radis frais — radis.,
INRAE-MESCLUN-0442,Radis,Brassicaceae,Raphanus sativus,Sous abri,4,,4,4,12,13,2,,63,,,,,Semis,true,oceanique,Nord-Ouest,source_documentee,true,INRAE — Pépinière-Mesclun v1.1 · DOI 10.57745/IQVM2I · cycle : FRAB Bretagne,https://entrepot.recherche.data.gouv.fr/dataset.xhtml?persistentId=doi:10.57745/IQVM2I,inrae-mesclun-v1.1-cycles-0442,1.1,Licence Ouverte / Open Licence Etalab 2.0,2026-07-29T00:00:00.000Z,[2026-07-29] Fenêtres importées sans réduction depuis Pépinière-Mesclun v1.1. Culture source : Radis frais — radis.,
INRAE-MESCLUN-0443,Radis,Brassicaceae,Raphanus sativus,Sous abri,6,,6,6,13,14,2,,56,,,,,Semis,true,oceanique,Nord-Ouest,source_documentee,true,INRAE — Pépinière-Mesclun v1.1 · DOI 10.57745/IQVM2I · cycle : FRAB Bretagne,https://entrepot.recherche.data.gouv.fr/dataset.xhtml?persistentId=doi:10.57745/IQVM2I,inrae-mesclun-v1.1-cycles-0443,1.1,Licence Ouverte / Open Licence Etalab 2.0,2026-07-29T00:00:00.000Z,[2026-07-29] Fenêtres importées sans réduction depuis Pépinière-Mesclun v1.1. Culture source : Radis frais — radis.,
INRAE-MESCLUN-0444,Radis,Brassicaceae,Raphanus sativus,Sous abri,8,,8,8,14,14,1,,42,,,,,Semis,true,oceanique,Nord-Ouest,source_documentee,true,INRAE — Pépinière-Mesclun v1.1 · DOI 10.57745/IQVM2I · cycle : FRAB Bretagne,https://entrepot.recherche.data.gouv.fr/dataset.xhtml?persistentId=doi:10.57745/IQVM2I,inrae-mesclun-v1.1-cycles-0444,1.1,Licence Ouverte / Open Licence Etalab 2.0,2026-07-29T00:00:00.000Z,[2026-07-29] Fenêtres importées sans réduction depuis Pépinière-Mesclun v1.1. Culture source : Radis frais — radis.,
INRAE-MESCLUN-0445,Radis,Brassicaceae,Raphanus sativus,Sous abri,9,,9,9,15,15,1,,42,,,,,Semis,true,oceanique,Nord-Ouest,source_documentee,true,INRAE — Pépinière-Mesclun v1.1 · DOI 10.57745/IQVM2I · cycle : FRAB Bretagne,https://entrepot.recherche.data.gouv.fr/dataset.xhtml?persistentId=doi:10.57745/IQVM2I,inrae-mesclun-v1.1-cycles-0445,1.1,Licence Ouverte / Open Licence Etalab 2.0,2026-07-29T00:00:00.000Z,[2026-07-29] Fenêtres importées sans réduction depuis Pépinière-Mesclun v1.1. Culture source : Radis frais — radis.,
INRAE-MESCLUN-0446,Radis,Brassicaceae,Raphanus sativus,Sous abri,10,,10,10,16,16,1,,42,,,,,Semis,true,oceanique,Nord-Ouest,source_documentee,true,INRAE — Pépinière-Mesclun v1.1 · DOI 10.57745/IQVM2I · cycle : FRAB Bretagne,https://entrepot.recherche.data.gouv.fr/dataset.xhtml?persistentId=doi:10.57745/IQVM2I,inrae-mesclun-v1.1-cycles-0446,1.1,Licence Ouverte / Open Licence Etalab 2.0,2026-07-29T00:00:00.000Z,[2026-07-29] Fenêtres importées sans réduction depuis Pépinière-Mesclun v1.1. Culture source : Radis frais — radis.,
INRAE-MESCLUN-0447,Radis,Brassicaceae,Raphanus sativus,Sous abri,39,,39,39,44,45,2,,42,,,,,Semis,true,oceanique,Nord-Ouest,source_documentee,true,INRAE — Pépinière-Mesclun v1.1 · DOI 10.57745/IQVM2I · cycle : FRAB Bretagne,https://entrepot.recherche.data.gouv.fr/dataset.xhtml?persistentId=doi:10.57745/IQVM2I,inrae-mesclun-v1.1-cycles-0447,1.1,Licence Ouverte / Open Licence Etalab 2.0,2026-07-29T00:00:00.000Z,[2026-07-29] Fenêtres importées sans réduction depuis Pépinière-Mesclun v1.1. Culture source : Radis frais — radis.,
INRAE-MESCLUN-0448,Radis,Brassicaceae,Raphanus sativus,Sous abri,40,,40,40,45,46,2,,42,,,,,Semis,true,oceanique,Nord-Ouest,source_documentee,true,INRAE — Pépinière-Mesclun v1.1 · DOI 10.57745/IQVM2I · cycle : FRAB Bretagne,https://entrepot.recherche.data.gouv.fr/dataset.xhtml?persistentId=doi:10.57745/IQVM2I,inrae-mesclun-v1.1-cycles-0448,1.1,Licence Ouverte / Open Licence Etalab 2.0,2026-07-29T00:00:00.000Z,[2026-07-29] Fenêtres importées sans réduction depuis Pépinière-Mesclun v1.1. Culture source : Radis frais — radis.,
INRAE-MESCLUN-0449,Radis,Brassicaceae,Raphanus sativus,Sous abri,41,,41,41,47,48,2,,49,,,,,Semis,true,oceanique,Nord-Ouest,source_documentee,true,INRAE — Pépinière-Mesclun v1.1 · DOI 10.57745/IQVM2I · cycle : FRAB Bretagne,https://entrepot.recherche.data.gouv.fr/dataset.xhtml?persistentId=doi:10.57745/IQVM2I,inrae-mesclun-v1.1-cycles-0449,1.1,Licence Ouverte / Open Licence Etalab 2.0,2026-07-29T00:00:00.000Z,[2026-07-29] Fenêtres importées sans réduction depuis Pépinière-Mesclun v1.1. Culture source : Radis frais — radis.,
INRAE-MESCLUN-0450,Radis,Brassicaceae,Raphanus sativus,Sous abri,42,,42,42,48,49,2,,49,,,,,Semis,true,oceanique,Nord-Ouest,source_documentee,true,INRAE — Pépinière-Mesclun v1.1 · DOI 10.57745/IQVM2I · cycle : FRAB Bretagne,https://entrepot.recherche.data.gouv.fr/dataset.xhtml?persistentId=doi:10.57745/IQVM2I,inrae-mesclun-v1.1-cycles-0450,1.1,Licence Ouverte / Open Licence Etalab 2.0,2026-07-29T00:00:00.000Z,[2026-07-29] Fenêtres importées sans réduction depuis Pépinière-Mesclun v1.1. Culture source : Radis frais — radis.,
INRAE-MESCLUN-0451,Radis,Brassicaceae,Raphanus sativus,Sous abri,48,,48,48,8,9,2,,91,,,,,Semis,true,oceanique,Nord-Ouest,source_documentee,true,INRAE — Pépinière-Mesclun v1.1 · DOI 10.57745/IQVM2I · cycle : FRAB Bretagne,https://entrepot.recherche.data.gouv.fr/dataset.xhtml?persistentId=doi:10.57745/IQVM2I,inrae-mesclun-v1.1-cycles-0451,1.1,Licence Ouverte / Open Licence Etalab 2.0,2026-07-29T00:00:00.000Z,[2026-07-29] Fenêtres importées sans réduction depuis Pépinière-Mesclun v1.1. Culture source : Radis frais — radis.,
INRAE-MESCLUN-0452,Radis,Brassicaceae,Raphanus sativus,Sous abri,50,,50,50,9,10,2,,84,,,,,Semis,true,oceanique,Nord-Ouest,source_documentee,true,INRAE — Pépinière-Mesclun v1.1 · DOI 10.57745/IQVM2I · cycle : FRAB Bretagne,https://entrepot.recherche.data.gouv.fr/dataset.xhtml?persistentId=doi:10.57745/IQVM2I,inrae-mesclun-v1.1-cycles-0452,1.1,Licence Ouverte / Open Licence Etalab 2.0,2026-07-29T00:00:00.000Z,[2026-07-29] Fenêtres importées sans réduction depuis Pépinière-Mesclun v1.1. Culture source : Radis frais — radis.,
INRAE-MESCLUN-0453,Radis,Brassicaceae,Raphanus sativus,Sous abri,52,,52,52,10,11,2,,77,,,,,Semis,true,oceanique,Nord-Ouest,source_documentee,true,INRAE — Pépinière-Mesclun v1.1 · DOI 10.57745/IQVM2I · cycle : FRAB Bretagne,https://entrepot.recherche.data.gouv.fr/dataset.xhtml?persistentId=doi:10.57745/IQVM2I,inrae-mesclun-v1.1-cycles-0453,1.1,Licence Ouverte / Open Licence Etalab 2.0,2026-07-29T00:00:00.000Z,[2026-07-29] Fenêtres importées sans réduction depuis Pépinière-Mesclun v1.1. Culture source : Radis frais — radis.,
INRAE-MESCLUN-0454,Radis,Brassicaceae,Raphanus sativus,Plein champ,14,,14,14,19,19,1,,35,,,,,Semis,false,oceanique,Nord-Ouest,source_documentee,true,INRAE — Pépinière-Mesclun v1.1 · DOI 10.57745/IQVM2I · cycle : FRAB Bretagne,https://entrepot.recherche.data.gouv.fr/dataset.xhtml?persistentId=doi:10.57745/IQVM2I,inrae-mesclun-v1.1-cycles-0454,1.1,Licence Ouverte / Open Licence Etalab 2.0,2026-07-29T00:00:00.000Z,[2026-07-29] Fenêtres importées sans réduction depuis Pépinière-Mesclun v1.1. Culture source : Radis frais — radis.,
INRAE-MESCLUN-0455,Radis,Brassicaceae,Raphanus sativus,Plein champ,15,,15,15,20,20,1,,35,,,,,Semis,false,oceanique,Nord-Ouest,source_documentee,true,INRAE — Pépinière-Mesclun v1.1 · DOI 10.57745/IQVM2I · cycle : FRAB Bretagne,https://entrepot.recherche.data.gouv.fr/dataset.xhtml?persistentId=doi:10.57745/IQVM2I,inrae-mesclun-v1.1-cycles-0455,1.1,Licence Ouverte / Open Licence Etalab 2.0,2026-07-29T00:00:00.000Z,[2026-07-29] Fenêtres importées sans réduction depuis Pépinière-Mesclun v1.1. Culture source : Radis frais — radis.,
INRAE-MESCLUN-0456,Radis,Brassicaceae,Raphanus sativus,Plein champ,16,,16,16,21,21,1,,35,,,,,Semis,false,oceanique,Nord-Ouest,source_documentee,true,INRAE — Pépinière-Mesclun v1.1 · DOI 10.57745/IQVM2I · cycle : FRAB Bretagne,https://entrepot.recherche.data.gouv.fr/dataset.xhtml?persistentId=doi:10.57745/IQVM2I,inrae-mesclun-v1.1-cycles-0456,1.1,Licence Ouverte / Open Licence Etalab 2.0,2026-07-29T00:00:00.000Z,[2026-07-29] Fenêtres importées sans réduction depuis Pépinière-Mesclun v1.1. Culture source : Radis frais — radis.,
INRAE-MESCLUN-0457,Radis,Brassicaceae,Raphanus sativus,Plein champ,17,,17,17,22,22,1,,35,,,,,Semis,false,oceanique,Nord-Ouest,source_documentee,true,INRAE — Pépinière-Mesclun v1.1 · DOI 10.57745/IQVM2I · cycle : FRAB Bretagne,https://entrepot.recherche.data.gouv.fr/dataset.xhtml?persistentId=doi:10.57745/IQVM2I,inrae-mesclun-v1.1-cycles-0457,1.1,Licence Ouverte / Open Licence Etalab 2.0,2026-07-29T00:00:00.000Z,[2026-07-29] Fenêtres importées sans réduction depuis Pépinière-Mesclun v1.1. Culture source : Radis frais — radis.,
INRAE-MESCLUN-0458,Radis,Brassicaceae,Raphanus sativus,Plein champ,18,,18,18,23,23,1,,35,,,,,Semis,false,oceanique,Nord-Ouest,source_documentee,true,INRAE — Pépinière-Mesclun v1.1 · DOI 10.57745/IQVM2I · cycle : FRAB Bretagne,https://entrepot.recherche.data.gouv.fr/dataset.xhtml?persistentId=doi:10.57745/IQVM2I,inrae-mesclun-v1.1-cycles-0458,1.1,Licence Ouverte / Open Licence Etalab 2.0,2026-07-29T00:00:00.000Z,[2026-07-29] Fenêtres importées sans réduction depuis Pépinière-Mesclun v1.1. Culture source : Radis frais — radis.,
INRAE-MESCLUN-0459,Radis,Brassicaceae,Raphanus sativus,Plein champ,19,,19,19,24,24,1,,35,,,,,Semis,false,oceanique,Nord-Ouest,source_documentee,true,INRAE — Pépinière-Mesclun v1.1 · DOI 10.57745/IQVM2I · cycle : FRAB Bretagne,https://entrepot.recherche.data.gouv.fr/dataset.xhtml?persistentId=doi:10.57745/IQVM2I,inrae-mesclun-v1.1-cycles-0459,1.1,Licence Ouverte / Open Licence Etalab 2.0,2026-07-29T00:00:00.000Z,[2026-07-29] Fenêtres importées sans réduction depuis Pépinière-Mesclun v1.1. Culture source : Radis frais — radis.,
INRAE-MESCLUN-0460,Radis,Brassicaceae,Raphanus sativus,Plein champ,20,,20,20,24,24,1,,28,,,,,Semis,false,oceanique,Nord-Ouest,source_documentee,true,INRAE — Pépinière-Mesclun v1.1 · DOI 10.57745/IQVM2I · cycle : FRAB Bretagne,https://entrepot.recherche.data.gouv.fr/dataset.xhtml?persistentId=doi:10.57745/IQVM2I,inrae-mesclun-v1.1-cycles-0460,1.1,Licence Ouverte / Open Licence Etalab 2.0,2026-07-29T00:00:00.000Z,[2026-07-29] Fenêtres importées sans réduction depuis Pépinière-Mesclun v1.1. Culture source : Radis frais — radis.,
INRAE-MESCLUN-0461,Radis,Brassicaceae,Raphanus sativus,Plein champ,21,,21,21,25,25,1,,28,,,,,Semis,false,oceanique,Nord-Ouest,source_documentee,true,INRAE — Pépinière-Mesclun v1.1 · DOI 10.57745/IQVM2I · cycle : FRAB Bretagne,https://entrepot.recherche.data.gouv.fr/dataset.xhtml?persistentId=doi:10.57745/IQVM2I,inrae-mesclun-v1.1-cycles-0461,1.1,Licence Ouverte / Open Licence Etalab 2.0,2026-07-29T00:00:00.000Z,[2026-07-29] Fenêtres importées sans réduction depuis Pépinière-Mesclun v1.1. Culture source : Radis frais — radis.,
INRAE-MESCLUN-0462,Radis,Brassicaceae,Raphanus sativus,Plein champ,22,,22,22,26,26,1,,28,,,,,Semis,false,oceanique,Nord-Ouest,source_documentee,true,INRAE — Pépinière-Mesclun v1.1 · DOI 10.57745/IQVM2I · cycle : FRAB Bretagne,https://entrepot.recherche.data.gouv.fr/dataset.xhtml?persistentId=doi:10.57745/IQVM2I,inrae-mesclun-v1.1-cycles-0462,1.1,Licence Ouverte / Open Licence Etalab 2.0,2026-07-29T00:00:00.000Z,[2026-07-29] Fenêtres importées sans réduction depuis Pépinière-Mesclun v1.1. Culture source : Radis frais — radis.,
INRAE-MESCLUN-0463,Radis,Brassicaceae,Raphanus sativus,Plein champ,23,,23,23,27,27,1,,28,,,,,Semis,false,oceanique,Nord-Ouest,source_documentee,true,INRAE — Pépinière-Mesclun v1.1 · DOI 10.57745/IQVM2I · cycle : FRAB Bretagne,https://entrepot.recherche.data.gouv.fr/dataset.xhtml?persistentId=doi:10.57745/IQVM2I,inrae-mesclun-v1.1-cycles-0463,1.1,Licence Ouverte / Open Licence Etalab 2.0,2026-07-29T00:00:00.000Z,[2026-07-29] Fenêtres importées sans réduction depuis Pépinière-Mesclun v1.1. Culture source : Radis frais — radis.,
INRAE-MESCLUN-0464,Radis,Brassicaceae,Raphanus sativus,Plein champ,24,,24,24,28,28,1,,28,,,,,Semis,false,oceanique,Nord-Ouest,source_documentee,true,INRAE — Pépinière-Mesclun v1.1 · DOI 10.57745/IQVM2I · cycle : FRAB Bretagne,https://entrepot.recherche.data.gouv.fr/dataset.xhtml?persistentId=doi:10.57745/IQVM2I,inrae-mesclun-v1.1-cycles-0464,1.1,Licence Ouverte / Open Licence Etalab 2.0,2026-07-29T00:00:00.000Z,[2026-07-29] Fenêtres importées sans réduction depuis Pépinière-Mesclun v1.1. Culture source : Radis frais — radis.,
INRAE-MESCLUN-0465,Radis,Brassicaceae,Raphanus sativus,Plein champ,25,,25,25,29,29,1,,28,,,,,Semis,false,oceanique,Nord-Ouest,source_documentee,true,INRAE — Pépinière-Mesclun v1.1 · DOI 10.57745/IQVM2I · cycle : FRAB Bretagne,https://entrepot.recherche.data.gouv.fr/dataset.xhtml?persistentId=doi:10.57745/IQVM2I,inrae-mesclun-v1.1-cycles-0465,1.1,Licence Ouverte / Open Licence Etalab 2.0,2026-07-29T00:00:00.000Z,[2026-07-29] Fenêtres importées sans réduction depuis Pépinière-Mesclun v1.1. Culture source : Radis frais — radis.,
INRAE-MESCLUN-0466,Radis,Brassicaceae,Raphanus sativus,Plein champ,26,,26,26,30,30,1,,28,,,,,Semis,false,oceanique,Nord-Ouest,source_documentee,true,INRAE — Pépinière-Mesclun v1.1 · DOI 10.57745/IQVM2I · cycle : FRAB Bretagne,https://entrepot.recherche.data.gouv.fr/dataset.xhtml?persistentId=doi:10.57745/IQVM2I,inrae-mesclun-v1.1-cycles-0466,1.1,Licence Ouverte / Open Licence Etalab 2.0,2026-07-29T00:00:00.000Z,[2026-07-29] Fenêtres importées sans réduction depuis Pépinière-Mesclun v1.1. Culture source : Radis frais — radis.,
INRAE-MESCLUN-0467,Radis,Brassicaceae,Raphanus sativus,Plein champ,27,,27,27,31,31,1,,28,,,,,Semis,false,oceanique,Nord-Ouest,source_documentee,true,INRAE — Pépinière-Mesclun v1.1 · DOI 10.57745/IQVM2I · cycle : FRAB Bretagne,https://entrepot.recherche.data.gouv.fr/dataset.xhtml?persistentId=doi:10.57745/IQVM2I,inrae-mesclun-v1.1-cycles-0467,1.1,Licence Ouverte / Open Licence Etalab 2.0,2026-07-29T00:00:00.000Z,[2026-07-29] Fenêtres importées sans réduction depuis Pépinière-Mesclun v1.1. Culture source : Radis frais — radis.,
INRAE-MESCLUN-0468,Radis,Brassicaceae,Raphanus sativus,Plein champ,28,,28,28,32,32,1,,28,,,,,Semis,false,oceanique,Nord-Ouest,source_documentee,true,INRAE — Pépinière-Mesclun v1.1 · DOI 10.57745/IQVM2I · cycle : FRAB Bretagne,https://entrepot.recherche.data.gouv.fr/dataset.xhtml?persistentId=doi:10.57745/IQVM2I,inrae-mesclun-v1.1-cycles-0468,1.1,Licence Ouverte / Open Licence Etalab 2.0,2026-07-29T00:00:00.000Z,[2026-07-29] Fenêtres importées sans réduction depuis Pépinière-Mesclun v1.1. Culture source : Radis frais — radis.,
INRAE-MESCLUN-0469,Radis,Brassicaceae,Raphanus sativus,Plein champ,29,,29,29,33,33,1,,28,,,,,Semis,false,oceanique,Nord-Ouest,source_documentee,true,INRAE — Pépinière-Mesclun v1.1 · DOI 10.57745/IQVM2I · cycle : FRAB Bretagne,https://entrepot.recherche.data.gouv.fr/dataset.xhtml?persistentId=doi:10.57745/IQVM2I,inrae-mesclun-v1.1-cycles-0469,1.1,Licence Ouverte / Open Licence Etalab 2.0,2026-07-29T00:00:00.000Z,[2026-07-29] Fenêtres importées sans réduction depuis Pépinière-Mesclun v1.1. Culture source : Radis frais — radis.,
INRAE-MESCLUN-0470,Radis,Brassicaceae,Raphanus sativus,Plein champ,30,,30,30,34,34,1,,28,,,,,Semis,false,oceanique,Nord-Ouest,source_documentee,true,INRAE — Pépinière-Mesclun v1.1 · DOI 10.57745/IQVM2I · cycle : FRAB Bretagne,https://entrepot.recherche.data.gouv.fr/dataset.xhtml?persistentId=doi:10.57745/IQVM2I,inrae-mesclun-v1.1-cycles-0470,1.1,Licence Ouverte / Open Licence Etalab 2.0,2026-07-29T00:00:00.000Z,[2026-07-29] Fenêtres importées sans réduction depuis Pépinière-Mesclun v1.1. Culture source : Radis frais — radis.,
INRAE-MESCLUN-0471,Radis,Brassicaceae,Raphanus sativus,Plein champ,31,,31,31,35,35,1,,28,,,,,Semis,false,oceanique,Nord-Ouest,source_documentee,true,INRAE — Pépinière-Mesclun v1.1 · DOI 10.57745/IQVM2I · cycle : FRAB Bretagne,https://entrepot.recherche.data.gouv.fr/dataset.xhtml?persistentId=doi:10.57745/IQVM2I,inrae-mesclun-v1.1-cycles-0471,1.1,Licence Ouverte / Open Licence Etalab 2.0,2026-07-29T00:00:00.000Z,[2026-07-29] Fenêtres importées sans réduction depuis Pépinière-Mesclun v1.1. Culture source : Radis frais — radis.,
INRAE-MESCLUN-0472,Radis,Brassicaceae,Raphanus sativus,Plein champ,32,,32,32,36,36,1,,28,,,,,Semis,false,oceanique,Nord-Ouest,source_documentee,true,INRAE — Pépinière-Mesclun v1.1 · DOI 10.57745/IQVM2I · cycle : FRAB Bretagne,https://entrepot.recherche.data.gouv.fr/dataset.xhtml?persistentId=doi:10.57745/IQVM2I,inrae-mesclun-v1.1-cycles-0472,1.1,Licence Ouverte / Open Licence Etalab 2.0,2026-07-29T00:00:00.000Z,[2026-07-29] Fenêtres importées sans réduction depuis Pépinière-Mesclun v1.1. Culture source : Radis frais — radis.,
INRAE-MESCLUN-0473,Radis,Brassicaceae,Raphanus sativus,Plein champ,33,,33,33,37,37,1,,28,,,,,Semis,false,oceanique,Nord-Ouest,source_documentee,true,INRAE — Pépinière-Mesclun v1.1 · DOI 10.57745/IQVM2I · cycle : FRAB Bretagne,https://entrepot.recherche.data.gouv.fr/dataset.xhtml?persistentId=doi:10.57745/IQVM2I,inrae-mesclun-v1.1-cycles-0473,1.1,Licence Ouverte / Open Licence Etalab 2.0,2026-07-29T00:00:00.000Z,[2026-07-29] Fenêtres importées sans réduction depuis Pépinière-Mesclun v1.1. Culture source : Radis frais — radis.,
INRAE-MESCLUN-0474,Radis,Brassicaceae,Raphanus sativus,Plein champ,34,,34,34,38,38,1,,28,,,,,Semis,false,oceanique,Nord-Ouest,source_documentee,true,INRAE — Pépinière-Mesclun v1.1 · DOI 10.57745/IQVM2I · cycle : FRAB Bretagne,https://entrepot.recherche.data.gouv.fr/dataset.xhtml?persistentId=doi:10.57745/IQVM2I,inrae-mesclun-v1.1-cycles-0474,1.1,Licence Ouverte / Open Licence Etalab 2.0,2026-07-29T00:00:00.000Z,[2026-07-29] Fenêtres importées sans réduction depuis Pépinière-Mesclun v1.1. Culture source : Radis frais — radis.,
INRAE-MESCLUN-0475,Radis,Brassicaceae,Raphanus sativus,Plein champ,35,,35,35,39,39,1,,28,,,,,Semis,false,oceanique,Nord-Ouest,source_documentee,true,INRAE — Pépinière-Mesclun v1.1 · DOI 10.57745/IQVM2I · cycle : FRAB Bretagne,https://entrepot.recherche.data.gouv.fr/dataset.xhtml?persistentId=doi:10.57745/IQVM2I,inrae-mesclun-v1.1-cycles-0475,1.1,Licence Ouverte / Open Licence Etalab 2.0,2026-07-29T00:00:00.000Z,[2026-07-29] Fenêtres importées sans réduction depuis Pépinière-Mesclun v1.1. Culture source : Radis frais — radis.,
INRAE-MESCLUN-0476,Radis,Brassicaceae,Raphanus sativus,Plein champ,36,,36,36,40,40,1,,28,,,,,Semis,false,oceanique,Nord-Ouest,source_documentee,true,INRAE — Pépinière-Mesclun v1.1 · DOI 10.57745/IQVM2I · cycle : FRAB Bretagne,https://entrepot.recherche.data.gouv.fr/dataset.xhtml?persistentId=doi:10.57745/IQVM2I,inrae-mesclun-v1.1-cycles-0476,1.1,Licence Ouverte / Open Licence Etalab 2.0,2026-07-29T00:00:00.000Z,[2026-07-29] Fenêtres importées sans réduction depuis Pépinière-Mesclun v1.1. Culture source : Radis frais — radis.,
INRAE-MESCLUN-0477,Radis,Brassicaceae,Raphanus sativus,Plein champ,37,,37,37,41,42,2,,35,,,,,Semis,false,oceanique,Nord-Ouest,source_documentee,true,INRAE — Pépinière-Mesclun v1.1 · DOI 10.57745/IQVM2I · cycle : FRAB Bretagne,https://entrepot.recherche.data.gouv.fr/dataset.xhtml?persistentId=doi:10.57745/IQVM2I,inrae-mesclun-v1.1-cycles-0477,1.1,Licence Ouverte / Open Licence Etalab 2.0,2026-07-29T00:00:00.000Z,[2026-07-29] Fenêtres importées sans réduction depuis Pépinière-Mesclun v1.1. Culture source : Radis frais — radis.,
INRAE-MESCLUN-0478,Radis,Brassicaceae,Raphanus sativus,Plein champ,38,,38,38,43,43,1,,35,,,,,Semis,false,oceanique,Nord-Ouest,source_documentee,true,INRAE — Pépinière-Mesclun v1.1 · DOI 10.57745/IQVM2I · cycle : FRAB Bretagne,https://entrepot.recherche.data.gouv.fr/dataset.xhtml?persistentId=doi:10.57745/IQVM2I,inrae-mesclun-v1.1-cycles-0478,1.1,Licence Ouverte / Open Licence Etalab 2.0,2026-07-29T00:00:00.000Z,[2026-07-29] Fenêtres importées sans réduction depuis Pépinière-Mesclun v1.1. Culture source : Radis frais — radis.,
INRAE-MESCLUN-0479,Radis,Brassicaceae,Raphanus sativus,Plein champ,10,,10,10,16,16,1,,42,,,,,Semis,true,oceanique,Nord-Ouest,source_documentee,true,INRAE — Pépinière-Mesclun v1.1 · DOI 10.57745/IQVM2I · cycle : FRAB Bretagne,https://entrepot.recherche.data.gouv.fr/dataset.xhtml?persistentId=doi:10.57745/IQVM2I,inrae-mesclun-v1.1-cycles-0479,1.1,Licence Ouverte / Open Licence Etalab 2.0,2026-07-29T00:00:00.000Z,[2026-07-29] Fenêtres importées sans réduction depuis Pépinière-Mesclun v1.1. Culture source : Radis frais — radis.,
INRAE-MESCLUN-0480,Radis,Brassicaceae,Raphanus sativus,Plein champ,11,,11,11,17,17,1,,42,,,,,Semis,true,oceanique,Nord-Ouest,source_documentee,true,INRAE — Pépinière-Mesclun v1.1 · DOI 10.57745/IQVM2I · cycle : FRAB Bretagne,https://entrepot.recherche.data.gouv.fr/dataset.xhtml?persistentId=doi:10.57745/IQVM2I,inrae-mesclun-v1.1-cycles-0480,1.1,Licence Ouverte / Open Licence Etalab 2.0,2026-07-29T00:00:00.000Z,[2026-07-29] Fenêtres importées sans réduction depuis Pépinière-Mesclun v1.1. Culture source : Radis frais — radis.,
INRAE-MESCLUN-0481,Radis,Brassicaceae,Raphanus sativus,Plein champ,12,,12,12,18,18,1,,42,,,,,Semis,true,oceanique,Nord-Ouest,source_documentee,true,INRAE — Pépinière-Mesclun v1.1 · DOI 10.57745/IQVM2I · cycle : FRAB Bretagne,https://entrepot.recherche.data.gouv.fr/dataset.xhtml?persistentId=doi:10.57745/IQVM2I,inrae-mesclun-v1.1-cycles-0481,1.1,Licence Ouverte / Open Licence Etalab 2.0,2026-07-29T00:00:00.000Z,[2026-07-29] Fenêtres importées sans réduction depuis Pépinière-Mesclun v1.1. Culture source : Radis frais — radis.,
INRAE-MESCLUN-0482,Radis,Brassicaceae,Raphanus sativus,Plein champ,13,,13,13,18,18,1,,35,,,,,Semis,true,oceanique,Nord-Ouest,source_documentee,true,INRAE — Pépinière-Mesclun v1.1 · DOI 10.57745/IQVM2I · cycle : FRAB Bretagne,https://entrepot.recherche.data.gouv.fr/dataset.xhtml?persistentId=doi:10.57745/IQVM2I,inrae-mesclun-v1.1-cycles-0482,1.1,Licence Ouverte / Open Licence Etalab 2.0,2026-07-29T00:00:00.000Z,[2026-07-29] Fenêtres importées sans réduction depuis Pépinière-Mesclun v1.1. Culture source : Radis frais — radis.,
Radis-automne,Radis,Brassicaceae,Raphanus sativus,Plein champ,32,,,,40,,4,,56,3,11,16,10,,,,,a_revoir,true,ITAB Guides Légumes Bio (T1+T2) ; semencemag.fr (SNHF) ; Semailles densités semis,,,,,2026-05-15T14:00:05.379Z,Semis échelonné toutes les 2 semaines pour étaler la récolte. Sol frais et drainé.,"Adapté climat France \n Source: ITAB, Standard Climat France (Valable 2026)"
Radis-ete,Radis,Brassicaceae,Raphanus sativus,Plein champ,18,,,,26,,4,,56,3,11,16,10,,,,,a_revoir,true,ITAB Guides Légumes Bio (T1+T2) ; semencemag.fr (SNHF) ; Semailles densités semis,,,,,2026-05-15T14:00:05.379Z,Semis échelonné toutes les 2 semaines pour étaler la récolte. Sol frais et drainé.,"Adapté climat France \n Source: ITAB, Standard Climat France (Valable 2026)"
Radis-printemps,Radis,Brassicaceae,Raphanus sativus,Plein champ,12,,,,20,,4,,56,3,11,16,10,,,,,a_revoir,true,ITAB Guides Légumes Bio (T1+T2) ; semencemag.fr (SNHF) ; Semailles densités semis,,,,,2026-05-15T14:00:05.379Z,Semis échelonné toutes les 2 semaines pour étaler la récolte. Sol frais et drainé.,"Adapté climat France \n Source: ITAB, Standard Climat France (Valable 2026)"
Radis-printemps-serre,Radis,Brassicaceae,Raphanus sativus,Sous abri,10,,,,18,,4,,56,3,11,16,10,,,,,a_revoir,true,ITAB Guides Légumes Bio (T1+T2) ; semencemag.fr (SNHF) ; Semailles densités semis,,,,,2026-05-15T14:00:05.379Z,Semis échelonné toutes les 2 semaines pour étaler la récolte. Sol frais et drainé.,"Adapté climat France \n Source: ITAB, Standard Climat France (Valable 2026)"
INRAE-MESCLUN-0439,Radis noir,Brassicaceae,,Plein champ,27,,27,29,37,46,10,,98,,,,,Semis,false,oceanique,Nord-Ouest,source_documentee,true,INRAE — Pépinière-Mesclun v1.1 · DOI 10.57745/IQVM2I · cycle : FRAB Bretagne,https://entrepot.recherche.data.gouv.fr/dataset.xhtml?persistentId=doi:10.57745/IQVM2I,inrae-mesclun-v1.1-cycles-0439,1.1,Licence Ouverte / Open Licence Etalab 2.0,2026-07-29T00:00:00.000Z,[2026-07-29] Fenêtres importées sans réduction depuis Pépinière-Mesclun v1.1. Culture source : Radis conservation — Radis noir.,
INRAE-MESCLUN-0440,Radis noir,Brassicaceae,,Plein champ,31,,31,33,42,9,20,,140,,,,,Semis,false,oceanique,Nord-Ouest,source_documentee,true,INRAE — Pépinière-Mesclun v1.1 · DOI 10.57745/IQVM2I · cycle : FRAB Bretagne,https://entrepot.recherche.data.gouv.fr/dataset.xhtml?persistentId=doi:10.57745/IQVM2I,inrae-mesclun-v1.1-cycles-0440,1.1,Licence Ouverte / Open Licence Etalab 2.0,2026-07-29T00:00:00.000Z,[2026-07-29] Fenêtres importées sans réduction depuis Pépinière-Mesclun v1.1. Culture source : Radis conservation — Radis noir.,
Radis-noir-automne,Radis noir,Brassicaceae,,Plein champ,31,,,,39,,4,,56,2,22,33,10,,,,,a_revoir,true,ITAB Guides Légumes Bio (T1+T2) ; semencemag.fr (SNHF) ; Semailles densités semis,,,,,2026-05-15T14:00:05.379Z,Semis échelonné toutes les 2 semaines pour étaler la récolte. Sol frais et drainé.,"Adapté climat France \n Source: ITAB, Standard Climat France (Valable 2026)"
Ramboutan — equatorial,Ramboutan,Sapindaceae,Nephelium lappaceum,,,15,,,48,,10,,1460,,900,,,,,equatorial,,a_revoir,true,,,,,,,,"Contrairement au letchi et au longane, qui exigent un hiver frais et sec (absent en Guyane) pour fleurir, le ramboutan est un vrai équatorial qui fructifie sans froid : c'est LE Sapindaceae à privilégier ici. Récolte pri"
INRAE-MESCLUN-0483,Rhubarbe,Polygonaceae,Rheum rhabarbarum,Plein champ,,9,9,18,,,,,,,,,,Plantation,false,oceanique,Nord-Ouest,source_documentee,true,INRAE — Pépinière-Mesclun v1.1 · DOI 10.57745/IQVM2I · cycle : Divers,https://entrepot.recherche.data.gouv.fr/dataset.xhtml?persistentId=doi:10.57745/IQVM2I,inrae-mesclun-v1.1-cycles-0483,1.1,Licence Ouverte / Open Licence Etalab 2.0,2026-07-29T00:00:00.000Z,[2026-07-29] Fenêtres importées sans réduction depuis Pépinière-Mesclun v1.1. Culture source : Rhubarbe.,"Implantation : Plant \n Récolte : Récolte de semaine 18 à 40, souvent en deux fois, mais seulement à partir de l'année 2 pendant 6 à 8 ans."
Ricin,Ricin,Euphorbiaceae,Ricinus communis,,10,14,,,22,,4,,84,1,100,150,,,,,,a_revoir,true,ITAB Guides Légumes Bio (T1+T2) ; semencemag.fr (SNHF) ; Semailles densités semis,,,,,2026-05-15T14:00:05.379Z,Plante toxique (ricine) — usage uniquement ornemental ou comme répulsif. NE PAS consommer ni laisser à portée d'enfants.,"Adapté climat France \n Source: ITAB, Standard Climat France (Valable 2026)"
INRAE-MESCLUN-0484,Roquette,Brassicaceae,Eruca sativa,Sous abri,,,9,9,16,17,2,,56,,,,,,false,oceanique,Nord-Ouest,source_documentee,true,INRAE — Pépinière-Mesclun v1.1 · DOI 10.57745/IQVM2I · cycle : FRAB Bretagne (Fiche),https://entrepot.recherche.data.gouv.fr/dataset.xhtml?persistentId=doi:10.57745/IQVM2I,inrae-mesclun-v1.1-cycles-0484,1.1,Licence Ouverte / Open Licence Etalab 2.0,2026-07-29T00:00:00.000Z,[2026-07-29] Fenêtres importées sans réduction depuis Pépinière-Mesclun v1.1. Culture source : Roquette.,
INRAE-MESCLUN-0485,Roquette,Brassicaceae,Eruca sativa,Sous abri,,,10,10,17,18,2,,56,,,,,,false,oceanique,Nord-Ouest,source_documentee,true,INRAE — Pépinière-Mesclun v1.1 · DOI 10.57745/IQVM2I · cycle : FRAB Bretagne (Fiche),https://entrepot.recherche.data.gouv.fr/dataset.xhtml?persistentId=doi:10.57745/IQVM2I,inrae-mesclun-v1.1-cycles-0485,1.1,Licence Ouverte / Open Licence Etalab 2.0,2026-07-29T00:00:00.000Z,[2026-07-29] Fenêtres importées sans réduction depuis Pépinière-Mesclun v1.1. Culture source : Roquette.,
INRAE-MESCLUN-0486,Roquette,Brassicaceae,Eruca sativa,Sous abri,,,11,11,18,19,2,,56,,,,,,false,oceanique,Nord-Ouest,source_documentee,true,INRAE — Pépinière-Mesclun v1.1 · DOI 10.57745/IQVM2I · cycle : FRAB Bretagne (Fiche),https://entrepot.recherche.data.gouv.fr/dataset.xhtml?persistentId=doi:10.57745/IQVM2I,inrae-mesclun-v1.1-cycles-0486,1.1,Licence Ouverte / Open Licence Etalab 2.0,2026-07-29T00:00:00.000Z,[2026-07-29] Fenêtres importées sans réduction depuis Pépinière-Mesclun v1.1. Culture source : Roquette.,
INRAE-MESCLUN-0487,Roquette,Brassicaceae,Eruca sativa,Sous abri,,,12,12,18,19,2,,49,,,,,,false,oceanique,Nord-Ouest,source_documentee,true,INRAE — Pépinière-Mesclun v1.1 · DOI 10.57745/IQVM2I · cycle : FRAB Bretagne (Fiche),https://entrepot.recherche.data.gouv.fr/dataset.xhtml?persistentId=doi:10.57745/IQVM2I,inrae-mesclun-v1.1-cycles-0487,1.1,Licence Ouverte / Open Licence Etalab 2.0,2026-07-29T00:00:00.000Z,[2026-07-29] Fenêtres importées sans réduction depuis Pépinière-Mesclun v1.1. Culture source : Roquette.,
INRAE-MESCLUN-0488,Roquette,Brassicaceae,Eruca sativa,Sous abri,,,13,13,19,20,2,,49,,,,,,false,oceanique,Nord-Ouest,source_documentee,true,INRAE — Pépinière-Mesclun v1.1 · DOI 10.57745/IQVM2I · cycle : FRAB Bretagne (Fiche),https://entrepot.recherche.data.gouv.fr/dataset.xhtml?persistentId=doi:10.57745/IQVM2I,inrae-mesclun-v1.1-cycles-0488,1.1,Licence Ouverte / Open Licence Etalab 2.0,2026-07-29T00:00:00.000Z,[2026-07-29] Fenêtres importées sans réduction depuis Pépinière-Mesclun v1.1. Culture source : Roquette.,
INRAE-MESCLUN-0489,Roquette,Brassicaceae,Eruca sativa,Plein champ,,,14,14,20,21,2,,49,,,,,,false,oceanique,Nord-Ouest,source_documentee,true,INRAE — Pépinière-Mesclun v1.1 · DOI 10.57745/IQVM2I · cycle : FRAB Bretagne (Fiche),https://entrepot.recherche.data.gouv.fr/dataset.xhtml?persistentId=doi:10.57745/IQVM2I,inrae-mesclun-v1.1-cycles-0489,1.1,Licence Ouverte / Open Licence Etalab 2.0,2026-07-29T00:00:00.000Z,[2026-07-29] Fenêtres importées sans réduction depuis Pépinière-Mesclun v1.1. Culture source : Roquette.,
INRAE-MESCLUN-0490,Roquette,Brassicaceae,Eruca sativa,Plein champ,,,15,15,21,22,2,,49,,,,,,false,oceanique,Nord-Ouest,source_documentee,true,INRAE — Pépinière-Mesclun v1.1 · DOI 10.57745/IQVM2I · cycle : FRAB Bretagne (Fiche),https://entrepot.recherche.data.gouv.fr/dataset.xhtml?persistentId=doi:10.57745/IQVM2I,inrae-mesclun-v1.1-cycles-0490,1.1,Licence Ouverte / Open Licence Etalab 2.0,2026-07-29T00:00:00.000Z,[2026-07-29] Fenêtres importées sans réduction depuis Pépinière-Mesclun v1.1. Culture source : Roquette.,
INRAE-MESCLUN-0491,Roquette,Brassicaceae,Eruca sativa,Plein champ,,,16,16,22,23,2,,49,,,,,,false,oceanique,Nord-Ouest,source_documentee,true,INRAE — Pépinière-Mesclun v1.1 · DOI 10.57745/IQVM2I · cycle : FRAB Bretagne (Fiche),https://entrepot.recherche.data.gouv.fr/dataset.xhtml?persistentId=doi:10.57745/IQVM2I,inrae-mesclun-v1.1-cycles-0491,1.1,Licence Ouverte / Open Licence Etalab 2.0,2026-07-29T00:00:00.000Z,[2026-07-29] Fenêtres importées sans réduction depuis Pépinière-Mesclun v1.1. Culture source : Roquette.,
INRAE-MESCLUN-0492,Roquette,Brassicaceae,Eruca sativa,Plein champ,,,17,17,23,24,2,,49,,,,,,false,oceanique,Nord-Ouest,source_documentee,true,INRAE — Pépinière-Mesclun v1.1 · DOI 10.57745/IQVM2I · cycle : FRAB Bretagne (Fiche),https://entrepot.recherche.data.gouv.fr/dataset.xhtml?persistentId=doi:10.57745/IQVM2I,inrae-mesclun-v1.1-cycles-0492,1.1,Licence Ouverte / Open Licence Etalab 2.0,2026-07-29T00:00:00.000Z,[2026-07-29] Fenêtres importées sans réduction depuis Pépinière-Mesclun v1.1. Culture source : Roquette.,
INRAE-MESCLUN-0493,Roquette,Brassicaceae,Eruca sativa,Plein champ,,,18,18,24,24,1,,42,,,,,,false,oceanique,Nord-Ouest,source_documentee,true,INRAE — Pépinière-Mesclun v1.1 · DOI 10.57745/IQVM2I · cycle : FRAB Bretagne (Fiche),https://entrepot.recherche.data.gouv.fr/dataset.xhtml?persistentId=doi:10.57745/IQVM2I,inrae-mesclun-v1.1-cycles-0493,1.1,Licence Ouverte / Open Licence Etalab 2.0,2026-07-29T00:00:00.000Z,[2026-07-29] Fenêtres importées sans réduction depuis Pépinière-Mesclun v1.1. Culture source : Roquette.,
INRAE-MESCLUN-0494,Roquette,Brassicaceae,Eruca sativa,Plein champ,,,19,19,25,25,1,,42,,,,,,false,oceanique,Nord-Ouest,source_documentee,true,INRAE — Pépinière-Mesclun v1.1 · DOI 10.57745/IQVM2I · cycle : FRAB Bretagne (Fiche),https://entrepot.recherche.data.gouv.fr/dataset.xhtml?persistentId=doi:10.57745/IQVM2I,inrae-mesclun-v1.1-cycles-0494,1.1,Licence Ouverte / Open Licence Etalab 2.0,2026-07-29T00:00:00.000Z,[2026-07-29] Fenêtres importées sans réduction depuis Pépinière-Mesclun v1.1. Culture source : Roquette.,
INRAE-MESCLUN-0495,Roquette,Brassicaceae,Eruca sativa,Plein champ,,,20,20,25,26,2,,42,,,,,,false,oceanique,Nord-Ouest,source_documentee,true,INRAE — Pépinière-Mesclun v1.1 · DOI 10.57745/IQVM2I · cycle : FRAB Bretagne (Fiche),https://entrepot.recherche.data.gouv.fr/dataset.xhtml?persistentId=doi:10.57745/IQVM2I,inrae-mesclun-v1.1-cycles-0495,1.1,Licence Ouverte / Open Licence Etalab 2.0,2026-07-29T00:00:00.000Z,[2026-07-29] Fenêtres importées sans réduction depuis Pépinière-Mesclun v1.1. Culture source : Roquette.,
INRAE-MESCLUN-0496,Roquette,Brassicaceae,Eruca sativa,Plein champ,,,21,21,26,27,2,,42,,,,,,false,oceanique,Nord-Ouest,source_documentee,true,INRAE — Pépinière-Mesclun v1.1 · DOI 10.57745/IQVM2I · cycle : FRAB Bretagne (Fiche),https://entrepot.recherche.data.gouv.fr/dataset.xhtml?persistentId=doi:10.57745/IQVM2I,inrae-mesclun-v1.1-cycles-0496,1.1,Licence Ouverte / Open Licence Etalab 2.0,2026-07-29T00:00:00.000Z,[2026-07-29] Fenêtres importées sans réduction depuis Pépinière-Mesclun v1.1. Culture source : Roquette.,
INRAE-MESCLUN-0497,Roquette,Brassicaceae,Eruca sativa,Plein champ,,,22,22,27,28,2,,42,,,,,,false,oceanique,Nord-Ouest,source_documentee,true,INRAE — Pépinière-Mesclun v1.1 · DOI 10.57745/IQVM2I · cycle : FRAB Bretagne (Fiche),https://entrepot.recherche.data.gouv.fr/dataset.xhtml?persistentId=doi:10.57745/IQVM2I,inrae-mesclun-v1.1-cycles-0497,1.1,Licence Ouverte / Open Licence Etalab 2.0,2026-07-29T00:00:00.000Z,[2026-07-29] Fenêtres importées sans réduction depuis Pépinière-Mesclun v1.1. Culture source : Roquette.,
INRAE-MESCLUN-0498,Roquette,Brassicaceae,Eruca sativa,Plein champ,,,23,23,29,29,1,,42,,,,,,false,oceanique,Nord-Ouest,source_documentee,true,INRAE — Pépinière-Mesclun v1.1 · DOI 10.57745/IQVM2I · cycle : FRAB Bretagne (Fiche),https://entrepot.recherche.data.gouv.fr/dataset.xhtml?persistentId=doi:10.57745/IQVM2I,inrae-mesclun-v1.1-cycles-0498,1.1,Licence Ouverte / Open Licence Etalab 2.0,2026-07-29T00:00:00.000Z,[2026-07-29] Fenêtres importées sans réduction depuis Pépinière-Mesclun v1.1. Culture source : Roquette.,
INRAE-MESCLUN-0499,Roquette,Brassicaceae,Eruca sativa,Plein champ,,,24,24,29,29,1,,35,,,,,,false,oceanique,Nord-Ouest,source_documentee,true,INRAE — Pépinière-Mesclun v1.1 · DOI 10.57745/IQVM2I · cycle : FRAB Bretagne (Fiche),https://entrepot.recherche.data.gouv.fr/dataset.xhtml?persistentId=doi:10.57745/IQVM2I,inrae-mesclun-v1.1-cycles-0499,1.1,Licence Ouverte / Open Licence Etalab 2.0,2026-07-29T00:00:00.000Z,[2026-07-29] Fenêtres importées sans réduction depuis Pépinière-Mesclun v1.1. Culture source : Roquette.,
INRAE-MESCLUN-0500,Roquette,Brassicaceae,Eruca sativa,Plein champ,,,25,25,30,30,1,,35,,,,,,false,oceanique,Nord-Ouest,source_documentee,true,INRAE — Pépinière-Mesclun v1.1 · DOI 10.57745/IQVM2I · cycle : FRAB Bretagne (Fiche),https://entrepot.recherche.data.gouv.fr/dataset.xhtml?persistentId=doi:10.57745/IQVM2I,inrae-mesclun-v1.1-cycles-0500,1.1,Licence Ouverte / Open Licence Etalab 2.0,2026-07-29T00:00:00.000Z,[2026-07-29] Fenêtres importées sans réduction depuis Pépinière-Mesclun v1.1. Culture source : Roquette.,
INRAE-MESCLUN-0501,Roquette,Brassicaceae,Eruca sativa,Plein champ,,,26,26,31,31,1,,35,,,,,,false,oceanique,Nord-Ouest,source_documentee,true,INRAE — Pépinière-Mesclun v1.1 · DOI 10.57745/IQVM2I · cycle : FRAB Bretagne (Fiche),https://entrepot.recherche.data.gouv.fr/dataset.xhtml?persistentId=doi:10.57745/IQVM2I,inrae-mesclun-v1.1-cycles-0501,1.1,Licence Ouverte / Open Licence Etalab 2.0,2026-07-29T00:00:00.000Z,[2026-07-29] Fenêtres importées sans réduction depuis Pépinière-Mesclun v1.1. Culture source : Roquette.,
INRAE-MESCLUN-0502,Roquette,Brassicaceae,Eruca sativa,Plein champ,,,27,27,31,32,2,,35,,,,,,false,oceanique,Nord-Ouest,source_documentee,true,INRAE — Pépinière-Mesclun v1.1 · DOI 10.57745/IQVM2I · cycle : FRAB Bretagne (Fiche),https://entrepot.recherche.data.gouv.fr/dataset.xhtml?persistentId=doi:10.57745/IQVM2I,inrae-mesclun-v1.1-cycles-0502,1.1,Licence Ouverte / Open Licence Etalab 2.0,2026-07-29T00:00:00.000Z,[2026-07-29] Fenêtres importées sans réduction depuis Pépinière-Mesclun v1.1. Culture source : Roquette.,
INRAE-MESCLUN-0503,Roquette,Brassicaceae,Eruca sativa,Plein champ,,,28,28,32,33,2,,35,,,,,,false,oceanique,Nord-Ouest,source_documentee,true,INRAE — Pépinière-Mesclun v1.1 · DOI 10.57745/IQVM2I · cycle : FRAB Bretagne (Fiche),https://entrepot.recherche.data.gouv.fr/dataset.xhtml?persistentId=doi:10.57745/IQVM2I,inrae-mesclun-v1.1-cycles-0503,1.1,Licence Ouverte / Open Licence Etalab 2.0,2026-07-29T00:00:00.000Z,[2026-07-29] Fenêtres importées sans réduction depuis Pépinière-Mesclun v1.1. Culture source : Roquette.,
INRAE-MESCLUN-0504,Roquette,Brassicaceae,Eruca sativa,Plein champ,,,29,29,33,34,2,,35,,,,,,false,oceanique,Nord-Ouest,source_documentee,true,INRAE — Pépinière-Mesclun v1.1 · DOI 10.57745/IQVM2I · cycle : FRAB Bretagne (Fiche),https://entrepot.recherche.data.gouv.fr/dataset.xhtml?persistentId=doi:10.57745/IQVM2I,inrae-mesclun-v1.1-cycles-0504,1.1,Licence Ouverte / Open Licence Etalab 2.0,2026-07-29T00:00:00.000Z,[2026-07-29] Fenêtres importées sans réduction depuis Pépinière-Mesclun v1.1. Culture source : Roquette.,
INRAE-MESCLUN-0505,Roquette,Brassicaceae,Eruca sativa,Plein champ,,,30,30,34,35,2,,35,,,,,,false,oceanique,Nord-Ouest,source_documentee,true,INRAE — Pépinière-Mesclun v1.1 · DOI 10.57745/IQVM2I · cycle : FRAB Bretagne (Fiche),https://entrepot.recherche.data.gouv.fr/dataset.xhtml?persistentId=doi:10.57745/IQVM2I,inrae-mesclun-v1.1-cycles-0505,1.1,Licence Ouverte / Open Licence Etalab 2.0,2026-07-29T00:00:00.000Z,[2026-07-29] Fenêtres importées sans réduction depuis Pépinière-Mesclun v1.1. Culture source : Roquette.,
INRAE-MESCLUN-0506,Roquette,Brassicaceae,Eruca sativa,Plein champ,,,31,31,35,36,2,,35,,,,,,false,oceanique,Nord-Ouest,source_documentee,true,INRAE — Pépinière-Mesclun v1.1 · DOI 10.57745/IQVM2I · cycle : FRAB Bretagne (Fiche),https://entrepot.recherche.data.gouv.fr/dataset.xhtml?persistentId=doi:10.57745/IQVM2I,inrae-mesclun-v1.1-cycles-0506,1.1,Licence Ouverte / Open Licence Etalab 2.0,2026-07-29T00:00:00.000Z,[2026-07-29] Fenêtres importées sans réduction depuis Pépinière-Mesclun v1.1. Culture source : Roquette.,
INRAE-MESCLUN-0507,Roquette,Brassicaceae,Eruca sativa,Plein champ,,,32,32,37,37,1,,35,,,,,,false,oceanique,Nord-Ouest,source_documentee,true,INRAE — Pépinière-Mesclun v1.1 · DOI 10.57745/IQVM2I · cycle : FRAB Bretagne (Fiche),https://entrepot.recherche.data.gouv.fr/dataset.xhtml?persistentId=doi:10.57745/IQVM2I,inrae-mesclun-v1.1-cycles-0507,1.1,Licence Ouverte / Open Licence Etalab 2.0,2026-07-29T00:00:00.000Z,[2026-07-29] Fenêtres importées sans réduction depuis Pépinière-Mesclun v1.1. Culture source : Roquette.,
INRAE-MESCLUN-0508,Roquette,Brassicaceae,Eruca sativa,Plein champ,,,33,33,38,38,1,,35,,,,,,false,oceanique,Nord-Ouest,source_documentee,true,INRAE — Pépinière-Mesclun v1.1 · DOI 10.57745/IQVM2I · cycle : FRAB Bretagne (Fiche),https://entrepot.recherche.data.gouv.fr/dataset.xhtml?persistentId=doi:10.57745/IQVM2I,inrae-mesclun-v1.1-cycles-0508,1.1,Licence Ouverte / Open Licence Etalab 2.0,2026-07-29T00:00:00.000Z,[2026-07-29] Fenêtres importées sans réduction depuis Pépinière-Mesclun v1.1. Culture source : Roquette.,
INRAE-MESCLUN-0509,Roquette,Brassicaceae,Eruca sativa,Plein champ,,,34,34,39,40,2,,42,,,,,,false,oceanique,Nord-Ouest,source_documentee,true,INRAE — Pépinière-Mesclun v1.1 · DOI 10.57745/IQVM2I · cycle : FRAB Bretagne (Fiche),https://entrepot.recherche.data.gouv.fr/dataset.xhtml?persistentId=doi:10.57745/IQVM2I,inrae-mesclun-v1.1-cycles-0509,1.1,Licence Ouverte / Open Licence Etalab 2.0,2026-07-29T00:00:00.000Z,[2026-07-29] Fenêtres importées sans réduction depuis Pépinière-Mesclun v1.1. Culture source : Roquette.,
INRAE-MESCLUN-0510,Roquette,Brassicaceae,Eruca sativa,Plein champ,,,35,35,40,41,2,,42,,,,,,false,oceanique,Nord-Ouest,source_documentee,true,INRAE — Pépinière-Mesclun v1.1 · DOI 10.57745/IQVM2I · cycle : FRAB Bretagne (Fiche),https://entrepot.recherche.data.gouv.fr/dataset.xhtml?persistentId=doi:10.57745/IQVM2I,inrae-mesclun-v1.1-cycles-0510,1.1,Licence Ouverte / Open Licence Etalab 2.0,2026-07-29T00:00:00.000Z,[2026-07-29] Fenêtres importées sans réduction depuis Pépinière-Mesclun v1.1. Culture source : Roquette.,
INRAE-MESCLUN-0511,Roquette,Brassicaceae,Eruca sativa,Plein champ,,,36,36,42,43,2,,49,,,,,,false,oceanique,Nord-Ouest,source_documentee,true,INRAE — Pépinière-Mesclun v1.1 · DOI 10.57745/IQVM2I · cycle : FRAB Bretagne (Fiche),https://entrepot.recherche.data.gouv.fr/dataset.xhtml?persistentId=doi:10.57745/IQVM2I,inrae-mesclun-v1.1-cycles-0511,1.1,Licence Ouverte / Open Licence Etalab 2.0,2026-07-29T00:00:00.000Z,[2026-07-29] Fenêtres importées sans réduction depuis Pépinière-Mesclun v1.1. Culture source : Roquette.,
INRAE-MESCLUN-0512,Roquette,Brassicaceae,Eruca sativa,Sous abri,,,37,37,43,44,2,,49,,,,,,false,oceanique,Nord-Ouest,source_documentee,true,INRAE — Pépinière-Mesclun v1.1 · DOI 10.57745/IQVM2I · cycle : FRAB Bretagne (Fiche),https://entrepot.recherche.data.gouv.fr/dataset.xhtml?persistentId=doi:10.57745/IQVM2I,inrae-mesclun-v1.1-cycles-0512,1.1,Licence Ouverte / Open Licence Etalab 2.0,2026-07-29T00:00:00.000Z,[2026-07-29] Fenêtres importées sans réduction depuis Pépinière-Mesclun v1.1. Culture source : Roquette.,
INRAE-MESCLUN-0513,Roquette,Brassicaceae,Eruca sativa,Sous abri,,,38,38,44,46,3,,49,,,,,,false,oceanique,Nord-Ouest,source_documentee,true,INRAE — Pépinière-Mesclun v1.1 · DOI 10.57745/IQVM2I · cycle : FRAB Bretagne (Fiche),https://entrepot.recherche.data.gouv.fr/dataset.xhtml?persistentId=doi:10.57745/IQVM2I,inrae-mesclun-v1.1-cycles-0513,1.1,Licence Ouverte / Open Licence Etalab 2.0,2026-07-29T00:00:00.000Z,[2026-07-29] Fenêtres importées sans réduction depuis Pépinière-Mesclun v1.1. Culture source : Roquette.,
INRAE-MESCLUN-0514,Roquette,Brassicaceae,Eruca sativa,Sous abri,,,40,40,45,47,3,,42,,,,,,false,oceanique,Nord-Ouest,source_documentee,true,INRAE — Pépinière-Mesclun v1.1 · DOI 10.57745/IQVM2I · cycle : FRAB Bretagne (Fiche),https://entrepot.recherche.data.gouv.fr/dataset.xhtml?persistentId=doi:10.57745/IQVM2I,inrae-mesclun-v1.1-cycles-0514,1.1,Licence Ouverte / Open Licence Etalab 2.0,2026-07-29T00:00:00.000Z,[2026-07-29] Fenêtres importées sans réduction depuis Pépinière-Mesclun v1.1. Culture source : Roquette.,
Roquette,Roquette,Brassicaceae,Eruca sativa,Plein champ,10,,,,22,,4,,84,3,14,21,2,,,,,a_revoir,true,ITAB Guides Légumes Bio (T1+T2) ; semencemag.fr (SNHF) ; Semailles densités semis,,,,,2026-05-15T14:00:05.379Z,Semis échelonné toutes les 2 semaines pour étaler la récolte. Sol frais et drainé.,"Adapté climat France \n Source: ITAB, Standard Climat France (Valable 2026)"
INRAE-MESCLUN-0515,Rutabaga,Brassicaceae,Brassica napus var. napobrassica,Plein champ,24,,24,27,42,52,11,,147,,,,,Semis,false,oceanique,Nord-Ouest,source_documentee,true,INRAE — Pépinière-Mesclun v1.1 · DOI 10.57745/IQVM2I · cycle : FRAB Bretagne,https://entrepot.recherche.data.gouv.fr/dataset.xhtml?persistentId=doi:10.57745/IQVM2I,inrae-mesclun-v1.1-cycles-0515,1.1,Licence Ouverte / Open Licence Etalab 2.0,2026-07-29T00:00:00.000Z,[2026-07-29] Fenêtres importées sans réduction depuis Pépinière-Mesclun v1.1. Culture source : Rutabaga — Choux rutabaga.,
INRAE-MESCLUN-0516,Salsifis,Asteraceae,,Plein champ,9,,9,22,40,14,27,,259,,,,,Semis,false,oceanique,Nord-Ouest,source_documentee,true,INRAE — Pépinière-Mesclun v1.1 · DOI 10.57745/IQVM2I · cycle : Ferme Sainte Marthe,https://entrepot.recherche.data.gouv.fr/dataset.xhtml?persistentId=doi:10.57745/IQVM2I,inrae-mesclun-v1.1-cycles-0516,1.1,Licence Ouverte / Open Licence Etalab 2.0,2026-07-29T00:00:00.000Z,[2026-07-29] Fenêtres importées sans réduction depuis Pépinière-Mesclun v1.1. Culture source : Salsifis.,
Salsifis,Salsifis,Asteraceae,,Plein champ,12,,,,24,,4,,84,2,22,33,5,,,,,a_revoir,true,ITAB Guides Légumes Bio (T1+T2) ; semencemag.fr (SNHF) ; Semailles densités semis,,,,,2026-05-15T14:00:05.379Z,Semis direct uniquement (la racine pivot ne supporte pas le repiquage). Éclaircir à 5 cm sur le rang à 4 vraies feuilles.,"Adapté climat France \n Source: ITAB, Standard Climat France (Valable 2026)"
Sarriette,Sarriette,Lamiaceae,Satureja hortensis,Sous abri,12,16,,,24,,4,28,84,2,31,46,,,,,,a_revoir,true,ITAB Guides Légumes Bio (T1+T2) ; semencemag.fr (SNHF) ; Semailles densités semis,,,,,2026-05-15T14:00:05.379Z,"Aromatique semis direct ou godet. Sol drainé, exposition ensoleillée. Récolte échelonnée des feuilles fraîches.","Adapté climat France \n Source: ITAB, Standard Climat France (Valable 2026)"
INRAE-MESCLUN-0517,Scorsonère,Asteraceae,Scorzonera hispanica,Plein champ,9,,9,18,40,48,9,,210,,,,,Semis,false,oceanique,Nord-Ouest,source_documentee,true,INRAE — Pépinière-Mesclun v1.1 · DOI 10.57745/IQVM2I · cycle : Ferme Sainte Marthe,https://entrepot.recherche.data.gouv.fr/dataset.xhtml?persistentId=doi:10.57745/IQVM2I,inrae-mesclun-v1.1-cycles-0517,1.1,Licence Ouverte / Open Licence Etalab 2.0,2026-07-29T00:00:00.000Z,[2026-07-29] Fenêtres importées sans réduction depuis Pépinière-Mesclun v1.1. Culture source : Scorsonère.,
Souci-automne,Souci,Asteraceae,Calendula officinalis,,36,,,,48,,4,,84,2,31,46,,,,,,a_revoir,true,ITAB Guides Légumes Bio (T1+T2) ; semencemag.fr (SNHF) ; Semailles densités semis,,,,,2026-05-15T14:00:05.379Z,"Fleur compagne — semis direct ou godet selon espèce. Attire les pollinisateurs, fait office de plante-piège pour les pucerons.","Adapté climat France \n Source: ITAB, Standard Climat France (Valable 2026)"
Souci-printemps,Souci,Asteraceae,Calendula officinalis,,9,,,,21,,4,,84,2,31,46,,,,,,a_revoir,true,ITAB Guides Légumes Bio (T1+T2) ; semencemag.fr (SNHF) ; Semailles densités semis,,,,,2026-05-15T14:00:05.379Z,"Fleur compagne — semis direct ou godet selon espèce. Attire les pollinisateurs, fait office de plante-piège pour les pucerons.","Adapté climat France \n Source: ITAB, Standard Climat France (Valable 2026)"
Tagetes,Tagètes,Asteraceae,Tagetes spp.,,14,,,,26,,4,,84,2,30,45,,,,,,a_revoir,true,ITAB Guides Légumes Bio (T1+T2) ; semencemag.fr (SNHF) ; Semailles densités semis,,,,,2026-05-15T14:00:05.379Z,"Fleur compagne — semis direct ou godet selon espèce. Attire les pollinisateurs, fait office de plante-piège pour les pucerons.","Adapté climat France \n Source: ITAB, Standard Climat France (Valable 2026)"
Tamarinier — antilles,Tamarinier,Fabaceae,Tamarindus indica,,,25,,,8,,10,,1460,,1100,,,,,tropical_antilles,,a_revoir,true,,,,,,,,"Arbre rustique très tolérant à la sécheresse, adapté aux zones sèches sous le vent (Grande-Terre, sud Martinique). Récolte des gousses mûres en plein carême (février-avril, S6-17). Croissance lente. Plantation début hive"
INRAE-MESCLUN-0518,Tomate,Solanaceae,Solanum lycopersicum,Sous abri,,14,14,16,27,40,14,,133,,,,,Plantation,false,oceanique,Nord-Ouest,source_documentee,true,INRAE — Pépinière-Mesclun v1.1 · DOI 10.57745/IQVM2I · cycle : FRAB Bretagne,https://entrepot.recherche.data.gouv.fr/dataset.xhtml?persistentId=doi:10.57745/IQVM2I,inrae-mesclun-v1.1-cycles-0518,1.1,Licence Ouverte / Open Licence Etalab 2.0,2026-07-29T00:00:00.000Z,[2026-07-29] Fenêtres importées sans réduction depuis Pépinière-Mesclun v1.1. Culture source : Tomate ancienne — Tomate abris.,
INRAE-MESCLUN-0519,Tomate,Solanaceae,Solanum lycopersicum,Sous abri,,18,18,20,29,42,14,,119,,,,,Plantation,false,oceanique,Nord-Ouest,source_documentee,true,INRAE — Pépinière-Mesclun v1.1 · DOI 10.57745/IQVM2I · cycle : FRAB Bretagne,https://entrepot.recherche.data.gouv.fr/dataset.xhtml?persistentId=doi:10.57745/IQVM2I,inrae-mesclun-v1.1-cycles-0519,1.1,Licence Ouverte / Open Licence Etalab 2.0,2026-07-29T00:00:00.000Z,[2026-07-29] Fenêtres importées sans réduction depuis Pépinière-Mesclun v1.1. Culture source : Tomate ancienne — Tomate abris.,
INRAE-MESCLUN-0520,Tomate,Solanaceae,Solanum lycopersicum,Sous abri,,22,22,24,35,44,10,,119,,,,,Plantation,false,oceanique,Nord-Ouest,source_documentee,true,INRAE — Pépinière-Mesclun v1.1 · DOI 10.57745/IQVM2I · cycle : FRAB Bretagne,https://entrepot.recherche.data.gouv.fr/dataset.xhtml?persistentId=doi:10.57745/IQVM2I,inrae-mesclun-v1.1-cycles-0520,1.1,Licence Ouverte / Open Licence Etalab 2.0,2026-07-29T00:00:00.000Z,[2026-07-29] Fenêtres importées sans réduction depuis Pépinière-Mesclun v1.1. Culture source : Tomate ancienne — Tomate abris.,
INRAE-MESCLUN-0521,Tomate,Solanaceae,Solanum lycopersicum,Sous abri,,11,11,14,24,37,14,,126,,,,,Plantation,true,oceanique,Nord-Ouest,source_documentee,true,INRAE — Pépinière-Mesclun v1.1 · DOI 10.57745/IQVM2I · cycle : FRAB Bretagne,https://entrepot.recherche.data.gouv.fr/dataset.xhtml?persistentId=doi:10.57745/IQVM2I,inrae-mesclun-v1.1-cycles-0521,1.1,Licence Ouverte / Open Licence Etalab 2.0,2026-07-29T00:00:00.000Z,[2026-07-29] Fenêtres importées sans réduction depuis Pépinière-Mesclun v1.1. Culture source : Tomate ancienne — Tomate abris.,
INRAE-MESCLUN-0522,Tomate,Solanaceae,Solanum lycopersicum,Sous abri,,14,14,16,27,40,14,,133,,,,,Plantation,false,oceanique,Nord-Ouest,source_documentee,true,INRAE — Pépinière-Mesclun v1.1 · DOI 10.57745/IQVM2I · cycle : FRAB Bretagne,https://entrepot.recherche.data.gouv.fr/dataset.xhtml?persistentId=doi:10.57745/IQVM2I,inrae-mesclun-v1.1-cycles-0522,1.1,Licence Ouverte / Open Licence Etalab 2.0,2026-07-29T00:00:00.000Z,[2026-07-29] Fenêtres importées sans réduction depuis Pépinière-Mesclun v1.1. Culture source : Tomate cerise — Tomate abris.,
INRAE-MESCLUN-0523,Tomate,Solanaceae,Solanum lycopersicum,Sous abri,,18,18,20,29,42,14,,119,,,,,Plantation,false,oceanique,Nord-Ouest,source_documentee,true,INRAE — Pépinière-Mesclun v1.1 · DOI 10.57745/IQVM2I · cycle : FRAB Bretagne,https://entrepot.recherche.data.gouv.fr/dataset.xhtml?persistentId=doi:10.57745/IQVM2I,inrae-mesclun-v1.1-cycles-0523,1.1,Licence Ouverte / Open Licence Etalab 2.0,2026-07-29T00:00:00.000Z,[2026-07-29] Fenêtres importées sans réduction depuis Pépinière-Mesclun v1.1. Culture source : Tomate cerise — Tomate abris.,
INRAE-MESCLUN-0524,Tomate,Solanaceae,Solanum lycopersicum,Sous abri,,22,22,24,35,44,10,,119,,,,,Plantation,false,oceanique,Nord-Ouest,source_documentee,true,INRAE — Pépinière-Mesclun v1.1 · DOI 10.57745/IQVM2I · cycle : FRAB Bretagne,https://entrepot.recherche.data.gouv.fr/dataset.xhtml?persistentId=doi:10.57745/IQVM2I,inrae-mesclun-v1.1-cycles-0524,1.1,Licence Ouverte / Open Licence Etalab 2.0,2026-07-29T00:00:00.000Z,[2026-07-29] Fenêtres importées sans réduction depuis Pépinière-Mesclun v1.1. Culture source : Tomate cerise — Tomate abris.,
INRAE-MESCLUN-0525,Tomate,Solanaceae,Solanum lycopersicum,Sous abri,,11,11,14,24,37,14,,126,,,,,Plantation,true,oceanique,Nord-Ouest,source_documentee,true,INRAE — Pépinière-Mesclun v1.1 · DOI 10.57745/IQVM2I · cycle : FRAB Bretagne,https://entrepot.recherche.data.gouv.fr/dataset.xhtml?persistentId=doi:10.57745/IQVM2I,inrae-mesclun-v1.1-cycles-0525,1.1,Licence Ouverte / Open Licence Etalab 2.0,2026-07-29T00:00:00.000Z,[2026-07-29] Fenêtres importées sans réduction depuis Pépinière-Mesclun v1.1. Culture source : Tomate cerise — Tomate abris.,
INRAE-MESCLUN-0526,Tomate,Solanaceae,Solanum lycopersicum,Sous abri,,14,14,16,27,40,14,,133,,,,,Plantation,false,oceanique,Nord-Ouest,source_documentee,true,INRAE — Pépinière-Mesclun v1.1 · DOI 10.57745/IQVM2I · cycle : FRAB Bretagne,https://entrepot.recherche.data.gouv.fr/dataset.xhtml?persistentId=doi:10.57745/IQVM2I,inrae-mesclun-v1.1-cycles-0526,1.1,Licence Ouverte / Open Licence Etalab 2.0,2026-07-29T00:00:00.000Z,[2026-07-29] Fenêtres importées sans réduction depuis Pépinière-Mesclun v1.1. Culture source : Tomate classique — Tomate abris.,
INRAE-MESCLUN-0527,Tomate,Solanaceae,Solanum lycopersicum,Sous abri,,18,18,20,29,42,14,,119,,,,,Plantation,false,oceanique,Nord-Ouest,source_documentee,true,INRAE — Pépinière-Mesclun v1.1 · DOI 10.57745/IQVM2I · cycle : FRAB Bretagne,https://entrepot.recherche.data.gouv.fr/dataset.xhtml?persistentId=doi:10.57745/IQVM2I,inrae-mesclun-v1.1-cycles-0527,1.1,Licence Ouverte / Open Licence Etalab 2.0,2026-07-29T00:00:00.000Z,[2026-07-29] Fenêtres importées sans réduction depuis Pépinière-Mesclun v1.1. Culture source : Tomate classique — Tomate abris.,
INRAE-MESCLUN-0528,Tomate,Solanaceae,Solanum lycopersicum,Sous abri,,22,22,24,35,44,10,,119,,,,,Plantation,false,oceanique,Nord-Ouest,source_documentee,true,INRAE — Pépinière-Mesclun v1.1 · DOI 10.57745/IQVM2I · cycle : FRAB Bretagne,https://entrepot.recherche.data.gouv.fr/dataset.xhtml?persistentId=doi:10.57745/IQVM2I,inrae-mesclun-v1.1-cycles-0528,1.1,Licence Ouverte / Open Licence Etalab 2.0,2026-07-29T00:00:00.000Z,[2026-07-29] Fenêtres importées sans réduction depuis Pépinière-Mesclun v1.1. Culture source : Tomate classique — Tomate abris.,
INRAE-MESCLUN-0529,Tomate,Solanaceae,Solanum lycopersicum,Sous abri,,11,11,14,24,37,14,,126,,,,,Plantation,true,oceanique,Nord-Ouest,source_documentee,true,INRAE — Pépinière-Mesclun v1.1 · DOI 10.57745/IQVM2I · cycle : FRAB Bretagne,https://entrepot.recherche.data.gouv.fr/dataset.xhtml?persistentId=doi:10.57745/IQVM2I,inrae-mesclun-v1.1-cycles-0529,1.1,Licence Ouverte / Open Licence Etalab 2.0,2026-07-29T00:00:00.000Z,[2026-07-29] Fenêtres importées sans réduction depuis Pépinière-Mesclun v1.1. Culture source : Tomate classique — Tomate abris.,
Tomate-automne-tardive,Tomate,Solanaceae,Solanum lycopersicum,Plein champ,16,22,,,38,,4,,112,1,63,94,,,,,,a_revoir,true,ITAB Guides Légumes Bio (T1+T2) ; semencemag.fr (SNHF) ; Semailles densités semis,,,,,2026-05-15T14:00:05.379Z,"Plant repiqué après dernières gelées (10-15 mai en climat tempéré). Tuteur ou ficelle requis, suppression des gourmands.","Adapté climat France \n Source: ITAB, Standard Climat France (Valable 2026)"
Tomate-printemps,Tomate,Solanaceae,Solanum lycopersicum,Plein champ,10,20,,,30,,4,,70,1,63,94,,,,,,a_revoir,true,ITAB Guides Légumes Bio (T1+T2) ; semencemag.fr (SNHF) ; Semailles densités semis,,,,,2026-05-15T14:00:05.379Z,"Plant repiqué après dernières gelées (10-15 mai en climat tempéré). Tuteur ou ficelle requis, suppression des gourmands.","Adapté climat France \n Source: ITAB, Standard Climat France (Valable 2026)"
Tomate-printemps-hative,Tomate,Solanaceae,Solanum lycopersicum,Plein champ,8,18,,,28,,4,,70,1,63,94,,,,,,a_revoir,true,ITAB Guides Légumes Bio (T1+T2) ; semencemag.fr (SNHF) ; Semailles densités semis,,,,,2026-05-15T14:00:05.379Z,"Plant repiqué après dernières gelées (10-15 mai en climat tempéré). Tuteur ou ficelle requis, suppression des gourmands.","Adapté climat France \n Source: ITAB, Standard Climat France (Valable 2026)"
Tomate-printemps-hative-serre,Tomate,Solanaceae,Solanum lycopersicum,Sous abri,7,11,,,27,,4,28,140,1,63,94,,,,,,a_revoir,true,ITAB Guides Légumes Bio (T1+T2) ; semencemag.fr (SNHF) ; Semailles densités semis,,,,,2026-05-15T14:00:05.379Z,"Plant repiqué après dernières gelées (10-15 mai en climat tempéré). Tuteur ou ficelle requis, suppression des gourmands.","Adapté climat France \n Source: ITAB, Standard Climat France (Valable 2026)"
INRAE-MESCLUN-0530,Topinambour,Asteraceae,,Plein champ,,7,7,18,42,14,25,,287,,,,,Plantation,false,oceanique,Nord-Ouest,source_documentee,true,INRAE — Pépinière-Mesclun v1.1 · DOI 10.57745/IQVM2I · cycle : Ferme Sainte Marthe,https://entrepot.recherche.data.gouv.fr/dataset.xhtml?persistentId=doi:10.57745/IQVM2I,inrae-mesclun-v1.1-cycles-0530,1.1,Licence Ouverte / Open Licence Etalab 2.0,2026-07-29T00:00:00.000Z,[2026-07-29] Fenêtres importées sans réduction depuis Pépinière-Mesclun v1.1. Culture source : Topinambour.,Implantation : Tubercule \n Récolte : Peut être pérenne si on laisse reproduction se faire
Topinambour,Topinambour,Asteraceae,,Plein champ,12,16,,,24,,4,,84,1,50,75,50,,,,,a_revoir,true,ITAB Guides Légumes Bio (T1+T2) ; semencemag.fr (SNHF) ; Semailles densités semis,,,,,2026-05-15T14:00:05.379Z,"Plantation des tubercules à 10 cm de profondeur, en lignes espacées de 70 cm. Buttage à 30 cm de hauteur.","Adapté climat France \n Source: ITAB, Standard Climat France (Valable 2026)"
Tournesol,Tournesol,Asteraceae,Helianthus annuus,,19,,,,31,,4,,84,2,40,60,,,,,,a_revoir,true,ITAB Guides Légumes Bio (T1+T2) ; semencemag.fr (SNHF) ; Semailles densités semis,,,,,2026-05-15T14:00:05.379Z,Semis direct en lignes espacées 70-80 cm. Plante exigeante en eau et azote — bon précédent pour Brassicacées.,"Adapté climat France \n Source: ITAB, Standard Climat France (Valable 2026)"
Vanille — austral,Vanille,Orchidaceae,Vanilla planifolia,,,40,,,26,,8,,1095,,150,,,,,tropical_austral,,a_revoir,true,,,,,,,,"Rendement en gousses vertes par liane. Bouturage au retour des pluies (oct.-nov.), floraison au printemps austral (sept.-nov.) à polliniser à la main, gousses vertes récoltées ~8-9 mois plus tard en hiver austral (juin-a"
Echalote,Échalote,Alliaceae,Allium cepa Aggregatum,,12,16,,,24,,4,,84,2,22,33,50,,,,,a_revoir,true,ITAB Guides Légumes Bio (T1+T2) ; semencemag.fr (SNHF) ; Semailles densités semis,,,,,2026-05-15T14:00:05.379Z,"Caïeux en automne (pour la sortie d'été) ou au printemps (récolte décalée). Sol drainé, éviter excès d'eau.","Adapté climat France \n Source: ITAB, Standard Climat France (Valable 2026)"
INRAE-MESCLUN-0140,Échalote,Alliaceae,Allium cepa Aggregatum,Plein champ,,5,5,11,22,31,10,,133,,,,,Plantation,false,oceanique,Nord-Ouest,source_documentee,true,INRAE — Pépinière-Mesclun v1.1 · DOI 10.57745/IQVM2I · cycle : FRAB Bretagne,https://entrepot.recherche.data.gouv.fr/dataset.xhtml?persistentId=doi:10.57745/IQVM2I,inrae-mesclun-v1.1-cycles-0140,1.1,Licence Ouverte / Open Licence Etalab 2.0,2026-07-29T00:00:00.000Z,[2026-07-29] Fenêtres importées sans réduction depuis Pépinière-Mesclun v1.1. Culture source : Echalote — Echalote.,
INRAE-MESCLUN-0144,Épinard,Amaranthaceae,Spinacia oleracea,Sous abri,,1,1,3,11,20,10,,98,,,,,Plantation,false,oceanique,Nord-Ouest,source_documentee,true,INRAE — Pépinière-Mesclun v1.1 · DOI 10.57745/IQVM2I · cycle : FRAB Bretagne,https://entrepot.recherche.data.gouv.fr/dataset.xhtml?persistentId=doi:10.57745/IQVM2I,inrae-mesclun-v1.1-cycles-0144,1.1,Licence Ouverte / Open Licence Etalab 2.0,2026-07-29T00:00:00.000Z,[2026-07-29] Fenêtres importées sans réduction depuis Pépinière-Mesclun v1.1. Culture source : Epinard — Epinard.,
INRAE-MESCLUN-0145,Épinard,Amaranthaceae,Spinacia oleracea,Sous abri,,5,5,7,14,22,9,,84,,,,,Plantation,false,oceanique,Nord-Ouest,source_documentee,true,INRAE — Pépinière-Mesclun v1.1 · DOI 10.57745/IQVM2I · cycle : FRAB Bretagne,https://entrepot.recherche.data.gouv.fr/dataset.xhtml?persistentId=doi:10.57745/IQVM2I,inrae-mesclun-v1.1-cycles-0145,1.1,Licence Ouverte / Open Licence Etalab 2.0,2026-07-29T00:00:00.000Z,[2026-07-29] Fenêtres importées sans réduction depuis Pépinière-Mesclun v1.1. Culture source : Epinard — Epinard.,
INRAE-MESCLUN-0146,Épinard,Amaranthaceae,Spinacia oleracea,Sous abri,,35,35,37,42,5,16,,98,,,,,Plantation,false,oceanique,Nord-Ouest,source_documentee,true,INRAE — Pépinière-Mesclun v1.1 · DOI 10.57745/IQVM2I · cycle : FRAB Bretagne,https://entrepot.recherche.data.gouv.fr/dataset.xhtml?persistentId=doi:10.57745/IQVM2I,inrae-mesclun-v1.1-cycles-0146,1.1,Licence Ouverte / Open Licence Etalab 2.0,2026-07-29T00:00:00.000Z,[2026-07-29] Fenêtres importées sans réduction depuis Pépinière-Mesclun v1.1. Culture source : Epinard — Epinard.,
INRAE-MESCLUN-0147,Épinard,Amaranthaceae,Spinacia oleracea,Sous abri,,35,35,37,42,9,20,,112,,,,,Plantation,false,oceanique,Nord-Ouest,source_documentee,true,INRAE — Pépinière-Mesclun v1.1 · DOI 10.57745/IQVM2I · cycle : FRAB Bretagne,https://entrepot.recherche.data.gouv.fr/dataset.xhtml?persistentId=doi:10.57745/IQVM2I,inrae-mesclun-v1.1-cycles-0147,1.1,Licence Ouverte / Open Licence Etalab 2.0,2026-07-29T00:00:00.000Z,[2026-07-29] Fenêtres importées sans réduction depuis Pépinière-Mesclun v1.1. Culture source : Epinard — Epinard.,
INRAE-MESCLUN-0148,Épinard,Amaranthaceae,Spinacia oleracea,Sous abri,,40,40,42,48,14,19,,112,,,,,Plantation,false,oceanique,Nord-Ouest,source_documentee,true,INRAE — Pépinière-Mesclun v1.1 · DOI 10.57745/IQVM2I · cycle : FRAB Bretagne,https://entrepot.recherche.data.gouv.fr/dataset.xhtml?persistentId=doi:10.57745/IQVM2I,inrae-mesclun-v1.1-cycles-0148,1.1,Licence Ouverte / Open Licence Etalab 2.0,2026-07-29T00:00:00.000Z,[2026-07-29] Fenêtres importées sans réduction depuis Pépinière-Mesclun v1.1. Culture source : Epinard — Epinard.,
INRAE-MESCLUN-0149,Épinard,Amaranthaceae,Spinacia oleracea,Sous abri,,40,40,42,50,14,17,,119,,,,,Plantation,false,oceanique,Nord-Ouest,source_documentee,true,INRAE — Pépinière-Mesclun v1.1 · DOI 10.57745/IQVM2I · cycle : FRAB Bretagne,https://entrepot.recherche.data.gouv.fr/dataset.xhtml?persistentId=doi:10.57745/IQVM2I,inrae-mesclun-v1.1-cycles-0149,1.1,Licence Ouverte / Open Licence Etalab 2.0,2026-07-29T00:00:00.000Z,[2026-07-29] Fenêtres importées sans réduction depuis Pépinière-Mesclun v1.1. Culture source : Epinard — Epinard.,Récolte : Plusieurs récoltes sur le cycle: 50-5; 9-14
INRAE-MESCLUN-0150,Épinard,Amaranthaceae,Spinacia oleracea,Plein champ,,11,11,14,20,24,5,,63,,,,,Plantation,false,oceanique,Nord-Ouest,source_documentee,true,INRAE — Pépinière-Mesclun v1.1 · DOI 10.57745/IQVM2I · cycle : FRAB Bretagne,https://entrepot.recherche.data.gouv.fr/dataset.xhtml?persistentId=doi:10.57745/IQVM2I,inrae-mesclun-v1.1-cycles-0150,1.1,Licence Ouverte / Open Licence Etalab 2.0,2026-07-29T00:00:00.000Z,[2026-07-29] Fenêtres importées sans réduction depuis Pépinière-Mesclun v1.1. Culture source : Epinard — Epinard.,
INRAE-MESCLUN-0151,Épinard,Amaranthaceae,Spinacia oleracea,Plein champ,,16,16,18,22,27,6,,56,,,,,Plantation,false,oceanique,Nord-Ouest,source_documentee,true,INRAE — Pépinière-Mesclun v1.1 · DOI 10.57745/IQVM2I · cycle : FRAB Bretagne,https://entrepot.recherche.data.gouv.fr/dataset.xhtml?persistentId=doi:10.57745/IQVM2I,inrae-mesclun-v1.1-cycles-0151,1.1,Licence Ouverte / Open Licence Etalab 2.0,2026-07-29T00:00:00.000Z,[2026-07-29] Fenêtres importées sans réduction depuis Pépinière-Mesclun v1.1. Culture source : Epinard — Epinard.,
INRAE-MESCLUN-0152,Épinard,Amaranthaceae,Spinacia oleracea,Plein champ,,33,33,35,40,50,11,,77,,,,,Plantation,false,oceanique,Nord-Ouest,source_documentee,true,INRAE — Pépinière-Mesclun v1.1 · DOI 10.57745/IQVM2I · cycle : FRAB Bretagne,https://entrepot.recherche.data.gouv.fr/dataset.xhtml?persistentId=doi:10.57745/IQVM2I,inrae-mesclun-v1.1-cycles-0152,1.1,Licence Ouverte / Open Licence Etalab 2.0,2026-07-29T00:00:00.000Z,[2026-07-29] Fenêtres importées sans réduction depuis Pépinière-Mesclun v1.1. Culture source : Epinard — Epinard.,
Épinard-automne,Épinard,Amaranthaceae,Spinacia oleracea,Plein champ,33,,,,41,,4,,56,3,15,22,30,,,,,a_revoir,true,ITAB Guides Légumes Bio (T1+T2) ; semencemag.fr (SNHF) ; Semailles densités semis,,,,,2026-05-15T14:00:05.379Z,Semis échelonné toutes les 2 semaines pour étaler la récolte. Sol frais et drainé.,"Adapté climat France \n Source: ITAB, Standard Climat France (Valable 2026)"
Épinard-printemps,Épinard,Amaranthaceae,Spinacia oleracea,Plein champ,7,,,,15,,4,,56,3,15,22,30,,,,,a_revoir,true,ITAB Guides Légumes Bio (T1+T2) ; semencemag.fr (SNHF) ; Semailles densités semis,,,,,2026-05-15T14:00:05.379Z,Semis échelonné toutes les 2 semaines pour étaler la récolte. Sol frais et drainé.,"Adapté climat France \n Source: ITAB, Standard Climat France (Valable 2026)"
Épinard-été,Épinard,Amaranthaceae,Spinacia oleracea,Plein champ,14,,,,22,,4,,56,3,15,22,30,,,,,a_revoir,true,ITAB Guides Légumes Bio (T1+T2) ; semencemag.fr (SNHF) ; Semailles densités semis,,,,,2026-05-15T14:00:05.379Z,Semis échelonné toutes les 2 semaines pour étaler la récolte. Sol frais et drainé.,"Adapté climat France \n Source: ITAB, Standard Climat France (Valable 2026)"
Épinard pays (amarante) — equatorial,Épinard pays (amarante),Amaranthaceae,Amaranthus dubius,,4,4,,,10,,6,,40,,25,,,,,equatorial,,a_revoir,true,,,,,,,,"Semis échelonnés possibles toute l'année ; en pleine saison des pluies, préférer des planches surélevées pour éviter la fonte des semis. Croissance très rapide sous la chaleur équatoriale. Surveiller les chenilles défoli"
